id,ID_COSMOS,redshift,chimera_QSO_weight,resample_weight,log_stellar_mass_truth,MASS_MED_GAL,u_sdss,u_sdss_err,r_sdss,r_sdss_err,i_sdss,i_sdss_err,z_sdss,z_sdss_err,J_2mass,J_2mass_err,H_2mass,H_2mass_err,Ks_2mass,Ks_2mass_err,spitzer.irac.I1,spitzer.irac.I1_err,spitzer.irac.I2,spitzer.irac.I2_err,NUMBER,ALPHA_J2000,DELTA_J2000,zcosmos_row,sky_sep_arcsec,zcosmos_file,zcosmos_original_file,zcosmos_object_id,zcosmos_alpha,zcosmos_delta,zcosmos_snr,zcosmos_reference,zcosmos_redshift,delta_redshift_chimera_minus_zcosmos
142834.06+213014.2_398131_0.003,398131,0.2791999876499176,0.003,1.0,8.81236,8.81236,0.0016866198275238276,3.497612487990409e-05,0.003447210416197777,6.46812331979163e-05,0.004073427524417639,5.925323785049841e-05,0.005475511774420738,7.619220559718087e-05,0.005734877660870552,0.00018523080507293344,0.006229211576282978,0.0006653081509284675,0.007002019789069891,0.0008629470248706639,0.0064463065937161446,0.00010337702406104654,0.0075669544748961926,0.00015054801770020276,398131,150.1213387537601,1.8964355246493867,10877,0.003206810588104727,ADP.2015-10-15T12_54_26.213.fits,zCOSMOS_BRIGHT_DR3_000812019_ZCMRa43_M2_Q1_10_1.fits,812019,150.121338,1.896436,1.379436898902328,2009ApJS..184..218L,,
074618.94+194900.6_281189_0.001,281189,0.260699987411499,0.001,158.0,8.41671,8.41671,0.0014840142102912068,4.680100391851738e-05,0.003640827490016818,7.248933252412826e-05,0.003967194817960262,7.086265395628288e-05,0.004500580485910177,8.245332719525322e-05,0.004825545474886894,0.000146991471410729,,,0.0051665036007761955,0.00110184820368886,0.0035393473226577044,0.0001039304697769694,0.003624395001679659,0.0001251287030754611,281189,149.68456909452638,1.711887960608886,12587,0.004751345723217184,ADP.2015-10-15T12_55_43.457.fits,zCOSMOS_BRIGHT_DR3_000807573_ZCMRa21_M2_Q4_1_2.fits,807573,149.68457,1.711887,1.984433953272068,2009ApJS..184..218L,,
030210.95-075209.4_868701_0.0003,868701,0.7389000058174133,0.0003,34.0,9.75202,9.75202,0.0011351010762155056,3.082597686443478e-05,0.0024628948885947466,5.909146057092585e-05,0.004590149968862534,6.868056516395882e-05,0.006318715400993824,7.496896432712674e-05,,,0.008556051179766655,0.0007372761610895395,0.009196681901812553,0.0009346068254671991,0.011144645512104034,8.165195322362706e-05,0.007872654125094414,8.606627670815215e-05,868701,150.12886005117429,2.617640418193248,13233,0.005697477358601109,ADP.2015-10-15T12_56_16.283.fits,zCOSMOS_BRIGHT_DR3_000838799_ZCMRa68_M1_Q3_7_1.fits,838799,150.12886,2.617642,1.956628861954216,2009ApJS..184..218L,,
024156.37+004351.6_413098_0.003,413098,0.9872000217437744,0.003,96.0,11.2573,11.2573,8.954959776019678e-05,2.450733882142231e-05,0.0016860456671565771,5.263744242256507e-05,0.004454188980162144,6.829671474406496e-05,0.01367186289280653,7.935371831990778e-05,,,,,0.06104655936360359,0.0008021310204640031,0.0971473976969719,0.0004067993722856045,0.07231757789850235,0.00033955471008084714,413098,149.76745414439011,1.9180147458535122,12569,0.007196154503922991,ADP.2015-10-15T12_55_43.083.fits,zCOSMOS_BRIGHT_DR3_000813501_ZCMRa22_M2_Q2_10_1.fits,813501,149.767456,1.918014,2.136674305491918,2009ApJS..184..218L,,
032948.44+010333.6_346106_0.1,346106,0.7339000105857849,0.1,3.0,10.2624,10.2624,0.02643243968486786,0.0005960065172985196,0.03587315231561661,0.0005778492777608335,0.04330691695213318,0.0005768921109847724,0.04794131591916084,0.0009341118857264519,0.06127868592739105,0.006619994528591633,,,0.07076354324817657,0.011949875392019749,0.07114608585834503,0.0014157062396407127,0.10263913869857788,0.0027465831954032183,346106,149.72609064859438,1.8140247419354678,14204,0.007463266534656559,ADP.2015-10-15T12_57_12.020.fits,zCOSMOS_BRIGHT_DR3_000813695_ZCMRa12_M2_Q1_2_1.fits,813695,149.726089,1.814026,3.675663365356622,2009ApJS..184..218L,,
034621.27-000141.5_365667_0.3,365667,0.6906999945640564,0.3,1.0,10.6156,10.6156,0.007776695303618908,0.0010047875111922622,0.01848042942583561,0.004064976237714291,0.022940628230571747,0.001603255863301456,0.036612145602703094,0.006819707807153463,0.15186521410942078,0.013008270412683487,0.1744745969772339,0.02011050470173359,0.19803473353385925,0.02592705562710762,0.22199761867523193,0.004980897530913353,0.2038044035434723,0.0067648389376699924,365667,149.62832415284475,1.844496947056869,3011,0.007469773888415633,ADP.2015-10-15T12_47_46.830.fits,zCOSMOS_BRIGHT_DR3_000814130_ZCMRa13_M1_Q1_31_1.fits,814130,149.628326,1.844496,4.031606882339774,2009ApJS..184..218L,,
075209.09+414235.5_776772_0.0003,776772,0.2614000141620636,0.0003,16.0,9.73146,9.73146,0.01316011045128107,4.4288164644967765e-05,0.04364610090851784,0.00024302545352838933,0.054248396307229996,0.00021074534743092954,0.06779495626688004,8.822717791190371e-05,0.08213026076555252,0.00012306231656111777,,,,,0.08231575042009354,0.0002850704768206924,0.08549067378044128,0.00032264157198369503,776772,149.76504689505106,2.475852773424557,15243,0.008121175773008287,ADP.2015-10-15T12_58_02.490.fits,zCOSMOS_BRIGHT_DR3_000840778_ZCMRa28_M2_Q1_2_1.fits,840778,149.765045,2.475854,12.40785555988962,2009ApJS..184..218L,,
161107.48+504031.8_525079_0.1,525079,0.7354000210762024,0.1,1.0,10.7702,10.7702,0.0008350820280611515,0.00011706328223226592,0.007393501698970795,0.00015968186198733747,0.008775163441896439,0.00010682625725166872,0.01915786601603031,0.0004664628941100091,0.034240156412124634,0.005577488336712122,,,,,0.09054948389530182,0.0015027575427666306,0.13603921234607697,0.002830337965860963,525079,150.08479468649034,2.0978284190506993,3610,0.008318913098960719,ADP.2015-10-15T12_48_15.993.fits,zCOSMOS_BRIGHT_DR3_000818688_ZCMRa55_M2_Q4_17_1.fits,818688,150.084793,2.09783,3.75900296902206,2009ApJS..184..218L,,
075057.26+353037.6_527488_0.01,527488,0.18569999933242798,0.01,2.0,8.75034,8.75034,0.0017770961858332157,3.2299743907060474e-05,0.008683373220264912,0.0030802523251622915,0.009354576468467712,0.0010037804022431374,0.012562989257276058,0.014507911168038845,0.06393703073263168,0.0031033724080771208,0.06808910518884659,0.0033563084434717894,0.06342364102602005,0.0038280365988612175,0.1369263082742691,0.002906348556280136,0.11119642853736877,0.002261982299387455,527488,150.14025905089687,2.1029626011730205,354,0.00863771811276099,ADP.2015-10-15T12_45_03.497.fits,zCOSMOS_BRIGHT_DR3_000818383_ZCMRa54_M1_Q2_16_1.fits,818383,150.140259,2.102965,2.272483040062498,2009ApJS..184..218L,,
081252.45+402348.8_739778_0.0001,739778,0.18809999525547028,0.0001,72.0,9.40976,9.40976,0.0015149639220908284,3.932430990971625e-05,0.011280909180641174,0.00012304789561312646,0.016402680426836014,0.000119345924758818,0.02281484752893448,8.045613503782079e-05,0.03191728517413139,0.00019974618044216186,0.037949107587337494,0.0007056528702378273,0.04270278662443161,0.0010080694919452071,0.02526400238275528,0.0002140934520866722,0.0195769052952528,0.00022052487474866211,739778,149.60086320755076,2.4192787944506446,2697,0.009048788991683463,ADP.2015-10-15T12_47_28.990.fits,zCOSMOS_BRIGHT_DR3_000834388_ZCMRa27_M1_Q3_29_2.fits,834388,149.600861,2.41928,6.843147533415523,2009ApJS..184..218L,,
080504.05+120540.3_493880_0.001,493880,0.3246000111103058,0.001,2232.0,9.02464,9.02464,0.001155107282102108,3.393914084881544e-05,0.004095387179404497,7.597493095090613e-05,0.004800846334546804,6.958605081308633e-05,0.006877657026052475,7.316089613595977e-05,0.007822994142770767,0.00018083689792547375,0.00745330099016428,0.000733652850612998,,,0.006043012719601393,9.994384890887886e-05,0.005073023959994316,0.00011227284994674847,493880,150.64631868689924,2.0506560823029516,225,0.009645024812779126,ADP.2015-10-15T12_44_53.117.fits,zCOSMOS_BRIGHT_DR3_000815806_ZCMRa95_M1_Q1_28_1.fits,815806,150.646317,2.050654,1.845964620216912,2009ApJS..184..218L,,
034528.91-004429.4_282426_1,282426,0.7123000025749207,1.0,152.0,10.2553,10.2553,0.028562230989336967,0.002646808745339513,0.04429124668240547,0.0011915800860151649,0.04561839997768402,0.001015056623145938,0.06898441165685654,0.0034465494100004435,,,0.3050355315208435,0.07150602340698242,0.3548983931541443,0.08353463560342789,0.30051901936531067,0.01030021533370018,0.32826101779937744,0.018010307103395462,282426,150.48251381347032,1.712488353713579,168,0.009966198539503156,ADP.2015-10-15T12_44_50.997.fits,zCOSMOS_BRIGHT_DR3_000804034_ZCMRa91_M1_Q4_1_1.fits,804034,150.482513,1.712491,3.292573924643355,2009ApJS..184..218L,,
075435.79+251803.4_534598_0.003,534598,0.6629999876022339,0.003,15.0,9.20404,9.20404,0.0014411471784114838,3.234316682210192e-05,0.0024239185731858015,5.850486195413396e-05,0.0035061505623161793,5.912609412916936e-05,0.003903874196112156,7.461175846401602e-05,0.004149936605244875,0.00022251623158808798,,,,,0.004561747889965773,9.697579662315547e-05,0.004064006265252829,0.00013361639867071062,534598,150.26904515308814,2.113426926183059,17042,0.010396252204648094,ADP.2015-10-15T12_59_40.813.fits,zCOSMOS_BRIGHT_DR3_000700517_ZCMRa64_M1_Q2_29_1.fits,700517,150.269043,2.113425,1.708756218750546,2009ApJS..184..218L,,
015945.49+141023.6_561543_0.001,561543,0.5192000269889832,0.001,359.0,10.3976,10.3976,0.00017448939615860581,1.8966002244269475e-05,0.002504245610907674,6.175527960294858e-05,0.005143824033439159,7.010422268649563e-05,0.009459164924919605,8.104162407107651e-05,0.016951793804764748,0.00013333678361959755,,,,,0.035562410950660706,0.00025002387701533735,0.027232656255364418,0.0003127616364508867,561543,150.09741423180063,2.1534258554858186,5503,0.010444175801615718,ADP.2015-10-15T12_50_13.197.fits,zCOSMOS_BRIGHT_DR3_000824846_ZCMRa64_M1_Q3_13_1.fits,824846,150.097412,2.153424,3.312690579892823,2009ApJS..184..218L,,
025026.66+000903.3_691226_0.3,691226,0.5971999764442444,0.3,111.0,9.48008,9.48008,0.005809866823256016,0.0005580325960181653,0.043607622385025024,0.0011035387869924307,0.02935805730521679,0.000515677616931498,0.0505056232213974,0.0015600710175931454,0.0750318393111229,0.01223951205611229,0.08514821529388428,0.020084165036678314,0.1443965584039688,0.01971590146422386,0.307226300239563,0.008673016913235188,0.5602646470069885,0.015011648647487164,691226,150.08008086165046,2.346729860313816,6050,0.010749152262896635,ADP.2015-10-15T12_50_34.467.fits,zCOSMOS_BRIGHT_DR3_000831861_ZCMRa47_M2_Q1_7_1.fits,831861,150.080078,2.346729,2.416498715153157,2009ApJS..184..218L,,
095553.14+633742.7_605313_0.1,605313,0.3587000072002411,0.1,350.0,10.1223,10.1223,0.010334063321352005,0.00021876611572224647,0.026792284101247787,0.0002753914741333574,0.03209088742733002,0.00023769451945554465,0.05006710812449455,0.00047547652502544224,,,0.09637220948934555,0.009040399454534054,,,0.08429625630378723,0.0013613220071420074,0.09701398015022278,0.0022135169710963964,605313,150.24989347450128,2.2170359746299746,9169,0.01084385377445979,ADP.2015-10-15T12_53_18.150.fits,zCOSMOS_BRIGHT_DR3_000824119_ZCMRa55_M1_Q2_33_1.fits,824119,150.249893,2.217033,7.804859984760123,2009ApJS..184..218L,,
022959.58+004632.0_783260_1,783260,0.77920001745224,1.0,1.0,8.86413,8.86413,0.017445631325244904,0.0013873944990336895,0.03588547557592392,0.0011384186800569296,0.02653270587325096,0.000892798590939492,0.044327788054943085,0.00341979437507689,0.12168069928884506,0.045405011624097824,,,0.27660876512527466,0.07523442059755325,0.12760019302368164,0.00889615062624216,0.23600681126117706,0.020345425233244896,783260,150.20512491385853,2.4881388984682897,13822,0.010939902969897856,ADP.2015-10-15T12_56_47.973.fits,zCOSMOS_BRIGHT_DR3_000838357_ZCMRa69_M1_Q4_30_2.fits,838357,150.205124,2.488136,1.791287029311938,2009ApJS..184..218L,,
155123.21+130701.2_258666_0.03,258666,0.6740999817848206,0.03,7.0,10.8,10.8,0.0025354360695928335,7.778461440466344e-05,0.004926200956106186,7.061453652568161e-05,0.0090196393430233,9.007072367239743e-05,0.014926586300134659,0.0001314000110141933,0.02852754481136799,0.0019318340346217155,0.04152475297451019,0.0022007168736308813,,,0.056330110877752304,0.0004660964186768979,0.04370731860399246,0.0006622798391617835,258666,150.3655684864859,1.674919846803179,18050,0.011605774810007786,ADP.2015-10-15T13_00_32.300.fits,zCOSMOS_BRIGHT_DR3_000804506_ZCMRa81_M2_Q4_8_1.fits,804506,150.36557,1.674917,3.536017152065506,2009ApJS..184..218L,,
150118.32+155623.0_540419_1,540419,0.32260000705718994,1.0,2.0,10.65,10.65,0.26198384165763855,0.005288694519549608,0.2606268525123596,0.0034583385568112135,0.3455624580383301,0.0030892135109752417,0.5588156580924988,0.00867739412933588,0.4844953417778015,0.04858088120818138,,,0.5786726474761963,0.08388712257146835,1.0776751041412354,0.025508644059300423,1.5102678537368774,0.037370409816503525,540419,150.32799115278547,2.118999738495165,3055,0.011649681041106547,ADP.2015-10-15T12_47_49.527.fits,zCOSMOS_BRIGHT_DR3_000817483_ZCMRa74_M1_Q3_16_1.fits,817483,150.327988,2.118999,10.43696006796323,2009ApJS..184..218L,,
032838.28-000341.6_535041_1,535041,0.3109000027179718,1.0,5.0,10.1501,10.1501,0.031328000128269196,0.00242584478110075,0.1326943188905716,0.002881503663957119,0.1240532174706459,0.0020102569833397865,0.31592893600463867,0.008155692368745804,0.23732244968414307,0.06604234129190445,0.38166698813438416,0.10155239701271057,0.647785484790802,0.11414545029401779,2.049006700515747,0.04652046039700508,3.5634100437164307,0.07855968177318573,535041,149.63638163607067,2.1118839952190434,9607,0.011846742933671538,ADP.2015-10-15T12_53_39.820.fits,zCOSMOS_BRIGHT_DR3_000820455_ZCMRa15_M1_Q1_9_6.fits,820455,149.636383,2.111881,10.9181145466892,2009ApJS..184..218L,,
081100.60+571412.4_494299_0.3,494299,0.6151000261306763,0.3,2142.0,9.51811,9.51811,0.06515929847955704,0.0012487609637901187,0.09721235185861588,0.0016584283439442515,0.09489019960165024,0.0014197650598362088,0.08673565089702606,0.001795126125216484,0.07659248262643814,0.013813785277307034,0.1398272067308426,0.018175659701228142,0.13156287372112274,0.026285499334335327,0.3793344795703888,0.008995923213660717,0.663418173789978,0.015934601426124573,494299,150.73712189165937,2.051028468522158,444,0.012719293887563578,ADP.2015-10-15T12_45_09.677.fits,zCOSMOS_BRIGHT_DR3_000815419_ZCMRa95_M1_Q1_29_1.fits,815419,150.737122,2.051032,1.737850972138473,2009ApJS..184..218L,,
084205.57+075925.5_349593_1,349593,0.12729999423027039,1.0,31.0,7.95679,7.95679,0.24279583990573883,0.003822825150564313,1.1594467163085938,0.017169006168842316,0.5073836445808411,0.00936680193990469,0.7656490802764893,0.012014893814921379,1.3277475833892822,0.06491052359342575,1.8833858966827393,0.1231953576207161,4.993272304534912,0.1539507806301117,6.387457847595215,0.1547718197107315,11.717906951904297,0.2288237065076828,349593,149.5804424310863,1.8204132356884841,9686,0.0129443336107309,ADP.2015-10-15T12_53_41.307.fits,zCOSMOS_BRIGHT_DR3_000814341_ZCMRa11_M1_Q3_15_1.fits,814341,149.580444,1.82041,2.245481119619631,2009ApJS..184..218L,,
144647.22+320949.2_608990_0.1,608990,0.7269999980926514,0.1,6.0,9.85216,9.85216,0.015324591659009457,0.00022449508833233267,0.021124426275491714,0.0002766790275927633,0.026100710034370422,0.00027306994888931513,0.02952435612678528,0.0004417983000166714,0.027562040835618973,0.005311944056302309,0.034285768866539,0.005181192886084318,0.0545923188328743,0.008112071081995964,0.04419548064470291,0.00104752357583493,0.05596519261598587,0.0019067086977884173,608990,150.24505862699888,2.223767453095309,19626,0.013167073760893532,ADP.2015-10-15T13_01_52.437.fits,zCOSMOS_BRIGHT_DR3_000824135_ZCMRa55_M1_Q2_29_1.fits,824135,150.245056,2.22377,4.347014208501999,2009ApJS..184..218L,,
082746.63+224758.4_760898_0.01,760898,0.7447999715805054,0.01,98.0,10.5531,10.5531,0.0015930745285004377,5.1112365326844156e-05,0.0028107333928346634,4.911803989671171e-05,0.005533410701900721,6.964134081499651e-05,0.008779903873801231,8.640606392873451e-05,0.013705840334296227,0.0005469408934004605,,,0.028048168867826462,0.001158421509899199,0.031209375709295273,0.00032988176099024713,0.026347272098064423,0.0003603796649258584,760898,149.6951773175463,2.4525568468206425,12905,0.013210368302894106,ADP.2015-10-15T12_55_58.790.fits,zCOSMOS_BRIGHT_DR3_000833879_ZCMRa28_M1_Q4_10_1.fits,833879,149.695175,2.452554,2.619824854267898,2009ApJS..184..218L,,
025119.79-004831.7_272490_0.1,272490,0.5561000108718872,0.1,69.0,9.57508,9.57508,0.0024317041970789433,0.00020634863176383078,0.010011120699346066,0.000176695961272344,0.007561678998172283,0.0001184346474474296,0.01364116556942463,0.0003979230241384357,,,0.044065073132514954,0.00735750375315547,0.07155204564332962,0.008964953012764454,0.14704306423664093,0.003627242986112833,0.31001991033554077,0.007082447409629822,272490,150.43789940243667,1.6981110951656082,18114,0.013568082649114374,ADP.2015-10-15T13_00_36.163.fits,zCOSMOS_BRIGHT_DR3_000804198_ZCMRa71_M2_Q1_5_1.fits,804198,150.437897,1.698114,1.149245503216581,2009ApJS..184..218L,,
073718.67+290921.6_844177_0.03,844177,0.4034000039100647,0.03,1.0,9.18008,9.18008,0.0019504348747432232,6.703343387925997e-05,0.008371170610189438,0.000122141107567586,0.007664564065635204,9.306295396527275e-05,0.013677031733095646,0.00020035736088175327,0.013282503932714462,0.0009793530916795135,0.01339663378894329,0.0014794248854741454,0.013708529993891716,0.002163604134693742,0.01985614001750946,0.0005057643866166472,0.0275177750736475,0.0008678047452121973,844177,149.6413536653533,2.5794719667303654,274,0.01404993393527121,ADP.2015-10-15T12_44_54.537.fits,zCOSMOS_BRIGHT_DR3_000841343_ZCMRa19_M2_Q1_4_2.fits,841343,149.641357,2.579474,2.920908088235728,2009ApJS..184..218L,,
023204.15+003301.6_619622_0.03,619622,0.9243000149726868,0.03,7.0,9.39398,9.39398,0.006758259143680334,0.00012721895473077893,0.007899905554950237,9.887224587146193e-05,0.009813862852752209,0.00011235706188017502,0.010613907128572464,0.00017916454817168415,0.011959001421928406,0.0012205052189528942,0.011741433292627335,0.0016926915850490332,0.013855038210749626,0.00236900569871068,0.014760814607143402,0.00037366285687312484,0.0210765041410923,0.0007083795499056578,619622,150.2685275000895,2.2407777788527112,9457,0.014125684167908364,ADP.2015-10-15T12_53_35.763.fits,zCOSMOS_BRIGHT_DR3_000824048_ZCMRa66_M1_Q1_10_1.fits,824048,150.268524,2.240776,2.491197838966599,2009ApJS..184..218L,,
075057.26+353037.6_622769_0.03,622769,0.18539999425411224,0.03,1.0,9.40491,9.40491,0.00848233699798584,7.381918840110302e-05,0.03665677085518837,0.009239059872925282,0.04166722297668457,0.003006820334121585,0.055339083075523376,0.043523143976926804,0.21545174717903137,0.00930379144847393,0.23747804760932922,0.009943202137947083,0.22199606895446777,0.011270652525126934,0.4377915561199188,0.008721071295440197,0.3578065037727356,0.006783646997064352,622769,150.34549132831341,2.243176739875259,2188,0.014286322460041675,ADP.2015-10-15T12_46_48.050.fits,zCOSMOS_BRIGHT_DR3_000823717_ZCMRa75_M1_Q3_23_1.fits,823717,150.34549,2.243173,14.9679969234148,2009ApJS..184..218L,,
034621.27-000141.5_758688_0.3,758688,0.6814000010490417,0.3,1.0,9.82923,9.82923,0.006970840040594339,0.0010052825091406703,0.014993257820606232,0.004064478445798159,0.015165181830525398,0.0016014960128813982,0.023348810151219368,0.006819488946348429,0.1314430683851242,0.013008425943553448,0.14727553725242615,0.02011164464056492,0.16240885853767395,0.02592938393354416,0.17774194478988647,0.004976856987923384,0.17572656273841858,0.006764031480997801,758688,149.57297081468818,2.4496291779606816,17167,0.014342240352355214,ADP.2015-10-15T12_59_43.630.fits,zCOSMOS_BRIGHT_DR3_000834519_ZCMRa17_M1_Q3_21_1.fits,834519,149.572968,2.449632,3.648301226656346,2009ApJS..184..218L,,
075348.69+370520.3_356946_1,356946,0.5874999761581421,1.0,11.0,9.37838,9.37838,0.030623851343989372,0.0012899214634671807,0.12786343693733215,0.0016304036835208535,0.08968255668878555,0.001121722743846476,0.12245149910449982,0.0043134503066539764,0.3267662525177002,0.08027539402246475,0.3370603322982788,0.1026754304766655,0.6030765771865845,0.10626768320798874,0.5938799977302551,0.018170714378356934,0.8179993033409119,0.026674967259168625,356946,150.39135298743048,1.8324048915990394,14584,0.014443136495810078,ADP.2015-10-15T12_57_24.820.fits,zCOSMOS_BRIGHT_DR3_000810768_ZCMRa73_M1_Q1_36_1.fits,810768,150.391357,1.832405,2.83189928552369,2009ApJS..184..218L,,
144017.02+285608.7_826051_0.3,826051,0.3228999972343445,0.3,29.0,9.12002,9.12002,0.004849893040955067,0.00044762666220776737,0.047377780079841614,0.0006650146679021418,0.04500380530953407,0.0006147967651486397,0.12138187140226364,0.002370120259001851,0.14098188281059265,0.013905314728617668,0.20931075513362885,0.019698912277817726,0.3602704405784607,0.023444870486855507,0.4934537708759308,0.011836349964141846,0.794587254524231,0.01765243522822857,826051,150.12349126730587,2.5526416819869113,19814,0.014462723813076827,ADP.2015-10-15T13_02_03.227.fits,zCOSMOS_BRIGHT_DR3_000838831_ZCMRa48_M2_Q2_28_1.fits,838831,150.123489,2.552645,1.752406927361907,2009ApJS..184..218L,,
142748.28+050222.0_538989_0.001,538989,0.0997999981045723,0.001,6.0,9.85,9.85,0.007811722345650196,2.6603003789205104e-05,0.07263315469026566,0.0003116007137577981,0.1025284081697464,0.00028110641869716346,0.15764053165912628,0.0001158650266006589,0.2101833075284958,0.00013992477033752948,0.2625340521335602,0.0006076472927816212,0.26035138964653015,0.000796957581769675,0.15559345483779907,0.0006059877923689783,0.11229334026575089,0.00046084800851531327,538989,150.40034218368558,2.1163851004633836,6465,0.014546905714416108,ADP.2015-10-15T12_51_06.163.fits,zCOSMOS_BRIGHT_DR3_000817121_ZCMRa74_M2_Q2_19_1.fits,817121,150.400345,2.116388,24.88773051945528,2009ApJS..184..218L,,
033211.85+002430.9_280119_1,280119,0.5174999833106995,1.0,59.0,9.71082,9.71082,0.05597317963838577,0.0026762844063341618,0.1203928291797638,0.0023404413368552923,0.0917208343744278,0.0016267208848148584,0.13482490181922913,0.005206780508160591,0.3364317715167999,0.07483390718698502,0.5414873361587524,0.08975536376237869,,,0.7311728596687317,0.020694274455308914,0.940617561340332,0.02859172411262989,280119,149.7315357670809,1.7095118630545478,19294,0.01459751264091188,ADP.2015-10-15T13_01_38.697.fits,zCOSMOS_BRIGHT_DR3_000807365_ZCMRa11_M2_Q1_4_2.fits,807365,149.731537,1.709508,6.124003885037974,2009ApJS..184..218L,,
023342.57-074325.8_601996_0.003,601996,0.4627000093460083,0.003,76.0,9.43352,9.43352,0.0030769952572882175,3.741209366125986e-05,0.00826356839388609,0.00010151232709176838,0.009823927655816078,9.446968033444136e-05,0.013171220198273659,8.30242715892382e-05,0.01372276060283184,0.00020089957979507744,0.015992866829037666,0.0006737604853697121,0.017590763047337532,0.0007684342563152313,0.013939772732555866,0.00014088526950217783,0.014342283830046654,0.00017315072182100266,601996,150.70291407516427,2.21344501706475,7010,0.01541726288471087,ADP.2015-10-15T12_51_27.200.fits,zCOSMOS_BRIGHT_DR3_000821905_ZCMRa96_M1_Q1_15_2.fits,821905,150.702911,2.213448,6.230613541003882,2009ApJS..184..218L,,
081250.86+360039.9_524957_0.3,524957,0.6676999926567078,0.3,9.0,10.146,10.146,0.008301002904772758,0.00045727513497695327,0.017301570624113083,0.00046352078788913786,0.01947547122836113,0.0003588919062167406,0.027284791693091393,0.0009742986876517534,,,,,0.10513673722743988,0.022061064839363098,0.21799899637699127,0.005936074536293745,0.3541243076324463,0.010058676823973656,524957,149.97190776264785,2.0976338504337138,3398,0.015587579945480259,ADP.2015-10-15T12_48_08.477.fits,zCOSMOS_BRIGHT_DR3_000819120_ZCMRa55_M1_Q4_20_1.fits,819120,149.971909,2.097638,3.622612013785687,2009ApJS..184..218L,,
021259.59-003029.4_274752_0.03,274752,0.39340001344680786,0.03,358.0,9.6902,9.6902,0.010672057047486305,0.0001693458470981568,0.019310995936393738,0.0002048030582955107,0.019893743097782135,0.00017806961841415614,0.030104447156190872,0.0002457160735502839,0.028719425201416016,0.0011626746272668242,0.037480294704437256,0.0020391959697008133,0.045747578144073486,0.0023853250313550234,0.035864438861608505,0.0005493802018463612,0.044865094125270844,0.0009262771927751601,274752,149.6432198879371,1.7004603299374652,4140,0.01591187640946529,ADP.2015-10-15T12_48_46.100.fits,zCOSMOS_BRIGHT_DR3_000807745_ZCMRa11_M1_Q1_7_1.fits,807745,149.643219,1.700456,0.9665302785875511,2009ApJS..184..218L,,
073028.10+435330.8_610180_0.03,610180,0.275299996137619,0.03,9.0,8.9285,8.9285,0.0049779340624809265,0.00010221870616078377,0.009596738964319229,0.00012244180834386498,0.010894649662077427,0.00016103828966151923,0.014926379546523094,0.00019466500089038163,,,,,0.019188402220606804,0.0020675354171544313,0.020692236721515656,0.000565446971450001,0.028783239424228668,0.0008812975720502436,610180,149.98905779744467,2.2260726736794716,1549,0.01616436351081408,ADP.2015-10-15T12_46_12.000.fits,zCOSMOS_BRIGHT_DR3_000825446_ZCMRa55_M1_Q3_35_1.fits,825446,149.989059,2.226077,5.147241467455903,2009ApJS..184..218L,,
034509.25-071802.4_355701_0.01,355701,0.8357999920845032,0.01,6.0,10.5486,10.5486,0.0014042772818356752,4.631405681720935e-05,0.0026749754324555397,5.7016532082343474e-05,0.005516126286238432,7.093999010976404e-05,0.009217058308422565,9.934820991475135e-05,0.014939012005925179,0.0004022358625661582,0.018494633957743645,0.0008697120356373489,0.025489728897809982,0.001313470071181655,0.02877471037209034,0.00021271881996653974,0.02129744552075863,0.00023918571241665632,355701,149.71499626874098,1.8294214917278353,13864,0.016199106793671616,ADP.2015-10-15T12_56_49.663.fits,zCOSMOS_BRIGHT_DR3_000813770_ZCMRa33_M2_Q4_37_1.fits,813770,149.714996,1.829417,2.210502011706708,2009ApJS..184..218L,,
074645.04+314149.3_513848_0.3,513848,0.3237999975681305,0.3,1.0,10.4127,10.4127,0.08304361253976822,0.0013027546228840947,0.11753150820732117,0.0013970800209790468,0.13646024465560913,0.0014028253499418497,0.19904324412345886,0.0022432052064687014,0.15521806478500366,0.01292016264051199,0.19687828421592712,0.018451036885380745,0.23586514592170715,0.020946845412254333,0.24333491921424866,0.005579013377428055,0.3325214982032776,0.009167649783194065,513848,150.52464387334214,2.077669434451431,6030,0.01627028094690572,ADP.2015-10-15T12_50_33.567.fits,zCOSMOS_BRIGHT_DR3_000816354_ZCMRa83_M1_Q2_1_1.fits,816354,150.524643,2.077665,12.9226761314576,2009ApJS..184..218L,,
082618.74+191752.9_980249_0.1,980249,0.7885000109672546,0.1,1.0,10.0902,10.0902,0.000573399243876338,0.00017695299175102264,0.005204295739531517,0.0001236767857335508,0.006513605825603008,0.00010759295400930569,0.01234186626970768,0.00039534320239908993,,,0.030986495316028595,0.005272917915135622,0.03622652590274811,0.005983807146549225,0.04385806620121002,0.0011787782423198223,0.052024517208337784,0.0021073478274047375,980249,149.99804951358735,2.792895835542484,6845,0.016502969701591815,ADP.2015-10-15T12_51_22.723.fits,zCOSMOS_BRIGHT_DR3_000846575_ZCMRa30_M2_Q2_13_4.fits,846575,149.998047,2.792892,2.346072596573241,2009ApJS..184..218L,,
022944.02-084355.8_527001_0.1,527001,0.6263999938964844,0.1,8.0,10.0029,10.0029,0.005982888396829367,0.00015651258581783623,0.0172105822712183,0.00021343235857784748,0.02100435644388199,0.00017093183123506606,0.026778142899274826,0.0004279619606677443,,,,,0.0670599639415741,0.008227336220443249,0.05958253890275955,0.001315835164859891,0.06972187012434006,0.0022661611437797546,527001,150.16061431101195,2.1009923782101567,194,0.016676022173192105,ADP.2015-10-15T12_44_51.997.fits,zCOSMOS_BRIGHT_DR3_000818271_ZCMRa54_M2_Q2_15_1.fits,818271,150.160614,2.100997,6.350174632558657,2009ApJS..184..218L,,
022944.02-084355.8_496531_0.003,496531,0.6211000084877014,0.003,119.0,10.9026,10.9026,0.00013309164205566049,1.7963393474929035e-05,0.003595511894673109,6.754141941200942e-05,0.00972237903624773,8.920736581785604e-05,0.01792329177260399,6.938683509360999e-05,,,,,0.06006952375173569,0.0008575655519962311,0.053869519382715225,0.00021366385044530034,0.036444634199142456,0.00021210568957030773,496531,150.2870831642359,2.0533496657555186,12931,0.017177431502742462,ADP.2015-10-15T12_55_59.527.fits,zCOSMOS_BRIGHT_DR3_000817689_ZCMRa63_M1_Q2_9_1.fits,817689,150.287079,2.053352,3.931253104544934,2009ApJS..184..218L,,
033248.49-001012.3_427688_0.3,427688,0.3107999861240387,0.3,7.0,9.20822,9.20822,0.004899755120277405,0.0006335428333841264,0.04202202335000038,0.0008801071671769023,0.028554029762744904,0.0005296627641655505,0.0663415789604187,0.001800056081265211,0.11782477796077728,0.011599641293287277,0.15685811638832092,0.016294682398438454,0.27371400594711304,0.028454698622226715,0.29220566153526306,0.007732173427939415,0.33598506450653076,0.009232505224645138,427688,150.55026534051754,1.9437373939405411,6140,0.01769131148170348,ADP.2015-10-15T12_50_43.790.fits,zCOSMOS_BRIGHT_DR3_000809999_ZCMRa92_M2_Q3_6_3.fits,809999,150.550262,1.943741,2.497733683821338,2009ApJS..184..218L,,
082059.54+223003.7_259971_0.0003,259971,0.8058000206947327,0.0003,17.0,7.64749,7.64749,0.004041684791445732,4.880232154391706e-05,0.009199795313179493,0.00011018414807040244,0.010511999949812889,9.754241909831762e-05,0.013021214865148067,7.982456008903682e-05,,,0.015598569996654987,0.0007222497370094061,0.012989177368581295,0.0011100292904302478,0.015778962522745132,0.0003330591134727001,0.011336910538375378,0.0003838390111923218,259971,149.4614444708666,1.674960497035436,14696,0.01773374742291452,ADP.2015-10-15T12_57_27.780.fits,zCOSMOS_BRIGHT_DR3_000808562_ZCMRa11_M2_Q4_12_1.fits,808562,149.461441,1.674957,3.161073970882525,2009ApJS..184..218L,,
074516.29+340457.4_613486_0.3,613486,0.776199996471405,0.3,103.0,9.93246,9.93246,0.0045201764442026615,0.00047087535494938493,0.017422569915652275,0.000354154035449028,0.018412739038467407,0.0002922779822256416,0.02973683923482895,0.001138916821219027,,,0.09266673773527145,0.025721469894051552,,,0.12068653851747513,0.003877346869558096,0.14911243319511414,0.006498696282505989,613486,150.03659546348118,2.2308913432439486,1676,0.018137451749675543,ADP.2015-10-15T12_46_23.070.fits,zCOSMOS_BRIGHT_DR3_000825180_ZCMRa46_M2_Q1_12_1.fits,825180,150.036591,2.230889,3.270112986717657,2009ApJS..184..218L,,
074700.19+285608.5_353648_0.001,353648,0.266400009393692,0.001,24.0,9.84384,9.84384,0.000870764721184969,3.332905180286616e-05,0.007958891801536083,0.00010317975102225319,0.01235444750636816,0.00010401236067991704,0.019481750205159187,8.426020212937146e-05,0.03201749175786972,0.0001396135485265404,,,0.05725451931357384,0.0007866764208301902,0.03483006730675697,0.00021192185522522777,0.031148312613368034,0.0002129109197994694,353648,149.77770004645888,1.8252916148266844,7194,0.018210901121951954,ADP.2015-10-15T12_51_32.550.fits,zCOSMOS_BRIGHT_DR3_000813470_ZCMRa32_M2_Q4_1_1.fits,813470,149.777695,1.825292,4.302428845586763,2009ApJS..184..218L,,
031935.52+002416.1_371390_0.03,371390,0.6963000297546387,0.03,2.0,10.5196,10.5196,0.002478976733982563,8.614108810434118e-05,0.004493806976824999,8.510392217431217e-05,0.008779648691415787,8.612818783149123e-05,0.014043271541595459,0.00017001715605147183,0.025865264236927032,0.0020756637677550316,0.03509906679391861,0.0023538838140666485,,,0.04989444091916084,0.0005111234495416284,0.04525313526391983,0.0007852881099097431,371390,150.38792906477155,1.8544452291765625,13714,0.018433693367750966,ADP.2015-10-15T12_56_41.227.fits,zCOSMOS_BRIGHT_DR3_000810784_ZCMRa63_M1_Q1_19_1.fits,810784,150.387924,1.854446,2.992002899236206,2009ApJS..184..218L,,
083406.94+350602.9_792533_1,792533,0.46540001034736633,1.0,1.0,10.997,10.997,0.004895435646176338,0.0010934951715171337,0.08596798777580261,0.0013751733349636197,0.06793176382780075,0.0009589807596057653,0.1445959061384201,0.0034709954634308815,0.44677335023880005,0.04498821869492531,0.6155011057853699,0.061932213604450226,1.029630422592163,0.07573504745960236,1.2554152011871338,0.030800295993685722,2.3968708515167236,0.05360997095704079,792533,150.72350657450968,2.4981623515163953,372,0.018553877974141146,ADP.2015-10-15T12_45_04.167.fits,zCOSMOS_BRIGHT_DR3_000835587_ZCMRa97_M1_Q2_6_1.fits,835587,150.723511,2.498165,6.462789153842613,2009ApJS..184..218L,,
023342.57-074325.8_810885_0.0003,810885,0.4544999897480011,0.0003,1643.0,9.34009,9.34009,0.002230042824521661,3.816817843471654e-05,0.006180093623697758,9.229362331097946e-05,0.007561718113720417,8.598944987170398e-05,0.010210230015218258,8.422132668783888e-05,0.010347903706133366,0.000116437062388286,0.010769572108983994,0.0007698173867538571,0.012413742020726204,0.000998256029561162,0.008421635255217552,0.0001331561361439526,0.008075768128037453,0.00014456937788054347,810885,149.75148513424233,2.528748459781468,8422,0.018567404892006478,ADP.2015-10-15T12_52_45.017.fits,zCOSMOS_BRIGHT_DR3_000840826_ZCMRa19_M1_Q1_20_1.fits,840826,149.75148,2.528749,3.499638161477278,2009ApJS..184..218L,,
015420.27+124055.5_283380_0.03,283380,0.4767000079154968,0.03,245.0,9.35168,9.35168,0.003932584542781115,8.211470412788913e-05,0.00878911279141903,0.00013008808309677988,0.009611251763999462,0.00010026466770796105,0.012314056977629662,0.0001646137679927051,0.014745879918336868,0.0019392918329685926,,,,,0.03180451691150665,0.0006810603081248701,0.042319152504205704,0.001040418166667223,283380,149.72688084833803,1.715240286661073,3769,0.018651010819629416,ADP.2015-10-15T12_48_19.987.fits,zCOSMOS_BRIGHT_DR3_000807389_ZCMRa11_M2_Q1_2_3.fits,807389,149.726883,1.715245,5.812990367003581,2009ApJS..184..218L,,
090451.91+285643.7_548887_0.03,548887,0.6883000135421753,0.03,123.0,10.5973,10.5973,0.0032294688280671835,7.15852074790746e-05,0.007939698174595833,9.588758257450536e-05,0.013037758879363537,0.000107857100374531,0.019695181399583817,0.00015759952657390386,,,0.05129247531294823,0.0019463365897536278,0.07594150304794312,0.0025379438884556293,0.09658601880073547,0.0006765268044546247,0.08867638558149338,0.0010282954899594188,548887,149.9355601639691,2.132870845420647,11177,0.01865218386412166,ADP.2015-10-15T12_54_37.667.fits,zCOSMOS_BRIGHT_DR3_000825692_ZCMRa45_M1_Q4_6_2.fits,825692,149.935562,2.132866,3.161439450413906,2009ApJS..184..218L,,
143323.68+252619.2_798667_0.03,798667,0.61080002784729,0.03,1.0,9.48495,9.48495,0.0017152676591649652,6.298784865066409e-05,0.0054905004799366,8.146872278302908e-05,0.005947350990027189,7.57773668738082e-05,0.00858262274414301,0.00015702621021773666,,,0.019226450473070145,0.001974571729078889,0.02472253516316414,0.0023055621422827244,0.08047588169574738,0.0017208772478625178,0.14440566301345825,0.0028719299007207155,798667,150.5737472801678,2.511904032679431,4656,0.018693515718291157,ADP.2015-10-15T12_49_17.383.fits,zCOSMOS_BRIGHT_DR3_000836347_ZCMRa87_M2_Q2_2_1.fits,836347,150.573746,2.511899,2.147828767783791,2009ApJS..184..218L,,
033305.96+005735.9_555209_0.0001,555209,0.31520000100135803,0.0001,492.0,10.2918,10.2918,0.002726007718592882,2.644882260938175e-05,0.016997672617435455,0.00015047259512357414,0.025035137310624123,0.00014100069529376924,0.041066430509090424,7.87882599979639e-05,,,0.08096412569284439,0.0006366713787429035,,,0.060571588575839996,0.0002742045617196709,0.059807948768138885,0.00035710446536540985,555209,149.94759611374593,2.1428649099034964,9781,0.018875067975929513,ADP.2015-10-15T12_53_47.023.fits,zCOSMOS_BRIGHT_DR3_000825648_ZCMRa44_M2_Q3_22_1.fits,825648,149.947601,2.142863,7.614618960325698,2009ApJS..184..218L,,
075114.93+353950.0_523458_0.3,523458,0.7350999712944031,0.3,3.0,10.9279,10.9279,0.015211684629321098,0.0004805692587979138,0.027763471007347107,0.00039619189919903874,0.0356154702603817,0.0003120900073554367,0.05109158903360367,0.0009856999386101961,0.10168411582708359,0.017017902806401253,0.14943812787532806,0.019156528636813164,,,0.3306805491447449,0.0057240696623921394,0.3520987033843994,0.008910639211535454,523458,150.03616184171904,2.094133861121982,10170,0.01896345597314428,ADP.2015-10-15T12_54_03.127.fits,zCOSMOS_BRIGHT_DR3_000818891_ZCMRa55_M1_Q4_22_1.fits,818891,150.036163,2.094139,5.400512853044209,2009ApJS..184..218L,,
173050.72+315815.0_932105_0.3,932105,0.6790000200271606,0.3,8.0,10.3507,10.3507,0.007480768021196127,0.00042275714804418385,0.0627259761095047,0.0007835108553990722,0.049156539142131805,0.00041664758464321494,0.08839721232652664,0.00149968930054456,0.08394749462604523,0.01831996440887451,,,0.155128613114357,0.025255747139453888,0.2576044201850891,0.005769754759967327,0.42851781845092773,0.009649277664721012,932105,149.97571277749054,2.7127754149317393,18326,0.0192541729768222,ADP.2015-10-15T13_00_44.717.fits,zCOSMOS_BRIGHT_DR3_000846694_ZCMRa59_M1_Q3_10_1.fits,846694,149.975708,2.712773,3.325529248991482,2009ApJS..184..218L,,
075217.84+193542.2_618049_0.003,618049,0.12269999831914902,0.003,12.0,8.14331,8.14331,0.005599386058747768,6.17202022112906e-05,0.01379973255097866,0.00016443486674688756,0.010046644136309624,9.88855172181502e-05,0.012217462062835693,0.00015402855933643878,0.011971800588071346,0.0002812436141539365,0.013725604861974716,0.0007944468525238335,0.01936938799917698,0.0009538945159874856,0.03550295904278755,0.0007951601874083281,0.057889919728040695,0.0010940622305497527,618049,150.11000498910929,2.2378702861548585,11139,0.01961302165530589,ADP.2015-10-15T12_54_36.163.fits,zCOSMOS_BRIGHT_DR3_000824796_ZCMRa46_M1_Q1_11_1.fits,824796,150.110001,2.237874,2.58686721851692,2009ApJS..184..218L,,
083237.43+365613.9_497074_0.03,497074,0.2612999975681305,0.03,10.0,9.30908,9.30908,0.00791721697896719,0.00013629092427436262,0.015462908893823624,0.0001831479457905516,0.018598048016428947,0.00017863097309600562,0.023797329515218735,0.00024383635900449008,0.02799602597951889,0.0015269158175215125,0.03379201516509056,0.0021395892836153507,0.041558828204870224,0.0023484150879085064,0.0371958464384079,0.0006419138517230749,0.04593271762132645,0.0009589557885192335,497074,149.58309870922483,2.0543674745445526,764,0.019736104778782924,ADP.2015-10-15T12_45_30.637.fits,zCOSMOS_BRIGHT_DR3_000820687_ZCMRa15_M1_Q4_33_2.fits,820687,149.583099,2.054362,4.713017785223382,2009ApJS..184..218L,,
170819.20+374554.2_422475_0.1,422475,0.5776000022888184,0.1,4.0,9.49835,9.49835,0.01546723023056984,0.000287439237581566,0.0254087932407856,0.00026305756182409823,0.023344039916992188,0.000262085028225556,0.023832667618989944,0.000469617429189384,0.029339825734496117,0.006390471011400223,,,0.042362868785858154,0.007764842361211777,0.03953384608030319,0.0010509580606594682,0.0594564713537693,0.0018773442134261131,422475,149.87388887627935,1.9355206850142457,9597,0.01978785580908504,ADP.2015-10-15T12_53_39.547.fits,zCOSMOS_BRIGHT_DR3_000813087_ZCMRa42_M1_Q3_7_2.fits,813087,149.873886,1.935516,1.558940798363011,2009ApJS..184..218L,,
084634.30+313058.2_520944_0.03,520944,0.3822000026702881,0.03,3.0,9.42448,9.42448,0.0033497121185064316,8.652736869407818e-05,0.007207680493593216,9.703075920697302e-05,0.00884922780096531,0.00010447809472680092,0.012252073734998703,0.00016691470227669924,,,,,0.03432312607765198,0.002698850352317095,0.08686107397079468,0.0018750684102997184,0.12756575644016266,0.0027768195141106844,520944,150.0167844510491,2.0914973271190576,10763,0.02051763899456321,ADP.2015-10-15T12_54_22.493.fits,zCOSMOS_BRIGHT_DR3_000818966_ZCMRa44_M1_Q2_39_1.fits,818966,150.016785,2.091503,4.019552530339702,2009ApJS..184..218L,,
080544.13+113040.2_427027_0.3,427027,0.2054000049829483,0.3,3.0,8.30005,8.30005,0.05130400136113167,0.001031890045851469,0.10906559973955154,0.0016733624506741762,0.08062932640314102,0.0008581117144785821,0.0964113250374794,0.0020600284915417433,0.21851152181625366,0.02042657509446144,0.22698986530303955,0.028269942849874496,0.3289889395236969,0.03125251084566116,0.4545491635799408,0.011797090992331505,0.512119710445404,0.01332224253565073,427027,149.72578615747494,1.943319717434432,2183,0.020540466983682153,ADP.2015-10-15T12_46_47.990.fits,zCOSMOS_BRIGHT_DR3_000813699_ZCMRa34_M2_Q4_18_1.fits,813699,149.725784,1.943325,3.19391800999,2009ApJS..184..218L,,
160249.32+250441.0_416386_0.0003,416386,0.2653000056743622,0.0003,13.0,8.6012,8.6012,0.0008095516241155565,2.628534275572747e-05,0.002884574932977557,6.792545173084363e-05,0.0034619064535945654,5.915850852034055e-05,0.004068589769303799,6.584748916793615e-05,0.004272450227290392,0.00017367274267598987,,,,,0.0029416431207209826,4.5271746785147116e-05,0.002629956230521202,9.566561493556947e-05,416386,150.01650608679552,1.9261628279786458,15113,0.02058672259203941,ADP.2015-10-15T12_57_56.177.fits,zCOSMOS_BRIGHT_DR3_000812485_ZCMRa43_M1_Q1_4_1.fits,812485,150.01651,1.926167,3.320433599047908,2009ApJS..184..218L,,
080045.45+390412.7_496327_0.1,496327,0.6773999929428101,0.1,1591.0,10.7121,10.7121,0.011564631946384907,0.0002358470665058121,0.017129991203546524,0.0002327613765373826,0.02214035764336586,0.0003156109305564314,0.029718708246946335,0.0004348855291027576,0.04604712873697281,0.005951221566647291,,,0.07530476897954941,0.006774475798010826,0.10279491543769836,0.0016241472912952304,0.11892329156398773,0.0027586945798248053,496327,150.0133875654915,2.0528013627839576,912,0.020615189322210833,ADP.2015-10-15T12_45_35.307.fits,zCOSMOS_BRIGHT_DR3_000818983_ZCMRa53_M1_Q3_10_1.fits,818983,150.013382,2.0528,5.125014940246465,2009ApJS..184..218L,,
080844.12+385053.4_279063_0.03,279063,0.7558000087738037,0.03,23.0,9.41352,9.41352,0.006947568152099848,0.0001285448670387268,0.008767586201429367,0.00012068352225469425,0.01153521053493023,0.00011301199992885813,0.011834136210381985,0.00019383379549253732,0.016806552186608315,0.002417609328404069,0.01650913991034031,0.002962997416034341,0.014374226331710815,0.0025670696049928665,0.021431464701890945,0.0005120167625136673,0.03633658587932587,0.0009422135772183537,279063,149.69655315963743,1.708831630707486,9518,0.02084235436450721,ADP.2015-10-15T12_53_37.847.fits,zCOSMOS_BRIGHT_DR3_000807508_ZCMRa21_M1_Q4_3_1.fits,807508,149.696548,1.708829,1.729038285049798,2009ApJS..184..218L,,
080202.78+101943.1_608503_1,608503,0.21040000021457672,1.0,2.0,10.4018,10.4018,0.043639879673719406,0.0015348208835348487,0.34938234090805054,0.0037840574514120817,0.2626313865184784,0.002882695756852627,0.4224199056625366,0.007751021068543196,0.7828068733215332,0.05805796757340431,1.463448405265808,0.09738855808973312,2.747032880783081,0.10100965946912766,6.6491804122924805,0.15881571173667908,10.990453720092773,0.22342538833618164,608503,150.77062797408385,2.2199964816492073,13105,0.02103665034534618,ADP.2015-10-15T12_56_09.963.fits,zCOSMOS_BRIGHT_DR3_000821641_ZCMRa95_M2_Q2_20_1.fits,821641,150.77063,2.219991,26.22402747714171,2009ApJS..184..218L,,
174233.83+544131.9_563544_0.1,563544,0.7134000062942505,0.1,1.0,9.66448,9.66448,0.012990269809961319,0.0002963151200674474,0.01754910871386528,0.00030430228798650205,0.021033775061368942,0.00023162143770605326,0.021048687398433685,0.0004467250546440482,,,,,0.050469785928726196,0.00828356109559536,0.03687833249568939,0.0008109432528726757,0.05154494196176529,0.0013319861609488726,563544,149.59325010416572,2.1570262196878094,11748,0.0211838143089509,ADP.2015-10-15T12_55_13.477.fits,zCOSMOS_BRIGHT_DR3_000827425_ZCMRa24_M1_Q3_11_3.fits,827425,149.593246,2.157022,3.153032483029135,2009ApJS..184..218L,,
075217.84+193542.2_565249_0.03,565249,0.12399999797344208,0.03,1.0,9.23331,9.23331,0.061704814434051514,0.0005808782880194485,0.15286408364772797,0.001514848554506898,0.11890048533678055,0.0007906505488790572,0.1434764266014099,0.0013258125400170684,0.14741572737693787,0.002538901986554265,0.1694003790616989,0.00304666580632329,0.225518599152565,0.004428795538842678,0.3945167362689972,0.007945363409817219,0.6085059642791748,0.01093238964676857,565249,149.94734039004584,2.156149669206945,1816,0.02121502660757234,ADP.2015-10-15T12_46_26.353.fits,zCOSMOS_BRIGHT_DR3_000825649_ZCMRa46_M1_Q4_40_1.fits,825649,149.947342,2.156144,16.28184203167977,2009ApJS..184..218L,,
143830.02+013106.9_860155_1,860155,0.7329000234603882,1.0,9.0,10.8,10.8,0.0350925475358963,0.002044605789706111,0.04068072885274887,0.001481869607232511,0.04883758723735809,0.0009528903756290674,0.0603024922311306,0.004509772639721632,,,0.33149874210357666,0.07294589281082153,0.440240740776062,0.09687331318855286,0.23972459137439728,0.010631837882101536,0.3196561336517334,0.021296903491020203,860155,149.78553210164344,2.602474728285776,519,0.02123472453631997,ADP.2015-10-15T12_45_17.817.fits,zCOSMOS_BRIGHT_DR3_000840691_ZCMRa20_M2_Q1_25_1.fits,840691,149.785538,2.602475,3.600287276247172,2009ApJS..184..218L,,
152735.81+343236.4_391243_0.1,391243,0.8276000022888184,0.1,2.0,10.1915,10.1915,0.0009060887387022376,0.00012118034646846354,0.00730136688798666,0.00011768448166549206,0.008063001558184624,0.00010103915701620281,0.01746544986963272,0.0003719108353834599,,,0.04475628584623337,0.007107204291969538,0.05340878665447235,0.0073021468706429005,0.1369517594575882,0.0027584789786487818,0.19390888512134552,0.004319599363952875,391243,150.05483011079954,1.884770141883549,15692,0.021589032062235558,ADP.2015-10-15T12_58_35.353.fits,zCOSMOS_BRIGHT_DR3_000812312_ZCMRa43_M1_Q1_13_1.fits,812312,150.054825,1.884767,4.430599497292271,2009ApJS..184..218L,,
025119.79-004831.7_754336_0.1,754336,0.5526999831199646,0.1,1.0,10.4517,10.4517,0.002672235481441021,0.0002036874502664432,0.02095900848507881,0.0002106994652422145,0.029884690418839455,0.00017505329742562026,0.048925165086984634,0.00039881147677078843,,,0.10728521645069122,0.007337817922234535,0.1500762403011322,0.008961740881204605,0.2099374383687973,0.0036909186746925116,0.3554406464099884,0.007095709443092346,754336,150.42346718646533,2.4405220373332512,8959,0.02162280014574307,ADP.2015-10-15T12_53_10.757.fits,zCOSMOS_BRIGHT_DR3_000830068_ZCMRa78_M2_Q1_11_3.fits,830068,150.423462,2.440519,3.661126594556096,2009ApJS..184..218L,,
033837.91+001051.4_710978_0.001,710978,0.6836000084877014,0.001,1067.0,10.2882,10.2882,0.0009019064018502831,2.5348943381686695e-05,0.004212742205709219,7.360854942817241e-05,0.00845562294125557,8.473201160086319e-05,0.01306221541017294,7.798397564329207e-05,,,0.029108010232448578,0.0006897770217619836,,,0.03835619240999222,0.00018116910359822214,0.028437551110982895,0.00010971408482873812,710978,150.18573974272152,2.37528504910161,9043,0.021864932228815484,ADP.2015-10-15T12_53_13.163.fits,zCOSMOS_BRIGHT_DR3_000831303_ZCMRa56_M2_Q2_9_1.fits,831303,150.185745,2.375282,3.181465940023616,2009ApJS..184..218L,,
081456.09+532533.5_630768_0.01,630768,0.12630000710487366,0.01,43.0,8.5,8.5,0.0087126474827528,0.00011272063420619816,0.021670876070857048,0.0002208050136687234,0.019951745867729187,0.00017766169912647456,0.025168519467115402,0.00018081629241351038,0.028100937604904175,0.000727991049643606,0.03405754640698433,0.001293987617827952,0.035268161445856094,0.0013792989775538445,0.04036758095026016,0.0007458339678123593,0.05270569771528244,0.0010107546113431454,630768,150.6382491530568,2.2552345494439336,6528,0.021906413049513587,ADP.2015-10-15T12_51_10.563.fits,zCOSMOS_BRIGHT_DR3_000822199_ZCMRa86_M2_Q1_4_2.fits,822199,150.638245,2.255239,6.258507008308498,2009ApJS..184..218L,,
154033.59+171903.1_424624_0.003,424624,0.6384000182151794,0.003,11.0,10.2488,10.2488,0.0002563389716669917,3.0359538868651725e-05,0.002154832473024726,5.724237053073011e-05,0.004090532194823027,6.445285544032231e-05,0.007037295959889889,7.133524195523933e-05,0.012201957404613495,0.00027793695335276425,,,0.0257182065397501,0.00087409105617553,0.026584062725305557,0.00016168270667549223,0.02252824977040291,0.0002024537097895518,424624,149.9351973756768,1.9391739883309753,14039,0.02220078996336262,ADP.2015-10-15T12_57_05.613.fits,zCOSMOS_BRIGHT_DR3_000812807_ZCMRa44_M1_Q4_42_1.fits,812807,149.935196,1.93918,2.768762185685278,2009ApJS..184..218L,,
144240.79+052423.2_562528_0.1,562528,0.12600000202655792,0.1,26.0,8.65334,8.65334,0.015366201288998127,0.00033292800071649253,0.11852968484163284,0.002526205498725176,0.0680074468255043,0.0015883144224062562,0.12536457180976868,0.001181012368761003,0.20246955752372742,0.009199673309922218,0.35993942618370056,0.013728414662182331,0.6258760094642639,0.016614556312561035,1.5204533338546753,0.03808075934648514,2.1912243366241455,0.044734321534633636,562528,150.74720940121824,2.1550380284414232,19133,0.022280115335790593,ADP.2015-10-15T13_01_32.290.fits,zCOSMOS_BRIGHT_DR3_000821730_ZCMRa95_M1_Q1_2_1.fits,821730,150.747208,2.155032,3.196671222337336,2009ApJS..184..218L,,
083822.20+610814.3_257117_0.0001,257117,0.3382999897003174,0.0001,2874.0,8.7691,8.7691,0.0017098234966397285,3.644547177827917e-05,0.004510361701250076,8.090137998806313e-05,0.004467738792300224,7.214232027763501e-05,0.0061585139483213425,7.908567931735888e-05,0.006092329043895006,0.0002691772533580661,0.00633285753428936,0.0006865716422908008,0.007023521699011326,0.0007689355406910181,0.0040825968608260155,9.573481656843796e-05,0.003208101959899068,0.00010285535245202482,257117,150.00242635306705,1.6737521885332005,2005,0.022314916790229355,ADP.2015-10-15T12_46_41.200.fits,zCOSMOS_BRIGHT_DR3_000806158_ZCMRa51_M1_Q4_15_1.fits,806158,150.002426,1.673746,1.575364997784125,2009ApJS..184..218L,,
135026.29+062251.5_403815_1,403815,0.5396000146865845,1.0,4.0,10.2382,10.2382,0.04933862388134003,0.0019818609580397606,0.2771952152252197,0.005270821042358875,0.2017046958208084,0.0031762646976858377,0.3455020785331726,0.006087203975766897,0.5119312405586243,0.053823646157979965,0.3749997615814209,0.058640338480472565,0.46035224199295044,0.0967332199215889,1.029114007949829,0.0259812343865633,1.5427008867263794,0.041012123227119446,403815,149.4583647422284,1.9043603456853915,2650,0.02231971383345232,ADP.2015-10-15T12_47_20.907.fits,zCOSMOS_BRIGHT_DR3_000814900_ZCMRa13_M1_Q4_10_1.fits,814900,149.458359,1.904358,4.864957177082719,2009ApJS..184..218L,,
033027.21+005433.8_769244_0.0001,769244,0.44679999351501465,0.0001,1205.0,10.2614,10.2614,0.0007791254320181906,3.2285868655890226e-05,0.006907088216394186,9.652238804847002e-05,0.010740966536104679,9.465466428082436e-05,0.017214100807905197,6.501759344246238e-05,0.024148298427462578,0.00010223827121080831,,,0.039442069828510284,0.000721198390237987,0.03205607831478119,0.00015200473717413843,0.02911882847547531,9.73995411186479e-05,769244,150.21511165597616,2.4627458446981345,11469,0.022824240052809162,ADP.2015-10-15T12_55_02.247.fits,zCOSMOS_BRIGHT_DR3_000838312_ZCMRa67_M1_Q3_20_2.fits,838312,150.215118,2.462746,5.212943515922468,2009ApJS..184..218L,,
074618.94+194900.6_332704_0.01,332704,0.26660001277923584,0.01,7.0,9.08291,9.08291,0.0075966548174619675,5.907967351959087e-05,0.015935711562633514,0.00014043229748494923,0.01715533435344696,0.0001160824322141707,0.020821189507842064,0.00010115531040355563,0.020708417519927025,0.0004258838016539812,,,0.026924507692456245,0.0010118169011548162,0.025248076766729355,0.00037106810486875474,0.026152558624744415,0.0004698422271758318,332704,149.84855300482747,1.7924929292202454,16972,0.022837453106780998,ADP.2015-10-15T12_59_37.580.fits,zCOSMOS_BRIGHT_DR3_000806825_ZCMRa42_M1_Q4_11_1.fits,806825,149.848557,1.792488,3.81017009120573,2009ApJS..184..218L,,
160822.15+401217.9_370158_0.3,370158,0.6202999949455261,0.3,1.0,10.7597,10.7597,0.00402088463306427,0.0003448511997703463,0.014265346340835094,0.0003161031927447766,0.01452108845114708,0.00023871059238445014,0.02601359412074089,0.0010656085796654224,0.07957910746335983,0.017536483705043793,,,0.11836843192577362,0.021243443712592125,0.17260155081748962,0.0038891469594091177,0.2506708800792694,0.006533093750476837,370158,150.23080820480402,1.8511897909557165,3747,0.022942815390320736,ADP.2015-10-15T12_48_18.823.fits,zCOSMOS_BRIGHT_DR3_000811489_ZCMRa71_M1_Q3_4_1.fits,811489,150.230804,1.851185,4.213502734328876,2009ApJS..184..218L,,
030000.57+004828.0_307018_0.01,307018,0.8949999809265137,0.01,1.0,9.63628,9.63628,0.0016032325802370906,4.897756298305467e-05,0.01242586225271225,0.00019385656923986971,0.012367762625217438,0.00015602188068442047,0.019633211195468903,0.00026894762413576245,0.021138908341526985,0.0006648583803325891,0.02133823186159134,0.001212447416037321,0.02270200103521347,0.0015003756852820516,0.03492263704538345,0.0006065272027626634,0.056181617081165314,0.0011090837651863694,307018,149.7036933868289,1.753477536443888,10256,0.023138316399829932,ADP.2015-10-15T12_54_06.530.fits,zCOSMOS_BRIGHT_DR3_000807485_ZCMRa22_M1_Q4_24_1.fits,807485,149.70369,1.753483,2.725704249936894,2009ApJS..184..218L,,
074801.75+291028.9_522411_0.1,522411,0.3418999910354614,0.1,5.0,9.24287,9.24287,0.0012939001899212599,0.00018761676619760692,0.011055771261453629,0.00020002250676043332,0.009541593492031097,0.00017584690067451447,0.01855509541928768,0.0004921385552734137,,,0.040009211748838425,0.008742258884012699,0.03852646425366402,0.007422823458909988,0.03473620489239693,0.0012111301766708493,0.042800258845090866,0.002110346918925643,522411,150.64440458719315,2.09475329673387,12100,0.0232102471161248,ADP.2015-10-15T12_55_26.447.fits,zCOSMOS_BRIGHT_DR3_000815814_ZCMRa95_M2_Q1_16_1.fits,815814,150.644409,2.094758,2.596421560298914,2009ApJS..184..218L,,
135026.29+062251.5_808062_0.1,808062,0.5511999726295471,0.1,5.0,9.45839,9.45839,0.006633511278778315,0.00020278646843507886,0.03154252842068672,0.0005330492276698351,0.025205440819263458,0.00032740860478952527,0.040293075144290924,0.0006150217959657311,0.057129986584186554,0.005383556243032217,0.04211873933672905,0.005911719519644976,0.05071604996919632,0.009722940623760223,0.1076023280620575,0.002599957399070263,0.15763583779335022,0.004102304577827454,808062,149.72591203446473,2.5224523689086613,1434,0.023318431064113635,ADP.2015-10-15T12_46_02.487.fits,zCOSMOS_BRIGHT_DR3_000840945_ZCMRa37_M1_Q3_1_1.fits,840945,149.725906,2.52245,2.610676062225583,2009ApJS..184..218L,,
032223.02-000803.5_610646_0.01,610646,0.6208000183105469,0.01,194.0,9.32821,9.32821,0.002097815042361617,3.9308015402639285e-05,0.0045427363365888596,7.406056101899594e-05,0.005444567650556564,7.132464088499546e-05,0.006419526878744364,9.530625538900495e-05,0.006942697800695896,0.0005500893457792699,,,0.009150425903499126,0.0011716614244505763,0.01001431979238987,0.00017620429571252316,0.012558143585920334,0.0003002528101205826,610646,150.38830329786808,2.2267179678333053,2473,0.02358083233565665,ADP.2015-10-15T12_46_59.593.fits,zCOSMOS_BRIGHT_DR3_000823497_ZCMRa66_M1_Q1_17_1.fits,823497,150.388306,2.226712,2.43403770447312,2009ApJS..184..218L,,
074957.44+312006.1_275254_0.3,275254,0.23029999434947968,0.3,43.0,8.96829,8.96829,0.04532149061560631,0.001118052750825882,0.08207104355096817,0.0013795954873785377,0.057386599481105804,0.0009720398229546845,0.07455110549926758,0.0020365549717098475,0.08756965398788452,0.012104255147278309,0.10470566153526306,0.019537705928087234,0.14107368886470795,0.022516340017318726,0.1292354166507721,0.004198028706014156,0.2117186039686203,0.007401939481496811,275254,150.3321741713958,1.702375976532138,4177,0.023581518501086803,ADP.2015-10-15T12_48_50.933.fits,zCOSMOS_BRIGHT_DR3_000804619_ZCMRa71_M1_Q4_6_2.fits,804619,150.332169,1.70238,4.004775606224284,2009ApJS..184..218L,,
090803.84+312157.4_595735_0.3,595735,0.34119999408721924,0.3,57.0,9.4867,9.4867,0.027482017874717712,0.0010313985403627157,0.040707722306251526,0.000635247677564621,0.04263624548912048,0.0004937608609907329,0.06476867944002151,0.0015315888449549675,0.07625006884336472,0.018288904801011086,,,0.15284790098667145,0.02613714709877968,0.0818985179066658,0.0033281107898801565,0.10129718482494354,0.0064684562385082245,595735,150.27192617141566,2.204596436459861,710,0.02381600541664515,ADP.2015-10-15T12_45_28.433.fits,zCOSMOS_BRIGHT_DR3_000824030_ZCMRa66_M1_Q1_25_1.fits,824030,150.271927,2.204603,7.809510721317797,2009ApJS..184..218L,,
090745.28+532421.4_627743_0.03,627743,0.7131999731063843,0.03,93.0,9.31491,9.31491,0.011459993198513985,0.00021763787663076073,0.012791851535439491,0.00016023371426854283,0.015566026791930199,0.00020263189799152315,0.01532937865704298,0.00025535959866829216,0.01930149644613266,0.0014567251782864332,0.015757888555526733,0.002461379626765847,0.01979351043701172,0.002464762656018138,0.042827751487493515,0.00090359291061759,0.06996205449104309,0.0015558421146124601,627743,149.65813542216225,2.252252888492065,12774,0.023997875283553027,ADP.2015-10-15T12_55_53.587.fits,zCOSMOS_BRIGHT_DR3_000827095_ZCMRa26_M2_Q4_5_1.fits,827095,149.658142,2.252254,0.9933537858002283,2009ApJS..184..218L,,
151648.70-000814.5_765962_0.1,765962,0.5015000104904175,0.1,21.0,10.4499,10.4499,0.0008914459031075239,0.0001138096849899739,0.009558036923408508,0.00013387769286055118,0.01464038249105215,0.0001251743087777868,0.02408919855952263,0.0003843445156235248,0.04258035123348236,0.005362945608794689,,,,,0.07071621716022491,0.0011202191235497594,0.0835847556591034,0.0022030440159142017,765962,149.92566154677561,2.4595362021767335,7899,0.024133729181996296,ADP.2015-10-15T12_52_04.637.fits,zCOSMOS_BRIGHT_DR3_000832683_ZCMRa48_M1_Q4_9_1.fits,832683,149.925659,2.45953,8.906719221987965,2009ApJS..184..218L,,
160015.25+072133.6_886290_0.3,886290,0.510200023651123,0.3,17.0,9.65334,9.65334,0.003979758359491825,0.000376876414520666,0.030612103641033173,0.0005013280315324664,0.02328411303460598,0.00037289020838215947,0.041334934532642365,0.0012357709929347038,0.08073589950799942,0.016243619844317436,,,0.18827463686466217,0.025902243331074715,0.31137728691101074,0.007867005653679371,0.49851715564727783,0.01233492512255907,886290,149.81135863974805,2.6435921996767857,10920,0.024253806299269428,ADP.2015-10-15T12_54_27.077.fits,zCOSMOS_BRIGHT_DR3_000847464_ZCMRa39_M1_Q3_28_1.fits,847464,149.811356,2.643586,2.161552000830279,2009ApJS..184..218L,,
030911.64+002358.8_621918_0.03,621918,0.6126000285148621,0.03,58.0,9.2725,9.2725,0.0239164587110281,0.00044799348688684404,0.024885602295398712,0.0006317916559055448,0.027736015617847443,0.00045308383414521813,0.023486685007810593,0.0003972903359681368,0.019791200757026672,0.0012325868010520935,0.02345927059650421,0.001692226156592369,0.02919985167682171,0.0021696703042834997,0.05004362016916275,0.001162112457677722,0.08977039158344269,0.001911176717840135,621918,150.3150168285097,2.2443306542503776,7171,0.024323144436942192,ADP.2015-10-15T12_51_31.760.fits,zCOSMOS_BRIGHT_DR3_000823851_ZCMRa75_M2_Q3_24_1.fits,823851,150.315018,2.244324,2.226648631821155,2009ApJS..184..218L,,
044428.77+122111.7_626958_0.01,626958,0.09309999644756317,0.01,2.0,9.10398,9.10398,0.05292971059679985,0.0017296642763540149,0.07594781368970871,0.0005238373996689916,0.08187704533338547,0.0003736932703759521,0.1057496964931488,0.0004403870552778244,0.1426106095314026,0.0012264320394024253,0.2138318121433258,0.0021478512790054083,0.28527557849884033,0.0031613404862582684,0.38306641578674316,0.006402755156159401,0.4920058846473694,0.007814453914761543,626958,150.20161953683956,2.24840811926434,8729,0.024328520914141914,ADP.2015-10-15T12_53_02.543.fits,zCOSMOS_BRIGHT_DR3_000824379_ZCMRa66_M1_Q4_5_1.fits,824379,150.201614,2.248412,21.8712747562037,2009ApJS..184..218L,,
021546.52+010058.2_623125_0.3,623125,0.5333999991416931,0.3,22.0,9.23536,9.23536,0.0042620813474059105,0.0004585783462971449,0.016275916248559952,0.0003797216049861163,0.012965966016054153,0.00026778646861203015,0.01908283121883869,0.0011580678401514888,0.04581180214881897,0.013989660888910294,,,,,0.03232239559292793,0.0024719436187297106,0.04003553465008736,0.005257154814898968,623125,150.09946518807845,2.2453452863211143,843,0.024525759004782682,ADP.2015-10-15T12_45_33.290.fits,zCOSMOS_BRIGHT_DR3_000824840_ZCMRa66_M1_Q4_6_1.fits,824840,150.099472,2.245345,1.983395698557181,2009ApJS..184..218L,,
033837.91+001051.4_778793_0.3,778793,0.6804999709129333,0.3,4.0,11.3,11.3,0.011403447948396206,0.0006504873745143414,0.023722436279058456,0.0004324536712374538,0.031053155660629272,0.00030505459289997816,0.05042855814099312,0.0014304299838840961,,,0.17233595252037048,0.023719074204564095,,,0.2816563844680786,0.004446543753147125,0.3085825443267822,0.007624602410942316,778793,150.35817682192612,2.477731187269252,1160,0.024545234125105262,ADP.2015-10-15T12_45_49.707.fits,zCOSMOS_BRIGHT_DR3_000837536_ZCMRa88_M1_Q4_3_1.fits,837536,150.35817,2.477731,5.628637121698884,2009ApJS..184..218L,,
093509.48+481910.2_778362_1,778362,0.21950000524520874,1.0,1.0,10.2737,10.2737,0.2085573971271515,0.005780828185379505,0.6191304922103882,0.014252839609980583,0.4437864422798157,0.003739935113117099,0.5251856446266174,0.007321945391595364,0.761824905872345,0.050359614193439484,0.8149121403694153,0.08433370292186737,1.0489321947097778,0.07149280607700348,0.8978070020675659,0.019351013004779816,1.4412132501602173,0.03445679694414139,778362,149.5485670472844,2.477354535641424,19684,0.024554159585108398,ADP.2015-10-15T13_01_54.617.fits,zCOSMOS_BRIGHT_DR3_000841745_ZCMRa17_M1_Q3_11_1.fits,841745,149.548569,2.477348,17.80473967227068,2009ApJS..184..218L,,
155719.00+452221.5_835486_0.3,835486,0.5008999705314636,0.3,1.0,10.7421,10.7421,0.0029702887404710054,0.0005190203664824367,0.021431880071759224,0.0004213733191136271,0.020130589604377747,0.00025024788919836283,0.041185762733221054,0.0014201245503500104,,,0.11402608454227448,0.018959546461701393,,,0.2548733055591583,0.005671846680343151,0.3476399779319763,0.008370722644031048,835486,149.58129278145503,2.56472611493131,19087,0.024658420708129427,ADP.2015-10-15T13_01_29.860.fits,zCOSMOS_BRIGHT_DR3_000841605_ZCMRa18_M1_Q3_17_2.fits,841605,149.581299,2.564729,7.072363733221106,2009ApJS..184..218L,,
033431.31+005121.5_533206_1,533206,0.4375999867916107,1.0,7.0,10.2329,10.2329,0.022166911512613297,0.0021080290898680687,0.06221931800246239,0.0013683889992535114,0.04778460040688515,0.0008738991455174983,0.0918508768081665,0.004004046320915222,,,,,0.47741061449050903,0.09702251106500626,0.38533830642700195,0.013012711890041828,0.40504997968673706,0.02050953358411789,533206,150.5770236349546,2.1101734300704718,16454,0.024662407526130085,ADP.2015-10-15T12_59_17.690.fits,zCOSMOS_BRIGHT_DR3_000816114_ZCMRa94_M1_Q3_22_3.fits,816114,150.577026,2.110167,5.695531382565941,2009ApJS..184..218L,,
031044.43-081552.2_497237_0.03,497237,0.362199991941452,0.03,436.0,9.34933,9.34933,0.00432206317782402,9.023072925629094e-05,0.007943572476506233,0.00011272613483015448,0.009289267472922802,0.00012008586054435,0.01368643343448639,0.00019707180035766214,0.014503031969070435,0.0015499278670176864,,,,,0.021906521171331406,0.00043831890798173845,0.0319589339196682,0.0008424595580436289,497237,150.12067294307656,2.055247486816981,719,0.024793684865083338,ADP.2015-10-15T12_45_28.923.fits,zCOSMOS_BRIGHT_DR3_000818487_ZCMRa45_M2_Q1_22_1.fits,818487,150.120667,2.055244,3.213881494789418,2009ApJS..184..218L,,
030214.27-072021.0_795495_0.0003,795495,0.7304999828338623,0.0003,63.0,11.1947,11.1947,9.879694698611274e-05,2.373175993852783e-05,0.0033462324645370245,6.564428622368723e-05,0.010811792686581612,9.331831097370014e-05,0.021588414907455444,7.805616769474e-05,,,0.05746627226471901,0.0007313449750654399,0.07691614329814911,0.0008325291564688087,0.10480044782161713,0.0005070276092737913,0.06541081517934799,0.00038578061503358185,795495,149.9098253457318,2.504579433913914,3958,0.025412694319010838,ADP.2015-10-15T12_48_28.297.fits,zCOSMOS_BRIGHT_DR3_000840091_ZCMRa47_M2_Q3_6_1.fits,840091,149.909821,2.504585,5.874866417238852,2009ApJS..184..218L,,
135128.15-001016.9_353608_0.3,353608,0.5260999798774719,0.3,22.0,9.53969,9.53969,0.0012209068518131971,0.0003326445003040135,0.012448921799659729,0.00033365198760293424,0.0074062468484044075,0.0001930786675075069,0.018345657736063004,0.0010933520970866084,,,0.07903780043125153,0.019070597365498543,0.13985350728034973,0.02773124724626541,0.08242049813270569,0.0032977128867059946,0.07953033596277237,0.005713211372494698,353608,149.69684490325776,1.82547533688389,699,0.02555050758399416,ADP.2015-10-15T12_45_28.203.fits,zCOSMOS_BRIGHT_DR3_000813852_ZCMRa22_M2_Q4_2_2.fits,813852,149.696838,1.825477,2.071154777393738,2009ApJS..184..218L,,
144446.18+275944.6_806743_0.01,806743,0.7312999963760376,0.01,9.0,10.3155,10.3155,0.0014013319741934538,4.863700087298639e-05,0.002609496470540762,8.851594611769542e-05,0.004786241799592972,8.010656165424734e-05,0.007410607300698757,0.00010865913645830005,0.015111962333321571,0.0005916436784900725,,,,,0.030618686228990555,0.00024077722628135234,0.023603277280926704,0.00025550805730745196,806743,149.99325071606728,2.523755757131123,19777,0.025581820382125628,ADP.2015-10-15T13_02_00.927.fits,zCOSMOS_BRIGHT_DR3_000839550_ZCMRa39_M2_Q1_19_1.fits,839550,149.993256,2.523751,3.052309241522905,2009ApJS..184..218L,,
075145.14+411535.8_561292_1,561292,0.43869999051094055,1.0,55.0,9.35397,9.35397,0.029797688126564026,0.0013905373634770513,0.1392081379890442,0.00212243665009737,0.09298833459615707,0.001294512301683426,0.18903371691703796,0.004723799414932728,0.2149743288755417,0.07357179373502731,0.4604760408401489,0.1197638139128685,0.3377789855003357,0.09599513560533524,2.201664686203003,0.051102034747600555,3.157595157623291,0.0733761191368103,561292,150.3393383909303,2.153551927866826,18508,0.02560326176262937,ADP.2015-10-15T13_00_56.937.fits,zCOSMOS_BRIGHT_DR3_000823747_ZCMRa75_M1_Q4_2_1.fits,823747,150.33934,2.153545,3.837203719492619,2009ApJS..184..218L,,
081755.69+125654.3_524555_0.1,524555,0.7429999709129333,0.1,4.0,9.9573,9.9573,0.007948758080601692,0.00022298238764051348,0.017083698883652687,0.00019291914941277355,0.020866520702838898,0.00020772677089553326,0.025774996727705002,0.0005226793000474572,,,0.044270336627960205,0.008038162253797054,,,0.08035662770271301,0.0020335272420197725,0.11371400207281113,0.0035040597431361675,524555,150.36965268951542,2.097844629462921,1971,0.02574173042001494,ADP.2015-10-15T12_46_30.643.fits,zCOSMOS_BRIGHT_DR3_000817287_ZCMRa84_M1_Q3_27_1.fits,817287,150.369659,2.097848,3.67958607383112,2009ApJS..184..218L,,
074801.75+291028.9_399385_0.03,399385,0.3425999879837036,0.03,6.0,10.4442,10.4442,0.0005873549380339682,5.6985696573974565e-05,0.017325185239315033,0.00015114498091861606,0.02573498710989952,0.0001463677326682955,0.04259919375181198,0.0001666312018642202,,,0.08583229780197144,0.002688613487407565,0.10661544650793076,0.0023444301914423704,0.06384018808603287,0.00045897168456576765,0.05585586279630661,0.0006555076688528061,399385,150.08534833594987,1.89583332412201,17901,0.025746950361107728,ADP.2015-10-15T13_00_24.227.fits,zCOSMOS_BRIGHT_DR3_000812167_ZCMRa53_M2_Q4_17_1.fits,812167,150.085342,1.89583,11.26871912944983,2009ApJS..184..218L,,
022815.98-010636.5_277181_0.1,277181,0.3224000036716461,0.1,24.0,9.53863,9.53863,0.008650724776089191,0.0002543794398661703,0.01739678904414177,0.00022781407460570335,0.018329331651329994,0.00023150020570028573,0.027714114636182785,0.00047589209862053394,0.035648949444293976,0.005759839434176683,0.05296920984983444,0.007408291567116976,0.048906464129686356,0.008816239424049854,0.035146065056324005,0.0010891795391216874,0.040525250136852264,0.0019242657581344247,277181,149.68698813789302,1.7063584044214923,3501,0.025774354460748404,ADP.2015-10-15T12_48_11.720.fits,zCOSMOS_BRIGHT_DR3_000807567_ZCMRa21_M2_Q4_3_1.fits,807567,149.686981,1.706359,3.300729324861663,2009ApJS..184..218L,,
102134.89+600939.4_728988_0.0003,728988,0.28360000252723694,0.0003,49.0,9.80222,9.80222,0.006765450816601515,3.227167690056376e-05,0.024982629343867302,0.00018190602713730186,0.03244486823678017,0.0001608516031410545,0.04418212175369263,7.547420682385564e-05,0.05683163180947304,0.00016143567336257547,,,0.07947250455617905,0.0008354534511454403,0.047866273671388626,0.0002178159775212407,0.04862847179174423,0.00020206754561513662,728988,149.98991893541472,2.402542771062491,16547,0.02587428501618916,ADP.2015-10-15T12_59_21.293.fits,zCOSMOS_BRIGHT_DR3_000832376_ZCMRa56_M2_Q3_4_1.fits,832376,149.989914,2.402548,12.26884878235727,2009ApJS..184..218L,,
155403.96+024730.4_534730_0.1,534730,0.18880000710487366,0.1,11.0,8.73827,8.73827,0.002394643845036626,5.3006668167654425e-05,0.03989481180906296,0.0003163364890497178,0.033124811947345734,0.0002817842469085008,0.0420854277908802,0.0006692367023788393,0.05721506476402283,0.004399885889142752,0.07795252650976181,0.006047296803444624,0.11676424741744995,0.008704980835318565,0.16524043679237366,0.003953367471694946,0.2689962089061737,0.006117861717939377,534730,149.56721852682932,2.11280527326698,5011,0.025903869355634122,ADP.2015-10-15T12_49_26.637.fits,zCOSMOS_BRIGHT_DR3_000820763_ZCMRa14_M2_Q3_17_1.fits,820763,149.567215,2.112799,4.435799102391101,2009ApJS..184..218L,,
021541.13-010250.9_819051_0.003,819051,0.517300009727478,0.003,2.0,10.1652,10.1652,0.00010244072473142296,1.5663970771129243e-05,0.0027975256089121103,6.162106001283973e-05,0.006061729043722153,7.557629578514025e-05,0.010014084167778492,7.659244147362188e-05,0.015331309288740158,0.00020098812819924206,0.02230793610215187,0.0007084995741024613,0.026313716545701027,0.0008246702491305768,0.019932573661208153,0.0001551506866235286,0.015602568164467812,0.00010916070459643379,819051,150.18929195090928,2.5411369985567775,3249,0.02601343008546995,ADP.2015-10-15T12_47_57.313.fits,zCOSMOS_BRIGHT_DR3_000838453_ZCMRa68_M1_Q3_37_1.fits,838453,150.189285,2.541135,4.363985480821899,2009ApJS..184..218L,,
074738.39+245637.3_767507_0.3,767507,0.12319999933242798,0.3,14.0,9.62913,9.62913,0.1669785976409912,0.0023190798237919807,0.3220384418964386,0.002842220012098551,0.2630874514579773,0.0013463263167068362,0.3617302179336548,0.003398776287212968,0.6617721319198608,0.02278243377804756,0.9623004198074341,0.037871602922677994,1.4515587091445923,0.04034237563610077,2.162774085998535,0.04685800150036812,2.787860155105591,0.054798394441604614,767507,150.28224827855817,2.4602156029855027,15578,0.026042003132833946,ADP.2015-10-15T12_58_27.247.fits,zCOSMOS_BRIGHT_DR3_000837954_ZCMRa67_M2_Q2_14_1.fits,837954,150.282242,2.460212,24.52951905406728,2009ApJS..184..218L,,
093509.48+481910.2_385250_0.03,385250,0.21930000185966492,0.03,2.0,8.63202,8.63202,0.006890004500746727,0.0001761576277203858,0.020850665867328644,0.00043405379983596504,0.015980564057826996,0.00013143364049028605,0.018694348633289337,0.00023142018471844494,0.025770779699087143,0.0015196785097941756,0.02652207389473915,0.002612357959151268,0.03531526401638985,0.002297201892361045,0.026803208515048027,0.0005841106176376343,0.042669594287872314,0.0010367470094934106,385250,149.96437060584637,1.8767942366337194,2360,0.02609045404189004,ADP.2015-10-15T12_46_55.527.fits,zCOSMOS_BRIGHT_DR3_000812696_ZCMRa43_M1_Q4_13_1.fits,812696,149.964371,1.876787,3.763582438710583,2009ApJS..184..218L,,
034621.27-000141.5_349057_0.03,349057,0.6844000220298767,0.03,7.0,9.60103,9.60103,0.0012803907738998532,0.00010633592319209129,0.003263677004724741,0.0004099129873793572,0.004579346161335707,0.00017060560639947653,0.006475919857621193,0.0006854146486148238,0.018697714433073997,0.0013115566689521074,0.022431904450058937,0.002147630089893937,0.0245270486921072,0.0027142087928950787,0.02568797767162323,0.0005075513035990298,0.023497354239225388,0.0006825174205005169,349057,150.3127362654672,1.8196587812196514,8471,0.026154353983012874,ADP.2015-10-15T12_52_47.160.fits,zCOSMOS_BRIGHT_DR3_000811093_ZCMRa72_M1_Q4_2_1.fits,811093,150.312729,1.819659,3.838813530323158,2009ApJS..184..218L,,
142731.13+212009.8_806836_0.03,806836,0.9879000186920166,0.03,3.0,10.1464,10.1464,0.0032475278712809086,7.907772669568658e-05,0.0059915995225310326,0.00013677848619408906,0.007399259600788355,0.0002963801671285182,0.011097129434347153,0.00017005440895445645,0.020398715510964394,0.0023555161897093058,0.01990615762770176,0.0023465880658477545,,,0.07806754112243652,0.0014190662186592817,0.06388338655233383,0.0012444759486243129,806836,149.7293759883709,2.5233328717801946,13749,0.026167140739260755,ADP.2015-10-15T12_56_43.597.fits,zCOSMOS_BRIGHT_DR3_000840924_ZCMRa39_M2_Q4_14_1.fits,840924,149.72937,2.523337,2.310401062437272,2009ApJS..184..218L,,
085140.35+215638.7_473744_0.3,473744,0.7993000149726868,0.3,4.0,9.45038,9.45038,0.018390953540802002,0.00047233825898729265,0.029944997280836105,0.0005662873736582696,0.029525380581617355,0.0005005041602998972,0.046798817813396454,0.0012824770528823137,0.048075493425130844,0.014015115797519684,,,,,0.0723256841301918,0.0030352501198649406,0.09127459675073624,0.005741690285503864,473744,150.68594639809234,2.0184378729260026,5986,0.02620365408226506,ADP.2015-10-15T12_50_31.610.fits,zCOSMOS_BRIGHT_DR3_000815613_ZCMRa93_M2_Q2_15_2.fits,815613,150.685944,2.018431,2.209168102667059,2009ApJS..184..218L,,
084608.82+520600.7_444763_0.1,444763,0.8429999947547913,0.1,1.0,10.9024,10.9024,0.0013995541958138347,0.00014662467583548278,0.010876890271902084,0.00016697763931006193,0.011160955764353275,0.00016145390691235662,0.02809181436896324,0.0004916463512927294,0.050887636840343475,0.006265644915401936,0.06348296999931335,0.006219303701072931,0.08585329353809357,0.007956195622682571,0.12192873656749725,0.0018032700754702091,0.14999021589756012,0.0031413461547344923,444763,150.7511962406514,1.9708398527974,11478,0.02639163792921795,ADP.2015-10-15T12_55_03.053.fits,zCOSMOS_BRIGHT_DR3_000815365_ZCMRa92_M1_Q2_2_1.fits,815365,150.75119,1.970836,2.382586358254511,2009ApJS..184..218L,,
151347.27+153640.0_948812_0.3,948812,0.34779998660087585,0.3,1.0,10.544,10.544,0.010402750223875046,0.0003892614913638681,0.0454348661005497,0.0005269971443340182,0.055208079516887665,0.0004649897455237806,0.10367796570062637,0.0012905420735478401,0.146474689245224,0.012897836975753307,0.2116406112909317,0.015614209696650505,0.3325135409832001,0.019057391211390495,0.5804983973503113,0.012711971066892147,0.993359386920929,0.02116764709353447,948812,149.9454183602812,2.740877666846837,18629,0.026499384478115926,ADP.2015-10-15T13_01_06.020.fits,zCOSMOS_BRIGHT_DR3_000846839_ZCMRa40_M2_Q3_30_3.fits,846839,149.945419,2.740885,14.13313821573621,2009ApJS..184..218L,,
145251.84+024751.8_368752_0.03,368752,0.6735000014305115,0.03,7.0,9.71551,9.71551,0.0015564236091449857,6.649863644270226e-05,0.0030319374054670334,6.672540621366352e-05,0.004339797887951136,6.81980382069014e-05,0.00580723537132144,0.0001560413365950808,0.018043486401438713,0.001789145520888269,,,,,0.015255921520292759,0.00033503148006275296,0.01616520807147026,0.000611918221693486,368752,149.62743332644376,1.8510111761765626,9497,0.026527740340751525,ADP.2015-10-15T12_53_37.387.fits,zCOSMOS_BRIGHT_DR3_000814136_ZCMRa13_M1_Q1_29_1.fits,814136,149.627426,1.851012,1.891633834753905,2009ApJS..184..218L,,
024807.71+003552.0_495771_1,495771,0.8281000256538391,1.0,1750.0,10.1689,10.1689,0.05139077454805374,0.00185378547757864,0.05438901484012604,0.0014751972630620003,0.059941526502370834,0.0015262772794812918,0.06274619698524475,0.003711405908688903,,,0.29666444659233093,0.07279890775680542,,,0.2590022385120392,0.010612290352582932,0.3731088638305664,0.02325279451906681,495771,150.18084791191671,2.053350322113902,2529,0.026562993798175633,ADP.2015-10-15T12_47_02.113.fits,zCOSMOS_BRIGHT_DR3_000818168_ZCMRa65_M1_Q4_27_1.fits,818168,150.180847,2.053343,2.897903814436215,2009ApJS..184..218L,,
075004.39+170245.8_745294_0.003,745294,0.3617999851703644,0.003,1.0,9.60381,9.60381,0.00680770818144083,6.910882802912965e-05,0.015321138314902782,0.00013389157538767904,0.018445778638124466,0.00011873227049363777,0.02510323002934456,8.903637353796512e-05,0.026606855913996696,0.00024895998649299145,0.03141327574849129,0.0006440571742132306,0.03797180950641632,0.0007787931244820356,0.027456749230623245,0.00022895194706507027,0.031749408692121506,0.00032256479607895017,745294,150.76663890088358,2.427966342047279,11536,0.02660140379945244,ADP.2015-10-15T12_55_05.617.fits,zCOSMOS_BRIGHT_DR3_000828330_ZCMRa97_M1_Q2_29_1.fits,828330,150.766632,2.427969,8.651063136243563,2009ApJS..184..218L,,
015548.94+143317.6_491628_0.03,491628,0.7350000143051147,0.03,7350.0,9.76398,9.76398,0.0038501587696373463,9.565196523908526e-05,0.005163106136023998,8.515313675161451e-05,0.007202525623142719,9.0501103841234e-05,0.008783386088907719,0.00016288951155729592,,,,,0.021611541509628296,0.0026057646609842777,0.02812841348350048,0.0004949281574226916,0.034753210842609406,0.0009009244968183339,491628,149.9996639816166,2.047117413219071,15701,0.026687670606784394,ADP.2015-10-15T12_58_35.630.fits,zCOSMOS_BRIGHT_DR3_000819030_ZCMRa53_M2_Q3_11_1.fits,819030,149.999664,2.04711,1.828288780908513,2009ApJS..184..218L,,
081425.89+294115.6_595135_0.3,595135,0.37130001187324524,0.3,87.0,9.87293,9.87293,0.05541933700442314,0.0016816867282614112,0.060690201818943024,0.0010785596678033471,0.06659461557865143,0.0011385931866243482,0.0973111242055893,0.0017332079587504268,,,0.09675510972738266,0.01597723364830017,0.15997019410133362,0.018733493983745575,0.12455234676599503,0.0036758454516530037,0.1884085088968277,0.006564667914062738,595135,150.321372339354,2.2025107969532374,13881,0.02675501966421606,ADP.2015-10-15T12_56_50.403.fits,zCOSMOS_BRIGHT_DR3_000823822_ZCMRa65_M1_Q2_23_1.fits,823822,150.321365,2.202512,5.298689384902955,2009ApJS..184..218L,,
030000.57+004828.0_424177_0.003,424177,0.892300009727478,0.003,3.0,10.7625,10.7625,0.0002190811064792797,1.2682241504080594e-05,0.004279258660972118,7.045589882181957e-05,0.005712359678000212,6.765651050955057e-05,0.012187289074063301,9.961247269529849e-05,0.019024986773729324,0.00023250501544680446,0.02481512539088726,0.0006670482107438147,0.034137140959501266,0.0008209483930841088,0.047128040343523026,0.0002779766800813377,0.04198066145181656,0.0003996326995547861,424177,150.14096488656838,1.9362924365164278,5315,0.02706398319241957,ADP.2015-10-15T12_50_03.003.fits,zCOSMOS_BRIGHT_DR3_000811906_ZCMRa53_M1_Q1_1_1.fits,811906,150.140961,1.936286,1.887070487093056,2009ApJS..184..218L,,
080337.41+364404.5_325825_0.3,325825,0.3569999933242798,0.3,13.0,10.5861,10.5861,0.04092634096741676,0.0007296687690541148,0.06326310336589813,0.0005042508128099144,0.07723532617092133,0.0005344601813703775,0.12132693827152252,0.0014842089731246233,0.15988647937774658,0.019946428015828133,,,,,0.20771147310733795,0.003795041935518384,0.24339348077774048,0.006950197275727987,325825,150.2592441572804,1.7812119816990108,5589,0.027257919124318998,ADP.2015-10-15T12_50_15.810.fits,zCOSMOS_BRIGHT_DR3_000804925_ZCMRa52_M1_Q1_13_1.fits,804925,150.259247,1.781219,10.9464110203242,2009ApJS..184..218L,,
025735.33-001631.3_707097_0.1,707097,0.36959999799728394,0.1,1098.0,9.25018,9.25018,0.005599775817245245,0.00021771391038782895,0.01747673563659191,0.0002113625523634255,0.017705533653497696,0.00027635411242954433,0.023695077747106552,0.0004665869055315852,,,0.039269864559173584,0.0073340763337910175,0.0366801954805851,0.006993132643401623,0.046728406101465225,0.0013469256227836013,0.057441771030426025,0.002247744705528021,707097,149.98880761311267,2.3694991141133346,18266,0.027423731613647723,ADP.2015-10-15T13_00_42.363.fits,zCOSMOS_BRIGHT_DR3_000832381_ZCMRa57_M2_Q4_1_1.fits,832381,149.988815,2.369501,3.573306616241248,2009ApJS..184..218L,,
142344.92+034441.6_527786_0.1,527786,0.30979999899864197,0.1,1.0,9.1752,9.1752,0.011635101400315762,0.00030280297505669296,0.019116651266813278,0.00024311912420671433,0.02110857143998146,0.0002579591528046876,0.030597921460866928,0.0005661529139615595,0.03294423967599869,0.00624098302796483,,,,,0.03892939165234566,0.0012460259022191167,0.05408976972103119,0.0022981513757258654,527786,150.00604358281095,2.1025125368197504,1610,0.02746424353291492,ADP.2015-10-15T12_46_18.440.fits,zCOSMOS_BRIGHT_DR3_000819007_ZCMRa55_M3_Q4_16_1.fits,819007,150.006042,2.10252,4.68041835374153,2009ApJS..184..218L,,
032143.15-064517.5_620113_0.01,620113,0.36239999532699585,0.01,305.0,10.5178,10.5178,0.0007975992048159242,2.287018287461251e-05,0.02021382562816143,0.00015880924183875322,0.032212961465120316,0.0001573232002556324,0.05234796926379204,0.00011036820797016844,,,,,0.12563364207744598,0.0012571364641189575,0.07755618542432785,0.000357951270416379,0.06760802119970322,0.00035690460936166346,620113,150.2248750423584,2.236916033367712,12323,0.028298212956581366,ADP.2015-10-15T12_55_36.157.fits,zCOSMOS_BRIGHT_DR3_000824246_ZCMRa75_M2_Q3_27_1.fits,824246,150.224869,2.236911,13.33965992166966,2009ApJS..184..218L,,
081456.09+532533.5_556116_0.03,556116,0.12189999967813492,0.03,10.0,8.10508,8.10508,0.020373106002807617,0.00032498358632437885,0.04208539053797722,0.0005734767764806747,0.03242448344826698,0.00044445786625146866,0.04173390939831734,0.0004745800979435444,0.048531293869018555,0.002133822999894619,0.05573369562625885,0.003261730307713151,0.06943490356206894,0.0033961699809879065,0.09766342490911484,0.0021955417469143867,0.14167627692222595,0.002984915394335985,556116,150.34213137728864,2.145623810901923,12494,0.028718815827738376,ADP.2015-10-15T12_55_41.047.fits,zCOSMOS_BRIGHT_DR3_000823732_ZCMRa75_M1_Q4_6_1.fits,823732,150.342133,2.145616,3.090663406683672,2009ApJS..184..218L,,
080133.55+141442.8_289867_1,289867,1.1848000288009644,1.0,6.0,10.134,10.134,0.016666850075125694,0.001419005449861288,0.0918354019522667,0.0014041075482964516,0.06621166318655014,0.0010434369323775172,0.10927634686231613,0.00433083763346076,0.2355947196483612,0.05977407842874527,0.279229998588562,0.06493395566940308,0.6468788385391235,0.10977543145418167,0.6018617749214172,0.017960000783205032,1.0426932573318481,0.030632972717285156,289867,150.16197999147485,1.7252217443335591,9964,0.02877099427801725,ADP.2015-10-15T12_53_55.543.fits,zCOSMOS_BRIGHT_DR3_000805493_ZCMRa52_M1_Q1_29_2.fits,805493,150.161972,1.725222,2.578239627609484,2009ApJS..184..218L,,
030011.92+003527.5_277582_0.003,277582,0.4302999973297119,0.003,491.0,8.76453,8.76453,0.0014173949602991343,5.416455678641796e-05,0.0032295812852680683,6.91205495968461e-05,0.0037592242006212473,6.710923480568454e-05,0.004659970290958881,8.674288255861029e-05,0.004687954671680927,0.0002308023103978485,,,,,0.004248370416462421,8.81607920746319e-05,0.004315446130931377,0.00011845339031424373,277582,149.77734857707713,1.7065092433776885,19438,0.029375426725807435,ADP.2015-10-15T13_01_45.173.fits,zCOSMOS_BRIGHT_DR3_000807153_ZCMRa21_M1_Q1_4_1.fits,807153,149.777344,1.706516,3.365544887146426,2009ApJS..184..218L,,
034621.27-000141.5_417569_1,417569,0.6895999908447266,1.0,1.0,10.2665,10.2665,0.022548368200659752,0.0033468008041381836,0.048647064715623856,0.01354712899774313,0.047877587378025055,0.005333965644240379,0.07518124580383301,0.02273041382431984,0.43320369720458984,0.04335746169090271,0.4855179190635681,0.06700374186038971,0.5342216491699219,0.08637401461601257,0.5906231999397278,0.01658867672085762,0.5829830765724182,0.022542092949151993,417569,149.70700483641403,1.925837790427105,17133,0.029396682130684013,ADP.2015-10-15T12_59_42.613.fits,zCOSMOS_BRIGHT_DR3_000813806_ZCMRa22_M2_Q3_12_1.fits,813806,149.707001,1.925845,4.395018519949117,2009ApJS..184..218L,,
075858.29+355643.6_667346_0.1,667346,0.7501000165939331,0.1,6.0,10.8525,10.8525,0.0007345230551436543,0.00013421557378023863,0.008644983172416687,0.00014506558363791555,0.0109619852155447,0.00011847396672237664,0.022160619497299194,0.00047848583199083805,0.042028021067380905,0.005362107418477535,0.05436316132545471,0.006290492136031389,0.07080977410078049,0.006643251050263643,0.12317776679992676,0.0021684791427105665,0.14200152456760406,0.003320415737107396,667346,150.19109986290894,2.3104501574150023,13576,0.029650167847154504,ADP.2015-10-15T12_56_34.083.fits,zCOSMOS_BRIGHT_DR3_000831273_ZCMRa67_M2_Q4_12_1.fits,831273,150.191101,2.310442,4.087084641479553,2009ApJS..184..218L,,
022841.08+003049.4_497825_0.1,497825,0.7246000170707703,0.1,1256.0,10.0705,10.0705,0.01993771456182003,0.00032349282992072403,0.0221891887485981,0.0003313883498776704,0.027084581553936005,0.00026757994783110917,0.02945171669125557,0.0004949220456182957,0.04446182772517204,0.004037260077893734,,,0.05661886930465698,0.007277410943061113,0.09011035412549973,0.0019260217668488622,0.12265986949205399,0.0034203508403152227,497825,150.33272579267782,2.0561236974568566,2082,0.029669751401430113,ADP.2015-10-15T12_46_44.137.fits,zCOSMOS_BRIGHT_DR3_000817459_ZCMRa73_M2_Q3_9_1.fits,817459,150.332718,2.056121,4.341236965703477,2009ApJS..184..218L,,
082547.38+270421.9_922796_1,922796,0.7020000219345093,1.0,1.0,10.8745,10.8745,0.029725877568125725,0.0015982536133378744,0.06213565170764923,0.0017083181301131845,0.06365005671977997,0.0010016335872933269,0.10045671463012695,0.00443227170035243,,,,,0.509591817855835,0.08887152373790741,0.4500584006309509,0.012564307078719139,0.6723306179046631,0.02125472202897072,922796,150.11839352944358,2.6992612445389867,443,0.029741341106395317,ADP.2015-10-15T12_45_09.663.fits,zCOSMOS_BRIGHT_DR3_000845885_ZCMRa40_M2_Q1_2_1.fits,845885,150.118393,2.699253,7.364041688007523,2009ApJS..184..218L,,
080013.86+355831.2_494133_0.03,494133,0.6690999865531921,0.03,758.0,10.4624,10.4624,0.0030723949894309044,6.25451939413324e-05,0.007785290479660034,9.289752779295668e-05,0.011536247096955776,9.562769992044196e-05,0.01688426174223423,0.00014716344594489783,0.028303474187850952,0.0019630438182502985,,,0.05987538397312164,0.0025647813454270363,0.07380601763725281,0.0006396634271368384,0.0743701159954071,0.0010885053779929876,494133,150.00135947256757,2.0502101307142704,5857,0.0297461520188103,ADP.2015-10-15T12_50_25.273.fits,zCOSMOS_BRIGHT_DR3_000819024_ZCMRa53_M2_Q3_10_2.fits,819024,150.001358,2.050202,3.120773640197746,2009ApJS..184..218L,,
142725.04+194952.2_612787_0.001,612787,0.10260000079870224,0.001,2.0,8.36585,8.36585,0.004999887198209763,5.78445105929859e-05,0.010487325489521027,0.00017584976740181446,0.010026117786765099,0.00010846095392480493,0.012060985900461674,9.184839291265234e-05,0.014107517898082733,0.00022649153834208846,0.01690293289721012,0.0007886867388151586,0.0185305867344141,0.0008419657824561,0.01953105442225933,0.00034264198620803654,0.025140680372714996,0.0004309155629016459,612787,150.6438975611083,2.229880508072252,13343,0.02998831966837479,ADP.2015-10-15T12_56_22.650.fits,zCOSMOS_BRIGHT_DR3_000822179_ZCMRa85_M2_Q2_15_1.fits,822179,150.64389,2.229877,4.715662042267123,2009ApJS..184..218L,,
153952.21+334930.8_385995_0.1,385995,0.3264000117778778,0.1,8.0,9.8659,9.8659,0.011158445850014687,0.00028141026268713176,0.019584856927394867,0.0012494281399995089,0.020831231027841568,0.0008370302966795862,0.03998628258705139,0.000558845407795161,0.06455064564943314,0.004912927746772766,0.0840022936463356,0.008687352761626244,0.15172624588012695,0.007426158525049686,0.23914654552936554,0.004468780476599932,0.29309025406837463,0.005707282107323408,385995,150.12519051465603,1.8747873137591333,2691,0.030119327928709378,ADP.2015-10-15T12_47_26.827.fits,zCOSMOS_BRIGHT_DR3_000811996_ZCMRa43_M2_Q1_16_2.fits,811996,150.125183,1.874791,3.193791849401939,2009ApJS..184..218L,,
155403.96+024730.4_367910_1,367910,0.18790000677108765,1.0,4.0,8.77634,8.77634,0.0037886060308665037,0.0003990665718447417,0.3333747684955597,0.002993554575368762,0.25081610679626465,0.002658676588907838,0.3246559798717499,0.006651417817920446,0.4617927670478821,0.043955959379673004,0.6582410931587219,0.060063961893320084,1.0423789024353027,0.08672212064266205,1.577497124671936,0.039517004042863846,2.632077693939209,0.0611557699739933,367910,149.69397792964628,1.8486617442958146,17518,0.030193896029489,ADP.2015-10-15T13_00_02.327.fits,zCOSMOS_BRIGHT_DR3_000813862_ZCMRa23_M2_Q4_20_3.fits,813862,149.69397,1.848659,4.590440693365093,2009ApJS..184..218L,,
153534.12+203035.8_349282_0.1,349282,0.7710999846458435,0.1,1.0,9.76107,9.76107,0.018662746995687485,0.0003383666917216033,0.022938435897231102,0.0003418078413233161,0.027937067672610283,0.0003238784265704453,0.028470328077673912,0.0005257682059891522,,,,,0.037383582442998886,0.007010634522885084,0.07789526134729385,0.0018805178115144372,0.1026286631822586,0.002906136680394411,349282,149.69007080252968,1.8195811218834868,18633,0.030240909935680745,ADP.2015-10-15T13_01_06.113.fits,zCOSMOS_BRIGHT_DR3_000813875_ZCMRa22_M1_Q4_4_1.fits,813875,149.690063,1.819578,3.539332018306745,2009ApJS..184..218L,,
155335.35+281618.5_518354_0.3,518354,0.8109999895095825,0.3,4.0,10.551,10.551,0.021293848752975464,0.0005359150236472487,0.030841946601867676,0.0005769293056800961,0.03835362195968628,0.0004502857627812773,0.04773208126425743,0.001078331028111279,0.06872083991765976,0.016940655186772346,0.12541577219963074,0.024053871631622314,0.1186317652463913,0.02060491405427456,0.3961085081100464,0.008192737586796284,0.624108076095581,0.013836896046996117,518354,150.7398872360003,2.0868537064094848,13594,0.03035898753477074,ADP.2015-10-15T12_56_34.890.fits,zCOSMOS_BRIGHT_DR3_000815408_ZCMRa94_M2_Q2_23_1.fits,815408,150.739883,2.086861,2.678655391127661,2009ApJS..184..218L,,
031935.52+002416.1_761026_0.3,761026,0.6953999996185303,0.3,65.0,10.749,10.749,0.02380491979420185,0.0008231749525293708,0.024074358865618706,0.000643401755951345,0.03044641576707363,0.0004450023116078228,0.0320095419883728,0.0015386450104415417,0.08411796391010284,0.020691653713583946,0.12115128338336945,0.022641651332378387,,,0.17388413846492767,0.004577023908495903,0.24157017469406128,0.007708820514380932,761026,150.27033134890817,2.453232385274596,12273,0.03049604251884147,ADP.2015-10-15T12_55_35.273.fits,zCOSMOS_BRIGHT_DR3_000830880_ZCMRa78_M1_Q4_8_2.fits,830880,150.270325,2.453238,4.217130435891754,2009ApJS..184..218L,,
084010.96+291116.6_337711_0.3,337711,0.6003000140190125,0.3,12.0,9.73125,9.73125,0.0028257351368665695,0.0006624945090152323,0.022254329174757004,0.0003949143865611404,0.01606687717139721,0.000282950495602563,0.029446139931678772,0.0011106444289907813,,,0.1217268854379654,0.02161821722984314,,,0.15478232502937317,0.0044908421114087105,0.24722908437252045,0.0080044474452734,337711,149.6212169156956,1.8009374397453501,4360,0.030561216525735787,ADP.2015-10-15T12_49_00.007.fits,zCOSMOS_BRIGHT_DR3_000814161_ZCMRa21_M1_Q3_14_1.fits,814161,149.621216,1.800929,4.180345402181229,2009ApJS..184..218L,,
025825.89-085535.8_696727_0.03,696727,0.7207000255584717,0.03,146.0,10.2498,10.2498,0.0019928989931941032,7.047308463370427e-05,0.004204520955681801,8.244346099672839e-05,0.006933501921594143,8.668864029459655e-05,0.010088756680488586,0.00017215873231180012,,,,,0.0322422981262207,0.00245381030254066,0.053662195801734924,0.0005633397377096117,0.0676065981388092,0.0010757202981039882,696727,150.23270099902808,2.3544475044741833,586,0.030578422704945835,ADP.2015-10-15T12_45_24.230.fits,zCOSMOS_BRIGHT_DR3_000831074_ZCMRa76_M1_Q3_18_1.fits,831074,150.232697,2.354455,2.534242888460278,2009ApJS..184..218L,,
024308.18-000127.0_902651_0.1,902651,0.6794000267982483,0.1,9.0,10.5458,10.5458,0.0012413024669513106,0.00016056430467870086,0.006899850908666849,0.00014994961384218186,0.0072907013818621635,0.00011047080624848604,0.014029376208782196,0.0004201914998702705,,,,,0.08146799355745316,0.008709393441677094,0.09243144094944,0.0013257988030090928,0.07690063118934631,0.0020608585327863693,902651,149.87232301047686,2.6699149325539717,19126,0.03077473990599254,ADP.2015-10-15T13_01_32.050.fits,zCOSMOS_BRIGHT_DR3_000847186_ZCMRa40_M1_Q4_7_1.fits,847186,149.87233,2.66991,1.459156784149257,2009ApJS..184..218L,,
150910.23+362140.2_630677_1,630677,0.6075999736785889,1.0,21.0,9.76885,9.76885,0.03507067635655403,0.0015257782069966197,0.09996799379587173,0.00135435548145324,0.06958848983049393,0.0011520569678395987,0.07795111835002899,0.0037268633022904396,,,0.23952032625675201,0.0648631900548935,0.27877160906791687,0.07402164489030838,0.21047566831111908,0.008518490009009838,0.2764853537082672,0.014865761622786522,630677,150.34842602685487,2.2569482792126374,13417,0.03101555947146543,ADP.2015-10-15T12_56_25.140.fits,zCOSMOS_BRIGHT_DR3_000823696_ZCMRa75_M2_Q3_18_1.fits,823696,150.348434,2.256945,1.472380616765329,2009ApJS..184..218L,,
092700.28+511627.2_980686_0.1,980686,0.47130000591278076,0.1,4.0,9.41651,9.41651,0.008299482986330986,0.00019737062393687665,0.019458673894405365,0.00020910226157866418,0.01665116474032402,0.00016746693290770054,0.024157673120498657,0.0004428817192092538,,,0.036813825368881226,0.006607639137655497,0.03323168680071831,0.006473179440945387,0.03949717804789543,0.0008991818176582456,0.0652877688407898,0.0016805983614176512,980686,150.32042911946954,2.7936956818030247,13217,0.031055733905007273,ADP.2015-10-15T12_56_15.237.fits,zCOSMOS_BRIGHT_DR3_000850480_ZCMRa70_M1_Q3_19_1.fits,850480,150.320435,2.793702,4.591705390547639,2009ApJS..184..218L,,
075715.76+345424.4_406638_0.1,406638,0.8442000150680542,0.1,5.0,9.80379,9.80379,0.015086079016327858,0.0002566225011833012,0.024012748152017593,0.00024084695905912668,0.029103202745318413,0.0002469512983225286,0.03291941434144974,0.0005975447711534798,0.04483507573604584,0.007222896441817284,,,0.03716346621513367,0.0075386506505310535,0.06486862897872925,0.0015876081306487322,0.10681626200675964,0.0029454787727445364,406638,150.09409236676396,1.9102491618875745,4277,0.03108828737819955,ADP.2015-10-15T12_48_54.037.fits,zCOSMOS_BRIGHT_DR3_000812120_ZCMRa62_M2_Q3_14_1.fits,812120,150.094086,1.910255,2.074279238165103,2009ApJS..184..218L,,
024703.24-071421.6_761759_0.3,761759,0.3361999988555908,0.3,3.0,8.44933,8.44933,0.011579496785998344,0.0007075263420119882,0.04495147243142128,0.0011483033886179328,0.03264791518449783,0.0011040241224691272,0.09429404139518738,0.003015934955328703,0.07827050238847733,0.011916794814169407,0.12352290749549866,0.018303977325558662,0.16940172016620636,0.025292320176959038,0.21684716641902924,0.006010927259922028,0.2744047939777374,0.008398168720304966,761759,149.48026105511514,2.454617219824196,10496,0.031235758660848063,ADP.2015-10-15T12_54_15.863.fits,zCOSMOS_BRIGHT_DR3_000834906_ZCMRa17_M2_Q3_17_1.fits,834906,149.480255,2.454611,2.729976504088877,2009ApJS..184..218L,,
011847.39+390428.1_288499_1,288499,0.9704999923706055,1.0,22.0,10.2466,10.2466,0.019557567313313484,0.0016237712698057294,0.04876833036541939,0.0011432557366788387,0.04633965715765953,0.0008848261786624789,0.07808077335357666,0.003585080849006772,,,,,0.5046687126159668,0.08934228122234344,0.6637754440307617,0.019121555611491203,1.5397089719772339,0.03972357511520386,288499,150.44501314749266,1.7218031483267404,1481,0.031292982036723066,ADP.2015-10-15T12_46_08.237.fits,zCOSMOS_BRIGHT_DR3_000804163_ZCMRa72_M1_Q1_25_1.fits,804163,150.445007,1.721797,2.751686463922602,2009ApJS..184..218L,,
155403.96+024730.4_605783_0.3,605783,0.18770000338554382,0.3,14.0,9.25216,9.25216,0.00214851344935596,0.00012249745486769825,0.1073414757847786,0.0009050096268765628,0.08534650504589081,0.0008040107204578817,0.11165028810501099,0.0019966079853475094,0.1560385823249817,0.013187800534069538,0.21779485046863556,0.01803205907344818,0.33553552627563477,0.026027914136648178,0.4891708493232727,0.01185560692101717,0.8012689352035522,0.01834738813340664,605783,150.28220476239864,2.218925459299953,7209,0.031581027040180655,ADP.2015-10-15T12_51_32.910.fits,zCOSMOS_BRIGHT_DR3_000824003_ZCMRa66_M1_Q1_19_1.fits,824003,150.282196,2.218926,5.53280421275216,2009ApJS..184..218L,,
110801.02+660937.1_424632_1,424632,0.43320000171661377,1.0,7.0,9.48646,9.48646,0.0383853055536747,0.0014352182624861598,0.08334120362997055,0.0015187306562438607,0.06672709435224533,0.0009901908924803138,0.11410538852214813,0.005640584509819746,,,0.25753602385520935,0.062333546578884125,,,0.17051570117473602,0.007257158402353525,0.2009236216545105,0.012770973145961761,424632,150.38478525244315,1.938476289849886,15798,0.031694109706590264,ADP.2015-10-15T12_58_42.633.fits,zCOSMOS_BRIGHT_DR3_000810793_ZCMRa64_M1_Q1_45_1.fits,810793,150.384781,1.938484,7.03742987698066,2009ApJS..184..218L,,
160533.88+253231.2_620057_0.01,620057,0.734000027179718,0.01,344.0,10.6391,10.6391,0.0011153477244079113,3.72350295947399e-05,0.002852892503142357,5.0768194341799244e-05,0.0058822776190936565,6.717506767017767e-05,0.010016285814344883,8.413501200266182e-05,0.016426891088485718,0.0006196689209900796,0.022217731922864914,0.0009539101156406105,,,0.033752668648958206,0.0003137692983727902,0.02699347212910652,0.0003425761533435434,620057,149.90851218150314,2.2405222040558215,9982,0.0318421964354643,ADP.2015-10-15T12_53_55.917.fits,zCOSMOS_BRIGHT_DR3_000825832_ZCMRa36_M2_Q1_7_1.fits,825832,149.908508,2.24053,1.982989922778129,2009ApJS..184..218L,,
083406.94+350602.9_512533_0.3,512533,0.4794999957084656,0.3,1.0,9.92114,9.92114,0.001278989133425057,0.00032844868837855756,0.02453351393342018,0.00041664799209684134,0.017764398828148842,0.0002929469628725201,0.03935765475034714,0.001044255681335926,0.1278759092092514,0.013496868312358856,0.17660194635391235,0.01858796365559101,0.3024281859397888,0.022731561213731766,0.36101800203323364,0.009239926934242249,0.7097573280334473,0.016083024442195892,512533,150.06876311312263,2.0781087050703837,1396,0.03190954025542536,ADP.2015-10-15T12_46_01.137.fits,zCOSMOS_BRIGHT_DR3_000818753_ZCMRa55_M2_Q4_23_1.fits,818753,150.068756,2.078114,3.859665383435047,2009ApJS..184..218L,,
034430.03-005842.7_634925_0.3,634925,0.28299999237060547,0.3,2.0,10.7857,10.7857,0.019709356129169464,0.0008042046683840454,0.0647437795996666,0.0008256812579929829,0.08056420087814331,0.000626265536993742,0.1285400688648224,0.001881471718661487,0.19903787970542908,0.012232490815222263,,,0.33344507217407227,0.02689315192401409,0.26938194036483765,0.004631116520613432,0.29530635476112366,0.007296356372535229,634925,149.87288780707416,2.2614609340716263,12089,0.031912326887892986,ADP.2015-10-15T12_55_25.893.fits,zCOSMOS_BRIGHT_DR3_000826020_ZCMRa45_M1_Q3_8_5.fits,826020,149.872879,2.261462,11.90910482889648,2009ApJS..184..218L,,
074755.90+481637.2_383717_0.001,383717,0.8848999738693237,0.001,42.0,10.3623,10.3623,0.001094004139304161,3.546874722815119e-05,0.0026055914349853992,6.192577711772174e-05,0.005048100836575031,7.131419260986149e-05,0.008997269906103611,7.507197005907074e-05,0.014519440941512585,0.0001216479140566662,0.01603264920413494,0.0006492307875305414,,,0.030883820727467537,0.0002829252916853875,0.023010700941085815,0.000175529217813164,383717,150.47594479300903,1.8737027283409562,8865,0.03197990370812664,ADP.2015-10-15T12_53_08.060.fits,zCOSMOS_BRIGHT_DR3_000810338_ZCMRa93_M1_Q4_19_1.fits,810338,150.475937,1.873707,2.423451277412465,2009ApJS..184..218L,,
153731.90+052513.9_830078_0.01,830078,0.30630001425743103,0.01,6.0,9.54999,9.54999,0.007354307919740677,9.575495641911402e-05,0.017560770735144615,0.00015653342416044325,0.021644746884703636,0.00021231319988146424,0.033980436623096466,0.00027159368619322777,0.029659543186426163,0.0005109062767587602,0.033928342163562775,0.0010156492935493588,0.041603460907936096,0.0013036291347816586,0.05062193050980568,0.0007096537156030536,0.06783560663461685,0.0009794478537514806,830078,149.61238365321336,2.556494485762244,2521,0.0321021873052632,ADP.2015-10-15T12_47_02.040.fits,zCOSMOS_BRIGHT_DR3_000841473_ZCMRa29_M2_Q4_6_1.fits,841473,149.612381,2.556503,10.50650005536829,2009ApJS..184..218L,,
090951.46+393053.5_460318_0.1,460318,0.5659000277519226,0.1,2.0,10.4007,10.4007,0.008386430330574512,0.00021101201127748936,0.015967288985848427,0.00027352897450327873,0.019012169912457466,0.0005097957910038531,0.026149477809667587,0.0004641840059775859,,,0.06849164515733719,0.006215393543243408,0.08857709169387817,0.008472969755530357,0.24603742361068726,0.005210412200540304,0.4252703785896301,0.008660774677991867,460318,150.72936733934665,1.995217548536535,12578,0.03222914393726962,ADP.2015-10-15T12_55_43.213.fits,zCOSMOS_BRIGHT_DR3_000815445_ZCMRa94_M2_Q1_12_1.fits,815445,150.72937,1.995209,3.873451919255659,2009ApJS..184..218L,,
082038.88+381136.4_556872_0.1,556872,0.39079999923706055,0.1,16.0,9.9041,9.9041,0.00525238923728466,0.00012112893455196172,0.018901800736784935,0.00021373116760514677,0.020088568329811096,0.00015579922182951123,0.035189270973205566,0.0005089472979307175,,,0.09365686774253845,0.008946937508881092,0.1248253807425499,0.008149456232786179,0.23264500498771667,0.0051853107288479805,0.34817928075790405,0.00720756221562624,556872,150.76931397647147,2.1459710316540277,989,0.03233464388342101,ADP.2015-10-15T12_45_37.713.fits,zCOSMOS_BRIGHT_DR3_000821651_ZCMRa95_M2_Q1_4_1.fits,821651,150.769318,2.145963,9.42954068779796,2009ApJS..184..218L,,
160808.47+093715.5_403651_1,403651,0.5586000084877014,1.0,7.0,9.92318,9.92318,0.02058744989335537,0.0014493141788989305,0.06240639090538025,0.0012970613315701485,0.03981413692235947,0.0007919726776890457,0.09895076602697372,0.0043944139033555984,0.2051171511411667,0.05602676421403885,0.22258244454860687,0.062013935297727585,0.38278019428253174,0.09146448224782944,0.4045189619064331,0.013632204383611679,0.43011751770973206,0.01952318288385868,403651,149.9741120707849,1.9050520442094199,16394,0.03234658465148761,ADP.2015-10-15T12_59_15.153.fits,zCOSMOS_BRIGHT_DR3_000812654_ZCMRa53_M1_Q4_11_1.fits,812654,149.974121,1.905051,6.240261892963954,2009ApJS..184..218L,,
161003.36+234113.9_871230_0.001,871230,0.7027000188827515,0.001,7.0,10.15,10.15,0.00022027269005775452,3.4045537177007645e-05,0.00163666729349643,4.8075628001242876e-05,0.004133102484047413,6.365117587847635e-05,0.00706141022965312,6.855558604001999e-05,,,0.01573101244866848,0.0006471133092418313,0.019589897245168686,0.0009679843205958605,0.019018495455384254,0.0001383759081363678,0.012288286350667477,0.0001200193801196292,871230,149.85868006187204,2.622206393338246,967,0.03244003735874485,ADP.2015-10-15T12_45_37.180.fits,zCOSMOS_BRIGHT_DR3_000840360_ZCMRa20_M1_Q1_23_2.fits,840360,149.858673,2.622212,2.849124256964373,2009ApJS..184..218L,,
111516.05+672453.0_353393_0.3,353393,0.5120000243186951,0.3,13.0,9.09993,9.09993,0.015948140993714333,0.00047791824908927083,0.035257816314697266,0.0005112151266075671,0.0289138276129961,0.00046823520096950233,0.037905871868133545,0.0013767351629212499,0.053703565150499344,0.01741967350244522,,,,,0.07385784387588501,0.0027466260362416506,0.07852768152952194,0.0038982306141406298,353393,150.17302662982635,1.8262238047889081,12408,0.03244818920172267,ADP.2015-10-15T12_55_37.990.fits,zCOSMOS_BRIGHT_DR3_000811740_ZCMRa62_M2_Q4_1_1.fits,811740,150.173019,1.826219,1.556637653505846,2009ApJS..184..218L,,
153206.74+485758.4_548386_0.1,548386,0.9230999946594238,0.1,6.0,10.4371,10.4371,0.005144916940480471,0.00015583832282572985,0.015528195537626743,0.00024022282741498202,0.016158316284418106,0.00020447662973310798,0.024725835770368576,0.0006039842846803367,0.02707226574420929,0.005256908480077982,,,0.06346363574266434,0.008432823233306408,0.10095938295125961,0.0018046338809654117,0.16287106275558472,0.003451333614066243,548386,150.38457870934494,2.1342579610293617,10987,0.03255207845046108,ADP.2015-10-15T12_54_29.940.fits,zCOSMOS_BRIGHT_DR3_000823516_ZCMRa65_M1_Q1_7_1.fits,823516,150.384583,2.13425,3.059936316853876,2009ApJS..184..218L,,
164452.01+352054.3_772394_0.01,772394,0.6682999730110168,0.01,1.0,10.2862,10.2862,0.00033841992262750864,4.101509694010019e-05,0.0026189652271568775,5.362110459827818e-05,0.004472853150218725,6.247012788662687e-05,0.0076987287029623985,8.550126221962273e-05,0.013853669166564941,0.0005783034721389413,0.022560693323612213,0.0009382966673001647,,,0.03639726713299751,0.00024263035447802395,0.03144188970327377,0.0002947206376120448,772394,149.907128380645,2.4705018305695727,3942,0.03255887461381578,ADP.2015-10-15T12_48_26.780.fits,zCOSMOS_BRIGHT_DR3_000840113_ZCMRa48_M2_Q4_6_2.fits,840113,149.907135,2.470508,3.406985318586016,2009ApJS..184..218L,,
084349.49+411741.6_810787_0.003,810787,0.9812999963760376,0.003,17.0,10.444,10.444,0.0019577927887439728,6.589492841158062e-05,0.0032790168188512325,6.568584649357945e-05,0.005111200734972954,6.686423148494214e-05,0.00896965991705656,8.238316513597965e-05,0.014412526041269302,0.00018071653903461993,0.015274259261786938,0.0007147518335841596,0.023396175354719162,0.0008642927277833223,0.04000153765082359,0.0001902042276924476,0.03438904881477356,0.0002904023858718574,810787,150.42776148874225,2.5293616524436104,6982,0.032596726161832956,ADP.2015-10-15T12_51_26.567.fits,zCOSMOS_BRIGHT_DR3_000837134_ZCMRa89_M1_Q4_17_1.fits,837134,150.427765,2.52937,2.337615926730677,2009ApJS..184..218L,,
081738.33+242330.0_392928_0.03,392928,0.2754000127315521,0.03,1.0,9.08269,9.08269,0.022416923195123672,0.0002823079121299088,0.024184856563806534,0.0003103245981037617,0.029178407043218613,0.0002731358108576387,0.0412779226899147,0.0006626659887842834,0.02617136389017105,0.0012912688544020057,0.03236207365989685,0.0018050934886559844,0.03919753432273865,0.0020710411481559277,0.04255957528948784,0.0009401235729455948,0.0702405497431755,0.0015328131848946214,392928,149.9834528232175,1.8888156538937892,11578,0.032675924498511616,ADP.2015-10-15T12_55_07.287.fits,zCOSMOS_BRIGHT_DR3_000812615_ZCMRa33_M1_Q1_17_1.fits,812615,149.983459,1.888809,4.098438933793689,2009ApJS..184..218L,,
030000.57+004828.0_654255_0.001,654255,0.9077000021934509,0.001,1.0,10.4727,10.4727,8.615980186732486e-05,1.659320514590945e-05,0.0022884258069097996,5.048370803706348e-05,0.0043873838149011135,6.309673335636035e-05,0.010001244954764843,8.047420851653442e-05,0.01461332943290472,0.0002252098493045196,0.01885542832314968,0.0006234094616957009,0.02717842534184456,0.0008994344971142709,0.031881581991910934,0.00019112123118247837,0.02482297457754612,0.00019192924082744867,654255,149.52229889913596,2.292719263154891,18236,0.03284417813241877,ADP.2015-10-15T13_00_41.213.fits,zCOSMOS_BRIGHT_DR3_000827713_ZCMRa17_M2_Q4_20_1.fits,827713,149.522308,2.29272,2.445744585784023,2009ApJS..184..218L,,
024703.24-071421.6_630683_0.1,630683,0.3255000114440918,0.1,4.0,10.5291,10.5291,0.0037426340859383345,0.00023610025527887046,0.02375912480056286,0.00039940030546858907,0.02817021869122982,0.0003870156651828438,0.06061651557683945,0.0010076046455651522,0.07757523655891418,0.003975251689553261,0.11727020144462585,0.006144362036138773,0.15853577852249146,0.008474599570035934,0.13268952071666718,0.0020322285126894712,0.1467619091272354,0.002814660081639886,630683,149.9128720281459,2.2544188504038023,17951,0.03293870191537076,ADP.2015-10-15T13_00_27.417.fits,zCOSMOS_BRIGHT_DR3_000825808_ZCMRa46_M2_Q4_5_1.fits,825808,149.912872,2.254428,9.802902804915998,2009ApJS..184..218L,,
161450.97+180353.8_601266_1,601266,0.5357000231742859,1.0,61.0,9.9413,9.9413,0.01403113640844822,0.0013308789348229766,0.06666848063468933,0.0013029007241129875,0.04708142578601837,0.0008277847664430737,0.09518968313932419,0.003704311326146126,,,0.26470082998275757,0.06730525940656662,0.31279486417770386,0.0714682936668396,0.350825697183609,0.011871403083205223,0.37638404965400696,0.017463380470871925,601266,149.46541666922244,2.211548034609736,17559,0.03304406998587483,ADP.2015-10-15T13_00_07.920.fits,zCOSMOS_BRIGHT_DR3_000827934_ZCMRa15_M2_Q3_23_1.fits,827934,149.465408,2.211545,1.748284966372843,2009ApJS..184..218L,,
074352.02+271239.5_630175_0.001,630175,0.2506999969482422,0.001,7.0,8.82646,8.82646,0.0032799257896840572,4.4516476918943226e-05,0.00668316800147295,9.503775800112635e-05,0.008034156635403633,8.732207788852975e-05,0.009699281305074692,7.992608152562752e-05,0.011769103817641735,0.0001723918685456738,0.014729127287864685,0.0007615864160470665,0.018853452056646347,0.0009027270134538412,0.01792827993631363,0.00029108751914463937,0.023326829075813293,0.0003544514474924654,630175,149.95920910858607,2.2554896852637394,5391,0.033044487443045216,ADP.2015-10-15T12_50_06.137.fits,zCOSMOS_BRIGHT_DR3_000825591_ZCMRa46_M1_Q4_6_2.fits,825591,149.959213,2.255498,3.455156356286465,2009ApJS..184..218L,,
144542.00+140931.1_551414_0.3,551414,0.671500027179718,0.3,328.0,10.9997,10.9997,0.03378461301326752,0.0006575429579243064,0.037124138325452805,0.0005375472828745842,0.04571673274040222,0.00044344767229631543,0.05265555530786514,0.001270800014026463,0.09979096055030823,0.01787198707461357,0.11407618224620819,0.020698390901088715,,,0.2029019594192505,0.006150960922241211,0.281587153673172,0.010872148908674717,551414,150.3417659398023,2.1374131833625905,1608,0.033060814611561073,ADP.2015-10-15T12_46_18.420.fits,zCOSMOS_BRIGHT_DR3_000823735_ZCMRa75_M1_Q4_8_1.fits,823735,150.341766,2.137404,6.662446748399838,2009ApJS..184..218L,,
034621.27-000141.5_332987_0.1,332987,0.6940000057220459,0.1,11.0,9.37445,9.37445,0.0029972910415381193,0.0003370842896401882,0.006275205872952938,0.0013558302307501435,0.007011501118540764,0.0005373493768274784,0.010048412717878819,0.0022745118476450443,0.04555559903383255,0.004337400663644075,0.04946760833263397,0.006734644062817097,0.05345690995454788,0.008683083578944206,0.05958196893334389,0.0016627099830657244,0.05888132378458977,0.0022579734213650227,332987,149.7499321579488,1.793859749249117,142,0.0331035211795207,ADP.2015-10-15T12_44_49.637.fits,zCOSMOS_BRIGHT_DR3_000813572_ZCMRa12_M1_Q1_7_1.fits,813572,149.749924,1.793864,1.548216661998011,2009ApJS..184..218L,,
153931.18+171336.6_560466_0.03,560466,0.9144999980926514,0.03,202.0,10.0063,10.0063,0.006848919205367565,8.947648166213185e-05,0.009297987446188927,0.00011362313671270385,0.011829516850411892,9.808441973291337e-05,0.015190823003649712,0.000196672830497846,0.01591114141047001,0.0016198046505451202,,,0.024108029901981354,0.002288380404934287,0.034096792340278625,0.0004471273859962821,0.04083721339702606,0.0007591845351271331,560466,150.2174760236753,2.15143965888658,14844,0.03338383451703322,ADP.2015-10-15T12_57_37.580.fits,zCOSMOS_BRIGHT_DR3_000824290_ZCMRa55_M1_Q1_2_1.fits,824290,150.217468,2.151435,2.800400382466061,2009ApJS..184..218L,,
033718.81+003303.7_490950_0.03,490950,0.4424000084400177,0.03,300.0,9.78081,9.78081,0.0011545703746378422,5.277154195937328e-05,0.0061698537319898605,8.514976070728153e-05,0.007129010744392872,7.898356852820143e-05,0.011956254951655865,0.00013517866318579763,,,0.024674508720636368,0.0017523557180538774,0.033445462584495544,0.0021673827432096004,0.024991879239678383,0.000468240468762815,0.026299161836504936,0.0006728266598656774,490950,149.9313883439024,2.0460327319300537,18617,0.033524327821989046,ADP.2015-10-15T13_01_05.563.fits,zCOSMOS_BRIGHT_DR3_000819294_ZCMRa44_M2_Q4_1_1.fits,819294,149.931381,2.046027,4.443376943694823,2009ApJS..184..218L,,
075209.09+414235.5_602077_1,602077,0.26159998774528503,1.0,2.0,10.0018,10.0018,0.16466832160949707,0.0035326508805155754,0.2600036561489105,0.003385003888979554,0.2589745819568634,0.002373359864577651,0.320067435503006,0.005982505157589912,0.3025472164154053,0.06823905557394028,,,,,0.5053051710128784,0.013837183825671673,0.7572311758995056,0.023859800770878792,602077,149.5410960566536,2.210409571033366,12837,0.03367095923418515,ADP.2015-10-15T12_55_55.927.fits,zCOSMOS_BRIGHT_DR3_000827639_ZCMRa16_M2_Q4_10_1.fits,827639,149.541092,2.210418,17.35376321658551,2009ApJS..184..218L,,
023547.23-010933.4_765622_0.1,765622,0.6952999830245972,0.1,3.0,11.35,11.35,0.008055840618908405,0.00022929882106836885,0.015486293472349644,0.0002221332979388535,0.028386373072862625,0.0002389289002167061,0.04596676304936409,0.0004155808128416538,0.07495036721229553,0.005382934585213661,,,,,0.195045605301857,0.0016254853690043092,0.16130879521369934,0.002659374149516225,765622,150.2537449849653,2.459469459675827,6918,0.033689237259744625,ADP.2015-10-15T12_51_24.513.fits,zCOSMOS_BRIGHT_DR3_000830974_ZCMRa57_M2_Q2_22_1.fits,830974,150.253754,2.459472,8.149728464560516,2009ApJS..184..218L,,
084822.24+274554.3_497209_0.003,497209,0.6647999882698059,0.003,9867.0,9.41933,9.41933,0.0017567011527717113,3.6168781662127e-05,0.0028701280243694782,5.540660640690476e-05,0.004241662099957466,6.130800466053188e-05,0.004877226427197456,6.882076559122652e-05,0.00636140163987875,0.00020919092639815062,0.00643196003511548,0.0006751223118044436,0.007545868866145611,0.000885554647538811,0.008370418101549149,9.45304855122231e-05,0.008156487718224525,0.00015163574425969273,497209,149.9566711885472,2.055954831276886,3722,0.03369080300783226,ADP.2015-10-15T12_48_18.173.fits,zCOSMOS_BRIGHT_DR3_000700610_ZCMRa33_M2_Q2_7_1.fits,700610,149.95668,2.055958,1.644874324743868,2009ApJS..184..218L,,
074838.00+285059.4_373164_0.3,373164,0.28299999237060547,0.3,2.0,10.1495,10.1495,0.050685930997133255,0.0040443106554448605,0.10061289370059967,0.0016499945195391774,0.10576452314853668,0.001826933934353292,0.15714678168296814,0.0030085474718362093,0.14677777886390686,0.014438467100262642,0.1941896229982376,0.02108595333993435,0.19174990057945251,0.027439014986157417,0.1788713037967682,0.004406243097037077,0.25508594512939453,0.007608312182128429,373164,149.63284945855244,1.8555561717722904,7559,0.0338273322940281,ADP.2015-10-15T12_51_48.450.fits,zCOSMOS_BRIGHT_DR3_000814109_ZCMRa13_M1_Q1_27_1.fits,814109,149.632843,1.855563,10.07376681235205,2009ApJS..184..218L,,
081032.72+565105.2_788704_0.1,788704,0.2824000120162964,0.1,5.0,9.3971,9.3971,0.007972397841513157,0.00019016387523151934,0.022709190845489502,0.000325610424624756,0.02345399372279644,0.0002497935201972723,0.03748927265405655,0.0005146262119524181,0.03972264379262924,0.005982159171253443,0.05748584866523743,0.006652471609413624,0.05317115783691406,0.0073373219929635525,0.04649628326296806,0.0012376850936561823,0.044763997197151184,0.0017057451186701655,788704,149.9525850130055,2.49415876028229,18767,0.0339049649502833,ADP.2015-10-15T13_01_11.083.fits,zCOSMOS_BRIGHT_DR3_000839763_ZCMRa47_M2_Q3_10_1.fits,839763,149.952576,2.494156,7.368977458545564,2009ApJS..184..218L,,
030643.37-004549.1_385272_0.03,385272,0.5619999766349792,0.03,14.0,10.5665,10.5665,0.0012836672831326723,6.252455932553858e-05,0.009660960175096989,0.00010365086200181395,0.014225436374545097,0.00010693211515899748,0.024412324652075768,0.0001410008262610063,,,,,0.07586505264043808,0.002410415094345808,0.07208362221717834,0.0006037326529622078,0.060956865549087524,0.0009038516436703503,385272,150.02250744557568,1.8756245708667696,16595,0.03398271833233682,ADP.2015-10-15T12_59_23.480.fits,zCOSMOS_BRIGHT_DR3_000812453_ZCMRa43_M1_Q1_16_1.fits,812453,150.022507,1.875634,8.71947741332608,2009ApJS..184..218L,,
083640.18+155229.7_617822_1,617822,0.22120000422000885,1.0,1.0,9.75331,9.75331,0.1548847258090973,0.0031224919948726892,0.25650978088378906,0.0035195874515920877,0.2078881561756134,0.0023998033720999956,0.2735546827316284,0.004507763311266899,0.4615119695663452,0.07884831726551056,0.35903269052505493,0.06088772416114807,0.4176956117153168,0.07553741335868835,1.1267457008361816,0.02666758932173252,1.5576510429382324,0.04468907415866852,617822,150.45743368826035,2.235078456568293,2699,0.03400246305496312,ADP.2015-10-15T12_47_29.100.fits,zCOSMOS_BRIGHT_DR3_000823163_ZCMRa86_M1_Q4_9_2.fits,823163,150.457428,2.235086,9.604564912567037,2009ApJS..184..218L,,
084634.30+313058.2_556304_0.1,556304,0.3840000033378601,0.1,59.0,9.83376,9.83376,0.00959805864840746,0.0002789761056192219,0.016971202567219734,0.00022424427152145654,0.019686037674546242,0.00025655547506175935,0.02616536244750023,0.0004941691877320409,,,,,0.08582261204719543,0.008690550923347473,0.2743603587150574,0.006237069610506296,0.41298142075538635,0.009248312562704086,556304,149.91832055219191,2.145846446325527,11407,0.034064742840311725,ADP.2015-10-15T12_54_52.147.fits,zCOSMOS_BRIGHT_DR3_000825771_ZCMRa34_M1_Q2_11_1.fits,825771,149.91832,2.145837,5.171828092849111,2009ApJS..184..218L,,
154735.22+361325.9_786631_0.1,786631,0.5324000120162964,0.1,2.0,10.0122,10.0122,0.010715072974562645,0.00022158563660923392,0.01681673526763916,0.0015878027770668268,0.02040335163474083,0.001799949211999774,0.025402728468179703,0.0005470820469781756,0.08265093713998795,0.009601568803191185,0.08595156669616699,0.008532377891242504,0.1139264702796936,0.011926302686333656,0.22985218465328217,0.004553544335067272,0.21273595094680786,0.004455236718058586,786631,150.0196679937891,2.492277417017229,13816,0.03409387395238313,ADP.2015-10-15T12_56_47.867.fits,zCOSMOS_BRIGHT_DR3_000839421_ZCMRa47_M2_Q2_6_1.fits,839421,150.019669,2.492268,4.83078566169352,2009ApJS..184..218L,,
031859.68-080223.1_426311_0.1,426311,0.7480000257492065,0.1,1.0,10.2548,10.2548,0.013134880922734737,0.00035152790951542556,0.01681787334382534,0.0003530540852807462,0.02205609530210495,0.00025810374063439667,0.026272205635905266,0.0006413188530132174,0.02929236739873886,0.00539907393977046,0.04075446352362633,0.006557476706802845,,,0.06355646997690201,0.0012247515842318535,0.08197443932294846,0.0022982850205153227,426311,150.66486393721598,1.941396784583724,9591,0.03417681230673918,ADP.2015-10-15T12_53_39.447.fits,zCOSMOS_BRIGHT_DR3_000809443_ZCMRa94_M1_Q1_28_2.fits,809443,150.664856,1.941402,1.888125699852294,2009ApJS..184..218L,,
155609.80+030922.3_796985_0.0003,796985,0.13109999895095825,0.0003,46.0,9.80283,9.80283,0.0035971729084849358,3.243973333155736e-05,0.0440853014588356,0.00025279761757701635,0.06488323956727982,0.00022589342552237213,0.0975576713681221,9.902169404085726e-05,0.13903599977493286,0.00017564887821208686,0.16659146547317505,0.0005842107930220664,0.17024438083171844,0.0007268463377840817,0.09244462102651596,0.0003943475312553346,0.07060748338699341,0.0004913271404802799,796985,150.35122842661718,2.5065355629542174,7746,0.034358634068143525,ADP.2015-10-15T12_51_59.340.fits,zCOSMOS_BRIGHT_DR3_000837572_ZCMRa89_M1_Q4_23_1.fits,837572,150.351227,2.506545,22.04455439083346,2009ApJS..184..218L,,
021946.02-000446.9_871340_0.0001,871340,0.5490999817848206,0.0001,6.0,10.2765,10.2765,5.907924423809163e-05,3.144114089081995e-05,0.0015786036383360624,4.844264913117513e-05,0.003332472639158368,6.176433089422062e-05,0.006064591463655233,7.371009996859357e-05,0.010661059990525246,0.0001082220915122889,,,,,0.019163496792316437,0.00016715899982955307,0.013734102249145508,0.00013822376786265522,871340,149.68092249965204,2.621993441535544,8149,0.03445748550565792,ADP.2015-10-15T12_52_24.097.fits,zCOSMOS_BRIGHT_DR3_000841169_ZCMRa10_M1_Q1_15_1.fits,841169,149.680923,2.622003,2.301026270162994,2009ApJS..184..218L,,
143028.65+143653.8_599272_0.01,599272,0.31200000643730164,0.01,222.0,9.1366,9.1366,0.0028380933217704296,5.786013571196236e-05,0.006252063438296318,8.357616025023162e-05,0.00720185786485672,8.588851051172242e-05,0.009848007932305336,0.0001037291222019121,0.010749091394245625,0.0006174556910991669,,,0.016544193029403687,0.0013482872163876891,0.013928730972111225,0.0002845494309440255,0.0173741914331913,0.0003866621118504554,599272,149.75716483260973,2.2102433898956573,8590,0.034553594681477,ADP.2015-10-15T12_52_56.543.fits,zCOSMOS_BRIGHT_DR3_000826586_ZCMRa26_M1_Q1_15_1.fits,826586,149.757172,2.210237,2.313312698274242,2009ApJS..184..218L,,
172734.55+532909.9_562778_0.003,562778,0.5511999726295471,0.003,295.0,9.25685,9.25685,0.0014566248282790184,3.343244316056371e-05,0.003092654515057802,6.292603211477399e-05,0.004077153746038675,6.250736623769626e-05,0.004808506928384304,6.915521953487769e-05,0.0056601050309836864,0.00024367122387047857,0.0070167649537324905,0.0006426175823435187,0.007773886434733868,0.0007609298336319625,0.007645247969776392,9.632544970372692e-05,0.007035138085484505,0.00011080323019996285,562778,149.89240404218808,2.156409586621443,3120,0.034717533287431046,ADP.2015-10-15T12_47_52.527.fits,zCOSMOS_BRIGHT_DR3_000825919_ZCMRa46_M2_Q4_36_1.fits,825919,149.89241,2.156402,2.255218843958671,2009ApJS..184..218L,,
022324.21+003251.8_686279_0.01,686279,0.5958999991416931,0.01,411.0,9.01063,9.01063,0.001312832348048687,2.7260175556875765e-05,0.0029030037112534046,6.344370922306553e-05,0.003960263915359974,6.465389742515981e-05,0.004301270470023155,8.336913015227765e-05,,,,,0.007886655628681183,0.0011318667093291879,0.005957219749689102,0.00012165543739683926,0.005506414454430342,0.00019137085473630577,686279,150.0449383661562,2.3401295594396174,1306,0.03476305788518802,ADP.2015-10-15T12_45_57.797.fits,zCOSMOS_BRIGHT_DR3_000832077_ZCMRa47_M1_Q1_9_1.fits,832077,150.044937,2.34012,1.778608915871299,2009ApJS..184..218L,,
141556.84+052029.5_583045_0.1,583045,0.1362999975681305,0.1,1.0,8.72292,8.72292,0.03146632760763168,0.0006242992240004241,0.09149032831192017,0.001199501333758235,0.06670640408992767,0.0006202736403793097,0.09803858399391174,0.0018428805051371455,0.14779095351696014,0.0071318792179226875,0.186475932598114,0.009065691381692886,0.2224353402853012,0.012293588370084763,0.1916186660528183,0.00437411293387413,0.20719438791275024,0.005059756804257631,583045,150.6858155334603,2.1833566346853805,473,0.03479677879296356,ADP.2015-10-15T12_45_10.647.fits,zCOSMOS_BRIGHT_DR3_000821980_ZCMRa96_M2_Q1_16_1.fits,821980,150.685806,2.183355,7.41385764622494,2009ApJS..184..218L,,
154735.22+361325.9_911911_0.1,911911,0.5351999998092651,0.1,2.0,10.3301,10.3301,0.009334652684628963,0.00022293147048912942,0.013166324235498905,0.0015862846048548818,0.01650330424308777,0.0017993306973949075,0.020542848855257034,0.0005479949759319425,0.0773884728550911,0.009601600468158722,0.0782850980758667,0.008549663238227367,0.10021530091762543,0.011930952779948711,0.21478934586048126,0.004553121980279684,0.19763261079788208,0.004455918911844492,911911,150.33204675674668,2.6833566718172817,6175,0.03482952874348801,ADP.2015-10-15T12_50_44.537.fits,zCOSMOS_BRIGHT_DR3_000844858_ZCMRa70_M1_Q4_4_1.fits,844858,150.332047,2.683347,4.270588251564296,2009ApJS..184..218L,,
095553.14+633742.7_313620_0.03,313620,0.36149999499320984,0.03,56.0,9.65243,9.65243,0.0059607625007629395,7.490654388675466e-05,0.016218725591897964,0.00015292182797566056,0.018253494054079056,0.00013182529073674232,0.026741262525320053,0.00015900364087428898,,,0.04038134962320328,0.002802603878080845,,,0.032882820814847946,0.0004230411723256111,0.03462659567594528,0.0006783587159588933,313620,150.41363658325395,1.7624744504272574,14418,0.03484730480599939,ADP.2015-10-15T12_57_20.337.fits,zCOSMOS_BRIGHT_DR3_000804304_ZCMRa81_M1_Q3_21_1.fits,804304,150.413635,1.762484,6.721568242381552,2009ApJS..184..218L,,
030214.27-072021.0_903376_0.1,903376,0.7437999844551086,0.1,2.0,10.9486,10.9486,0.007966971956193447,0.0002430762688163668,0.014763022772967815,0.00023000691726338118,0.022974718362092972,0.00018194058793596923,0.032792478799819946,0.0006556815933436155,,,0.07953616976737976,0.007442602422088385,0.10461524873971939,0.008151919580996037,0.1806904673576355,0.0022258232347667217,0.19775131344795227,0.0035931102465838194,903376,150.48537643893988,2.668023461663709,14954,0.03508113203260199,ADP.2015-10-15T12_57_49.497.fits,zCOSMOS_BRIGHT_DR3_000844078_ZCMRa99_M1_Q3_22_2.fits,844078,150.485367,2.668021,4.442762559232076,2009ApJS..184..218L,,
084347.84+203752.4_572427_0.1,572427,0.22100000083446503,0.1,1.0,8.80769,8.80769,0.03204157575964928,0.0006109849200583994,0.058012016117572784,0.0009128552628681064,0.04293293505907059,0.00046353592188097537,0.05556342378258705,0.0009477785788476467,,,0.08230666071176529,0.00988265872001648,0.12204423546791077,0.00814548134803772,0.23119238018989563,0.005437600426375866,0.3496452867984772,0.007686999626457691,572427,150.45454984048283,2.1689811926751505,15741,0.03509154368360269,ADP.2015-10-15T12_58_39.380.fits,zCOSMOS_BRIGHT_DR3_000823184_ZCMRa84_M1_Q3_9_1.fits,823184,150.454544,2.168989,3.743566319754462,2009ApJS..184..218L,,
035036.14+003747.4_736084_0.01,736084,0.38339999318122864,0.01,1.0,9.31746,9.31746,0.001785940956324339,6.494676199508831e-05,0.003163999877870083,6.04176711931359e-05,0.004389291629195213,7.039714546408504e-05,0.007056333124637604,9.915342525346205e-05,,,0.017451228573918343,0.001052427338436246,,,0.020229123532772064,0.0002055862423731014,0.022924846038222313,0.00024917226983234286,736084,150.62502201618906,2.4156801085941813,587,0.03521906240090906,ADP.2015-10-15T12_45_24.243.fits,zCOSMOS_BRIGHT_DR3_000829054_ZCMRa88_M2_Q1_25_1.fits,829054,150.625031,2.415684,1.475967940238353,2009ApJS..184..218L,,
084347.84+203752.4_612849_0.3,612849,0.21979999542236328,0.3,3.0,9.3827,9.3827,0.09322872012853622,0.0018306244164705276,0.16864308714866638,0.002726842649281025,0.12390157580375671,0.0013707142788916826,0.1625218242406845,0.0028335899114608765,,,0.25443848967552185,0.02959083952009678,0.3733012080192566,0.02433186210691929,0.6958742737770081,0.016308970749378204,1.051631212234497,0.02305764891207218,612849,149.99939973108562,2.228745589810062,2204,0.03537161690481701,ADP.2015-10-15T12_46_48.323.fits,zCOSMOS_BRIGHT_DR3_000825394_ZCMRa56_M1_Q4_8_2.fits,825394,149.99939,2.228747,17.79225271744193,2009ApJS..184..218L,,
073028.10+435330.8_278927_1,278927,0.28290000557899475,1.0,35.0,9.74766,9.74766,0.11928747594356537,0.0032952739857137203,0.15766549110412598,0.00291278469376266,0.16485659778118134,0.004706966690719128,0.24383366107940674,0.0059087201952934265,,,,,0.2809385359287262,0.06270543485879898,0.5157788991928101,0.01868950016796589,0.7928123474121094,0.029133137315511703,278927,149.59607589925716,1.7074419982216105,8560,0.03537948247265103,ADP.2015-10-15T12_52_51.783.fits,zCOSMOS_BRIGHT_DR3_000807952_ZCMRa21_M1_Q4_2_1.fits,807952,149.596069,1.707449,6.432665454407898,2009ApJS..184..218L,,
161400.30-011006.0_737847_0.01,737847,0.2498999983072281,0.01,3.0,9.05115,9.05115,0.0030439163092523813,6.414709059754387e-05,0.006085664499551058,8.077919483184814e-05,0.007451091893017292,7.5625313911587e-05,0.009649493731558323,9.38700613914989e-05,,,0.014255514368414879,0.0010029012337327003,0.019437775015830994,0.0013051556888967752,0.02089998684823513,0.0003857844858430326,0.02876872755587101,0.0006121972110122442,737847,149.99302883583022,2.4182382784538223,7122,0.03561503352444621,ADP.2015-10-15T12_51_30.397.fits,zCOSMOS_BRIGHT_DR3_000832362_ZCMRa57_M2_Q3_43_1.fits,832362,149.993027,2.418248,4.546477079101957,2009ApJS..184..218L,,
081205.39+160751.8_475557_0.1,475557,0.43549999594688416,0.1,10.0,10.5319,10.5319,0.0017501515103504062,0.00017152268264908344,0.01743345707654953,0.00021305867994669825,0.019388947635889053,0.00018186145462095737,0.03738030418753624,0.0005457092192955315,0.05634179711341858,0.005379935726523399,0.09940427541732788,0.008238970302045345,,,0.11546257883310318,0.0020801702048629522,0.1527957320213318,0.0035938993096351624,475557,150.53247959602754,2.0192829182722623,16946,0.03563624538561324,ADP.2015-10-15T12_59_36.227.fits,zCOSMOS_BRIGHT_DR3_000816314_ZCMRa93_M1_Q3_20_4.fits,816314,150.532471,2.019278,8.876880717696933,2009ApJS..184..218L,,
073028.10+435330.8_605240_0.03,605240,0.2818000018596649,0.03,14.0,8.96813,8.96813,0.006997521035373211,0.00010457466851221398,0.013802804052829742,0.00014366641698870808,0.015222199261188507,0.00017287765513174236,0.019739829003810883,0.00019333932141307741,,,,,0.023929722607135773,0.0021048157941550016,0.02392001822590828,0.0005734896403737366,0.03112577646970749,0.0008845083066262305,605240,149.53344947754104,2.2179803503669375,9850,0.035863740256326854,ADP.2015-10-15T12_53_51.190.fits,zCOSMOS_BRIGHT_DR3_000827662_ZCMRa16_M1_Q4_11_1.fits,827662,149.533447,2.21799,5.367952346642324,2009ApJS..184..218L,,
101408.51+640929.2_822153_0.1,822153,0.5130000114440918,0.1,11.0,9.37316,9.37316,0.0048682657070457935,0.0002262089547002688,0.010996316559612751,0.00037281744880601764,0.010232777334749699,0.00019772099039983004,0.014368650503456593,0.000600152590777725,0.018602803349494934,0.005081965122371912,0.043234147131443024,0.008166806772351265,,,0.041430581361055374,0.0010966927511617541,0.05839855968952179,0.0017313093412667513,822153,150.23071020006995,2.547124406594955,9447,0.035974349021316805,ADP.2015-10-15T12_53_35.220.fits,zCOSMOS_BRIGHT_DR3_000838224_ZCMRa78_M1_Q3_23_3.fits,838224,150.230713,2.547134,2.917333114111663,2009ApJS..184..218L,,
073941.87+390158.8_355750_0.3,355750,0.3871999979019165,0.3,1.0,10.1936,10.1936,0.01858646050095558,0.0005791335715912282,0.034193411469459534,0.0005107083707116544,0.03583265841007233,0.0004008838441222906,0.06293785572052002,0.0013909172266721725,,,0.1270410418510437,0.019857706502079964,0.17003676295280457,0.024240024387836456,0.4297095537185669,0.009267022833228111,0.6420892477035522,0.01444554328918457,355750,149.60181695925363,1.8287425303537028,16811,0.0362235109826593,ADP.2015-10-15T12_59_30.133.fits,zCOSMOS_BRIGHT_DR3_000814246_ZCMRa23_M1_Q4_26_1.fits,814246,149.601807,1.828744,5.519935314043405,2009ApJS..184..218L,,
074719.65+215245.9_706796_1,706796,0.4677000045776367,1.0,25.0,10.3086,10.3086,0.04990869015455246,0.0017001786036416888,0.09208521991968155,0.0016325771575793624,0.07885295897722244,0.001177088008262217,0.14451515674591064,0.004924563691020012,0.2049056440591812,0.05369122698903084,0.27824193239212036,0.06011544167995453,0.3756587505340576,0.07596655189990997,0.3542798161506653,0.01260861475020647,0.4647837281227112,0.020566094666719437,706796,150.27611193099852,2.368755282366302,8593,0.036284835001620566,ADP.2015-10-15T12_52_56.617.fits,zCOSMOS_BRIGHT_DR3_000830852_ZCMRa67_M1_Q1_2_1.fits,830852,150.276108,2.368746,9.137493950829459,2009ApJS..184..218L,,
084347.84+203752.4_536359_0.1,536359,0.22210000455379486,0.1,3.0,8.99512,8.99512,0.030961070209741592,0.0006105476059019566,0.05677445977926254,0.0009119943715631962,0.04195854067802429,0.00046192589798010886,0.05517761409282684,0.0009475415572524071,,,0.08495017141103745,0.009875777177512646,0.12456263601779938,0.008141263388097286,0.23181027173995972,0.005436607636511326,0.3498659133911133,0.007686073891818523,536359,150.17182387140934,2.116394765003915,14936,0.036412898361689636,ADP.2015-10-15T12_57_48.477.fits,zCOSMOS_BRIGHT_DR3_000818226_ZCMRa65_M2_Q4_8_1.fits,818226,150.171814,2.116397,3.579266276198801,2009ApJS..184..218L,,
083406.94+350602.9_722350_0.1,722350,0.46560001373291016,0.1,1.0,10.6,10.6,0.00044937978964298964,0.00011597792763495818,0.010819992981851101,0.00015402045391965657,0.012150101363658905,0.00012684449029620737,0.0247711930423975,0.0003541808691807091,0.06625505536794662,0.004502470139414072,0.09811361879110336,0.006242039147764444,0.1601383090019226,0.007626378908753395,0.176906019449234,0.003094751387834549,0.28273335099220276,0.005372490268200636,722350,150.67483954288386,2.393474956353258,8940,0.036427543585780195,ADP.2015-10-15T12_53_10.247.fits,zCOSMOS_BRIGHT_DR3_000828776_ZCMRa98_M3_Q1_23_2.fits,828776,150.674835,2.393484,4.439966501130118,2009ApJS..184..218L,,
025036.11+343832.7_854642_0.003,854642,0.8801000118255615,0.003,54.0,10.25,10.25,0.0010781862074509263,4.1123286791844293e-05,0.003006533719599247,6.444203609135002e-05,0.007522376254200935,7.993256440386176e-05,0.012462659738957882,7.710274076089263e-05,0.015509876422584057,0.000256827799603343,0.019288981333374977,0.0008982453146018088,,,0.023978039622306824,0.00016659520042594522,0.01834244281053543,0.00017685076454654336,854642,150.32783761435425,2.5951452214091275,4461,0.03643685101033951,ADP.2015-10-15T12_49_06.133.fits,zCOSMOS_BRIGHT_DR3_000837693_ZCMRa60_M1_Q1_31_1.fits,837693,150.327835,2.595155,3.678879791586672,2009ApJS..184..218L,,
022754.38-073455.0_358874_0.3,358874,0.9192000031471252,0.3,2.0,11.2666,11.2666,0.0016514831222593784,0.00045788203715346754,0.013150632381439209,0.0003756878722924739,0.013639231212437153,0.00024121317255776376,0.03900047764182091,0.0014420343795791268,0.09781133383512497,0.017687123268842697,0.11169105768203735,0.01889878511428833,,,0.21119734644889832,0.004138787277042866,0.2150782346725464,0.006657946854829788,358874,149.686636874348,1.8320765466430213,1276,0.036493576515029234,ADP.2015-10-15T12_45_56.827.fits,zCOSMOS_BRIGHT_DR3_000813889_ZCMRa21_M1_Q3_8_1.fits,813889,149.68663,1.832084,4.195957598682492,2009ApJS..184..218L,,
034430.03-005842.7_906258_0.0001,906258,0.2808000147342682,0.0001,86.0,9.95018,9.95018,0.0006684582913294435,1.7047517758328468e-05,0.015146738849580288,0.0001420103944838047,0.023289941251277924,0.00013990941806696355,0.03500508517026901,8.15245439298451e-05,0.05164569988846779,0.0001267298503080383,,,0.07914165407419205,0.0008738341857679188,0.038478706032037735,0.0002613487304188311,0.03247762843966484,0.00019862489716615528,906258,150.14799633174127,2.674411057381906,11402,0.03652192535191796,ADP.2015-10-15T12_54_51.967.fits,zCOSMOS_BRIGHT_DR3_000845719_ZCMRa60_M2_Q4_8_3.fits,845719,150.147995,2.674401,11.77298171463636,2009ApJS..184..218L,,
015450.35+132312.5_230041_0.03,230041,0.5745000243186951,0.03,8.0,10.9362,10.9362,0.0029344679787755013,7.468648254871368e-05,0.015101221390068531,0.00017407113045919687,0.03431328758597374,0.00017726300575304776,0.05289885774254799,0.00016685757145751268,0.07546831667423248,0.0021021568682044744,0.1156335100531578,0.0021670865826308727,,,0.11548059433698654,0.0009240733343176544,0.08714014291763306,0.0008219543960876763,230041,149.62484215067008,1.6263316193216095,10205,0.03655339118641271,ADP.2015-10-15T12_54_04.303.fits,zCOSMOS_BRIGHT_DR3_000807833_ZCMRa11_M1_Q1_26_1.fits,807833,149.624832,1.626332,8.863373576947078,2009ApJS..184..218L,,
012214.46+390702.2_611429_1,611429,1.2138999700546265,1.0,18.0,9.6,9.6,0.05898994579911232,0.001748383860103786,0.06971640139818192,0.0023590433411300182,0.09088550508022308,0.0013649854809045792,0.05530596524477005,0.003561928402632475,0.21177665889263153,0.059477195143699646,,,,,0.29381024837493896,0.010897841304540634,0.5511806011199951,0.021299121901392937,611429,149.7137503180528,2.2276937198189097,996,0.03676130544280584,ADP.2015-10-15T12_45_38.323.fits,zCOSMOS_BRIGHT_DR3_000826805_ZCMRa16_M1_Q1_9_6.fits,826805,149.713745,2.227685,2.37456371201977,2009ApJS..184..218L,,
023044.94-093123.0_347949_0.03,347949,0.762499988079071,0.03,4.0,10.7831,10.7831,0.0003419640997890383,4.862820787820965e-05,0.00284971809014678,6.254627805901691e-05,0.004849137272685766,7.050880958558992e-05,0.010413436219096184,0.00014872869360260665,0.019855573773384094,0.0015674951719120145,,,0.04071398451924324,0.002629554131999612,0.04782416298985481,0.0005010486929677427,0.040934670716524124,0.0007800060557201505,347949,149.58710683024407,1.817586243848353,1052,0.037248961319202495,ADP.2015-10-15T12_45_41.100.fits,zCOSMOS_BRIGHT_DR3_000814308_ZCMRa21_M2_Q3_9_2.fits,814308,149.587097,1.817583,2.15132172533731,2009ApJS..184..218L,,
081014.47+280337.1_346801_0.03,346801,0.8162000179290771,0.03,9.0,9.69242,9.69242,0.008184650912880898,0.00014935931540094316,0.012538423761725426,0.00017207064956892282,0.01529094111174345,0.00012777437223121524,0.01878640055656433,0.0002640817838255316,0.01916419342160225,0.001181961502879858,0.01830339804291725,0.0018076744163408875,,,0.02638995088636875,0.0004923587548546493,0.03332887589931488,0.0008775866590440273,346801,150.35457770846565,1.8161572850292609,7604,0.03740547975928902,ADP.2015-10-15T12_51_50.543.fits,zCOSMOS_BRIGHT_DR3_000810916_ZCMRa61_M2_Q2_6_1.fits,810916,150.354568,1.816161,3.202435900487723,2009ApJS..184..218L,,
075145.14+411535.8_320863_0.3,320863,0.4325999915599823,0.3,36.0,9.19012,9.19012,0.009171328507363796,0.0004187116865068674,0.04336699843406677,0.00064031285000965,0.029944395646452904,0.00039407541044056416,0.060099367052316666,0.0014195754192769527,0.06860695034265518,0.022071857005357742,0.14302308857440948,0.035935260355472565,0.10781904309988022,0.028811108320951462,0.6656872034072876,0.015331377275288105,0.9514197111129761,0.02201303280889988,320863,149.74655672040453,1.7749927176417657,18084,0.03748549420078626,ADP.2015-10-15T13_00_34.000.fits,zCOSMOS_BRIGHT_DR3_000807298_ZCMRa32_M2_Q4_11_1.fits,807298,149.746552,1.775002,2.585483062125487,2009ApJS..184..218L,,
075148.90+264829.5_524324_0.0003,524324,0.7443000078201294,0.0003,33.0,10.8854,10.8854,0.00014538344112224877,3.2107331207953393e-05,0.0023961642291396856,5.566652907873504e-05,0.007567461114376783,7.783665205352008e-05,0.014931492507457733,6.797572132200003e-05,,,0.038048889487981796,0.0005760348867624998,,,0.0556362047791481,0.00018453988013789058,0.03433454781770706,0.00011484231072245166,524324,149.87916988989443,2.0964846950657696,8196,0.03760325873368819,ADP.2015-10-15T12_52_25.160.fits,zCOSMOS_BRIGHT_DR3_000819527_ZCMRa45_M1_Q4_16_1.fits,819527,149.879166,2.096475,13.59915709658579,2009ApJS..184..218L,,
032455.28+000227.5_615274_0.001,615274,0.47749999165534973,0.001,181.0,10.3062,10.3062,0.000507376273162663,2.5673265554360114e-05,0.005160871427506208,8.115603122860193e-05,0.00958563107997179,9.097850124817342e-05,0.015326316468417645,6.655932520516217e-05,,,,,0.03736418858170509,0.0009213678422383964,0.025188514962792397,0.00018584952340461314,0.019669990986585617,0.00016143344691954553,615274,149.9552462649988,2.2326765553284917,13722,0.03761289935489476,ADP.2015-10-15T12_56_41.923.fits,zCOSMOS_BRIGHT_DR3_000825616_ZCMRa35_M2_Q2_25_2.fits,825616,149.955246,2.232687,5.395969818261753,2009ApJS..184..218L,,
085001.16+462600.5_378033_0.01,378033,0.5264999866485596,0.01,2.0,8.98839,8.98839,0.001925479038618505,4.2490108171477914e-05,0.004422856494784355,7.090213330229744e-05,0.004734160378575325,7.01830504112877e-05,0.0057221087627112865,8.862841059453785e-05,,,0.007097967900335789,0.0011250835377722979,0.00662811566144228,0.0009789739269763231,0.008028462529182434,0.0001547742576804012,0.007913239300251007,0.00022120962967164814,378033,150.49913944034785,1.8656235410614939,12460,0.03769647858236348,ADP.2015-10-15T12_55_40.097.fits,zCOSMOS_BRIGHT_DR3_000810224_ZCMRa73_M1_Q1_24_2.fits,810224,150.49913,1.865619,2.54306857893592,2009ApJS..184..218L,,
075209.09+414235.5_600048_0.1,600048,0.26159998774528503,0.1,7.0,10.0118,10.0118,0.01883629336953163,0.0003543168131727725,0.04167211055755615,0.0003732065379153937,0.048109788447618484,0.00027796675567515194,0.06361116468906403,0.0006027594208717346,0.07562243938446045,0.006825973745435476,,,,,0.08697116374969482,0.0014249247033149004,0.10943193733692169,0.002396524418145418,600048,149.91532789164827,2.209830564699194,5423,0.037778071356234615,ADP.2015-10-15T12_50_08.417.fits,zCOSMOS_BRIGHT_DR3_000825792_ZCMRa36_M2_Q1_13_1.fits,825792,149.915329,2.209841,10.01922592370528,2009ApJS..184..218L,,
154458.87+172826.7_653881_0.001,653881,0.6610999703407288,0.001,5.0,10.2316,10.2316,0.00044142070692032576,2.8692556952591985e-05,0.0033473866060376167,6.545444921357557e-05,0.006802320014685392,8.167687337845564e-05,0.010947204194962978,8.120750862872228e-05,0.017409279942512512,0.0002430250315228477,0.028623418882489204,0.0006466287886723876,0.040358301252126694,0.0007081030053086579,0.04445292428135872,0.0002815810439642519,0.033159077167510986,0.00022063111828174442,653881,150.7731494380757,2.2914796030338884,2781,0.03778485295664726,ADP.2015-10-15T12_47_35.743.fits,zCOSMOS_BRIGHT_DR3_000821631_ZCMRa97_M2_Q1_25_2.fits,821631,150.773148,2.29149,2.773393471440419,2009ApJS..184..218L,,
080427.98+522306.2_400046_1,400046,0.3619999885559082,1.0,3.0,10.6311,10.6311,0.05221254378557205,0.001944452989846468,0.11232440173625946,0.0019293242366984487,0.11076012998819351,0.001132862875238061,0.19454331696033478,0.004018095321953297,0.3405107855796814,0.05685507506132126,,,0.8465911746025085,0.08531317859888077,1.0846738815307617,0.026394236832857132,1.4923173189163208,0.036036841571331024,400046,150.2537945627543,1.8970328188725645,15300,0.03811923481328537,ADP.2015-10-15T12_58_07.603.fits,zCOSMOS_BRIGHT_DR3_000811357_ZCMRa53_M1_Q1_17_1.fits,811357,150.253784,1.897032,21.13489355840902,2009ApJS..184..218L,,
135128.15-001016.9_237701_0.3,237701,0.5293999910354614,0.3,4.0,9.68144,9.68144,0.0021986362989991903,0.00033378275111317635,0.015240941196680069,0.0003389880293980241,0.011041558347642422,0.000200377544388175,0.02254994586110115,0.0010926926042884588,,,0.08641570806503296,0.01907479017972946,0.1426609456539154,0.027722246944904327,0.08583948016166687,0.003296501003205776,0.08165028691291809,0.0057137832045555115,237701,150.36459178311387,1.6412904048596346,8188,0.03829758044394802,ADP.2015-10-15T12_52_24.993.fits,zCOSMOS_BRIGHT_DR3_000804511_ZCMRa81_M1_Q4_18_4.fits,804511,150.364594,1.64128,2.310522609581774,2009ApJS..184..218L,,
150433.08+033313.0_512944_0.3,512944,0.5551000237464905,0.3,2.0,9.29109,9.29109,0.005482278298586607,0.0004500615468714386,0.027454426512122154,0.0004702444130089134,0.01814303733408451,0.00034049732494167984,0.027661940082907677,0.001523728366009891,0.04770853370428085,0.015619387850165367,,,,,0.12124677002429962,0.004006983712315559,0.15597137808799744,0.0067079621367156506,512944,150.62881983618044,2.078835737970203,12182,0.038405122461629825,ADP.2015-10-15T12_55_29.610.fits,zCOSMOS_BRIGHT_DR3_000815894_ZCMRa83_M1_Q2_2_3.fits,815894,150.62883,2.078839,1.509219032810763,2009ApJS..184..218L,,
024538.30-004705.3_693196_0.3,693196,0.49140000343322754,0.3,660.0,10.118,10.118,0.0035383112262934446,0.0005286778905428946,0.023740682750940323,0.0004173991910647601,0.021942496299743652,0.000348343193763867,0.038815490901470184,0.0010361801832914352,0.07331497222185135,0.015228737145662308,,,,,0.12163551151752472,0.003235799726098776,0.15048189461231232,0.006747993174940348,693196,149.9113544222635,2.348534568989445,19798,0.038431923235355575,ADP.2015-10-15T13_02_02.610.fits,zCOSMOS_BRIGHT_DR3_000832766_ZCMRa47_M2_Q4_4_1.fits,832766,149.911346,2.348528,8.623662990099504,2009ApJS..184..218L,,
080202.78+101943.1_748027_0.3,748027,0.19580000638961792,0.3,1.0,9.69489,9.69489,0.024768877774477005,0.0004629413888324052,0.13870370388031006,0.0011587878689169884,0.12121260166168213,0.0008896272047422826,0.17488667368888855,0.002326920395717025,0.2901914715766907,0.01741822250187397,0.5045002102851868,0.02922275848686695,0.8890610337257385,0.030309727415442467,2.047268867492676,0.04764566197991371,3.3442282676696777,0.06702835112810135,748027,150.6177930429129,2.4303916712651037,2288,0.03846392649342536,ADP.2015-10-15T12_46_51.887.fits,zCOSMOS_BRIGHT_DR3_000829092_ZCMRa87_M2_Q2_21_1.fits,829092,150.617783,2.430388,10.18254896634388,2009ApJS..184..218L,,
081738.33+242330.0_377249_0.01,377249,0.2924000024795532,0.01,4.0,9.44446,9.44446,0.010035659186542034,0.00010087128612212837,0.016698118299245834,0.00015454292588401586,0.020066749304533005,0.00013732975639868528,0.028041744604706764,0.00023405870888382196,0.02437814697623253,0.0004456003080122173,0.028611846268177032,0.0008520842529833317,0.031816817820072174,0.0010186731815338135,0.026039425283670425,0.0003407628682907671,0.03400271758437157,0.0005455316859297454,377249,149.79709449686186,1.8624091957155935,17318,0.038562833295122785,ADP.2015-10-15T12_59_50.847.fits,zCOSMOS_BRIGHT_DR3_000813392_ZCMRa31_M1_Q3_3_1.fits,813392,149.797089,1.8624,4.938567697575673,2009ApJS..184..218L,,
145251.84+024751.8_508753_0.3,508753,0.676800012588501,0.3,2.0,10.2257,10.2257,0.012953884899616241,0.0005029328167438507,0.02040240168571472,0.0004566167772281915,0.0246061310172081,0.000311508949380368,0.031737059354782104,0.001315245172008872,0.1383858323097229,0.017812149599194527,,,,,0.10078303515911102,0.0032123257406055927,0.1260622888803482,0.006055579520761967,508753,149.9283391561568,2.0721404423275183,9830,0.03858257678983147,ADP.2015-10-15T12_53_49.927.fits,zCOSMOS_BRIGHT_DR3_000819312_ZCMRa35_M2_Q1_26_1.fits,819312,149.928329,2.072137,5.112407316193068,2009ApJS..184..218L,,
163459.82+204936.0_637986_0.03,637986,0.1298000067472458,0.03,1.0,9.30392,9.30392,0.005719181150197983,8.607592462794855e-05,0.04381014406681061,0.0004303729219827801,0.039643581956624985,0.0002367843990214169,0.06738173961639404,0.00044451086432673037,0.11907139420509338,0.002697101328521967,0.19764234125614166,0.003966578282415867,0.3228749632835388,0.005888767074793577,0.5090026259422302,0.009869479574263096,0.7245696783065796,0.014098755083978176,637986,150.33199439512686,2.2661366975627644,15674,0.03881431792237209,ADP.2015-10-15T12_58_34.157.fits,zCOSMOS_BRIGHT_DR3_000823777_ZCMRa75_M1_Q3_15_1.fits,823777,150.331985,2.266142,10.83582939471187,2009ApJS..184..218L,,
081441.91+212918.5_499786_0.03,499786,0.16529999673366547,0.03,949.0,8.15577,8.15577,0.012306182645261288,0.00018270766304340214,0.018259622156620026,0.00024113082326948643,0.015109684318304062,0.00016446587687823921,0.018331045284867287,0.0002231695834780112,0.020265093073248863,0.001130131189711392,0.02537032775580883,0.001969810575246811,0.03694396838545799,0.0020447303541004658,0.05381106957793236,0.0012476122938096523,0.06976716220378876,0.001589022227562964,499786,149.9492437083713,2.0595642938917145,16277,0.03881965231022987,ADP.2015-10-15T12_59_08.167.fits,zCOSMOS_BRIGHT_DR3_000819222_ZCMRa33_M1_Q2_7_1.fits,819222,149.949234,2.059569,2.982893854609582,2009ApJS..184..218L,,
082959.15+235932.4_818676_0.1,818676,0.7021999955177307,0.1,7.0,10.5493,10.5493,0.0016550557920709252,0.00012996811710763723,0.006651343312114477,0.00012731016613543034,0.008557820692658424,0.00010185673454543576,0.01424085907638073,0.00036947664921171963,0.03804656118154526,0.006142224185168743,0.046140238642692566,0.006028200499713421,,,0.06327693909406662,0.0012954229023307562,0.05578555539250374,0.002001805230975151,818676,150.10688823150247,2.540442781384763,13505,0.03882191419797525,ADP.2015-10-15T12_56_28.897.fits,zCOSMOS_BRIGHT_DR3_000838935_ZCMRa68_M2_Q3_33_1.fits,838935,150.106888,2.540432,3.232867947228343,2009ApJS..184..218L,,
102125.73+630451.4_357643_0.1,357643,0.8985000252723694,0.1,4.0,10.8734,10.8734,0.0008647147915326059,0.00015927542699500918,0.007709153462201357,0.00016426946967840195,0.009172865189611912,0.00012293108738958836,0.018409065902233124,0.00045105363824404776,,,,,0.06568057090044022,0.008225317113101482,0.09107518196105957,0.0012682251399382949,0.11044391989707947,0.0022859235759824514,357643,149.58126318476613,1.8325336266443424,15515,0.03890264932297122,ADP.2015-10-15T12_58_24.260.fits,zCOSMOS_BRIGHT_DR3_000814333_ZCMRa13_M2_Q4_30_2.fits,814333,149.581253,1.83253,2.26760301953291,2009ApJS..184..218L,,
075209.09+414235.5_886343_0.003,886343,0.2671000063419342,0.003,1.0,8.76796,8.76796,0.0013293203664943576,3.817411925410852e-05,0.003921222873032093,7.07697618054226e-05,0.00483223469927907,6.82999670971185e-05,0.006256764754652977,7.547635323135182e-05,0.006777882110327482,0.0002303231303812936,,,,,0.005364675540477037,8.114760566968471e-05,0.005446203518658876,0.00011539917613845319,886343,150.22110146176942,2.6449797093758702,476,0.03891047988141068,ADP.2015-10-15T12_45_10.890.fits,zCOSMOS_BRIGHT_DR3_000845358_ZCMRa69_M1_Q3_33_1.fits,845358,150.2211,2.644969,1.524974206571762,2009ApJS..184..218L,,
030227.42-071940.7_618621_1,618621,0.38580000400543213,1.0,7.0,9.13282,9.13282,0.049580518156290054,0.0024299449287354946,0.08937042951583862,0.0022370859514921904,0.06604628264904022,0.001318494905717671,0.14660882949829102,0.006738107185810804,,,0.32482820749282837,0.07910710573196411,0.6810978055000305,0.09943124651908875,1.025313377380371,0.025670237839221954,1.3756942749023438,0.038386691361665726,618621,150.67398987234495,2.2387967854481223,5161,0.0389763859952524,ADP.2015-10-15T12_49_39.227.fits,zCOSMOS_BRIGHT_DR3_000822043_ZCMRa96_M1_Q1_7_1.fits,822043,150.673981,2.238803,2.901759454273492,2009ApJS..184..218L,,
084634.30+313058.2_615273_0.1,615273,0.3856000006198883,0.1,1.0,10.1516,10.1516,0.010717715136706829,0.0002794508764054626,0.02284831926226616,0.00024086896155495197,0.028499646112322807,0.0002701199846342206,0.040349431335926056,0.0004965948755852878,,,,,0.12086936831474304,0.008688906207680702,0.29758235812187195,0.006239201407879591,0.43366849422454834,0.009250279515981674,615273,150.61474809306605,2.231045631493088,11649,0.039006948017991996,ADP.2015-10-15T12_55_10.043.fits,zCOSMOS_BRIGHT_DR3_000822303_ZCMRa86_M1_Q1_11_1.fits,822303,150.614746,2.231035,9.230967263615943,2009ApJS..184..218L,,
083646.48+115323.4_600659_0.01,600659,0.42739999294281006,0.01,16.0,9.05129,9.05129,0.002448142971843481,3.293308327556588e-05,0.005096737295389175,8.127151522785425e-05,0.005733811296522617,6.968525849515572e-05,0.007369131315499544,9.945191413862631e-05,,,,,0.008094318211078644,0.0011369310086593032,0.008277487941086292,0.0001442057400709018,0.008895985782146454,0.0002568665368016809,600659,150.08520983952323,2.2120302534117364,14836,0.03916926985159185,ADP.2015-10-15T12_57_36.330.fits,zCOSMOS_BRIGHT_DR3_000824931_ZCMRa56_M1_Q4_13_1.fits,824931,150.085205,2.21204,1.413252531775699,2009ApJS..184..218L,,
143323.68+252619.2_766683_0.03,766683,0.6216999888420105,0.03,1.0,9.93392,9.93392,0.0022774673998355865,6.380113336490467e-05,0.007520528510212898,9.669327846495435e-05,0.009415214881300926,9.022507583722472e-05,0.013694049790501595,0.00015950907254591584,,,0.026575475931167603,0.0019802204333245754,0.03542482852935791,0.0023280391469597816,0.0917811468243599,0.001726332469843328,0.15258091688156128,0.0028728211764246225,766683,150.4484651281384,2.460645174146446,1174,0.03920202787153803,ADP.2015-10-15T12_45_50.453.fits,zCOSMOS_BRIGHT_DR3_000837021_ZCMRa88_M1_Q4_10_1.fits,837021,150.448471,2.460636,2.52814489115017,2009ApJS..184..218L,,
085706.35+190853.5_321990_0.03,321990,0.3395000100135803,0.03,11.0,9.48422,9.48422,0.01696872152388096,0.00033511751098558307,0.020562924444675446,0.00023834966123104095,0.025206588208675385,0.00034366929321549833,0.03717337176203728,0.0006335648358799517,0.04258303716778755,0.0015896904515102506,0.0757785364985466,0.002707035280764103,0.15103010833263397,0.003350325394421816,0.2844306528568268,0.006493494380265474,0.44720807671546936,0.00841558538377285,321990,150.2076197976456,1.7764395699622668,4992,0.03921680354621956,ADP.2015-10-15T12_49_26.070.fits,zCOSMOS_BRIGHT_DR3_000805193_ZCMRa52_M2_Q1_10_1.fits,805193,150.207611,1.776446,2.917625843588721,2009ApJS..184..218L,,
074618.94+194900.6_352976_0.001,352976,0.2660999894142151,0.001,16.0,8.75267,8.75267,0.0008630421943962574,4.02648001909256e-05,0.002735183574259281,6.195701280375943e-05,0.0032789078541100025,6.257124914554879e-05,0.0042567625641822815,8.75716214068234e-05,0.004955917596817017,0.00017141079297289252,,,0.007212894503027201,0.0009458378772251308,0.004442994482815266,0.00011701116454787552,0.004058898892253637,0.00014365768583957106,352976,149.62923087041756,1.8247971838541073,13098,0.039217836719541245,ADP.2015-10-15T12_56_09.817.fits,zCOSMOS_BRIGHT_DR3_000814127_ZCMRa11_M1_Q2_10_1.fits,814127,149.629227,1.824787,1.252621535837152,2009ApJS..184..218L,,
082618.74+191752.9_667008_0.3,667008,0.7896000146865845,0.3,3.0,10.6049,10.6049,0.0009225429967045784,0.0005185503396205604,0.012986923567950726,0.00034193601459264755,0.013269713148474693,0.0002621747553348541,0.02779576927423477,0.0011666406644508243,,,0.08354038000106812,0.015719551593065262,0.10202443599700928,0.017749637365341187,0.12878166139125824,0.0035243581514805555,0.15493083000183105,0.006313505582511425,667008,149.95025096462734,2.311452774391773,14970,0.03957585124004896,ADP.2015-10-15T12_57_49.757.fits,zCOSMOS_BRIGHT_DR3_000832569_ZCMRa46_M2_Q3_39_2.fits,832569,149.950256,2.311443,2.60701718933865,2009ApJS..184..218L,,
081902.32+322637.1_905835_0.03,905835,0.6528000235557556,0.03,11.0,9.49086,9.49086,0.0010856075678020716,5.078806134406477e-05,0.0034432460088282824,6.650006980635226e-05,0.004283688962459564,6.918187864357606e-05,0.006450409069657326,0.00011323194485157728,,,0.01792220212519169,0.002410690765827894,0.020138578489422798,0.002740296069532633,0.04284011945128441,0.0009079901501536369,0.06051849573850632,0.0015118722803890705,905835,150.2367645142824,2.675584533120297,9338,0.03959013730720272,ADP.2015-10-15T12_53_28.160.fits,zCOSMOS_BRIGHT_DR3_000845289_ZCMRa79_M2_Q3_19_1.fits,845289,150.236755,2.675579,2.187251879172897,2009ApJS..184..218L,,
080754.50+494627.6_507184_0.1,507184,0.5741000175476074,0.1,3.0,9.0272,9.0272,0.003059745067730546,0.0001715294347377494,0.013499796390533447,0.00023084174608811736,0.008951233699917793,0.00013559286890085787,0.01272081770002842,0.00043320260010659695,0.0226778332144022,0.005427873227745295,,,0.031265076249837875,0.007167071104049683,0.053583163768053055,0.0015333981718868017,0.08280529826879501,0.002539066132158041,507184,150.64736405316285,2.0708685764590307,460,0.039743427769604246,ADP.2015-10-15T12_45_10.003.fits,zCOSMOS_BRIGHT_DR3_000815804_ZCMRa93_M1_Q2_4_1.fits,815804,150.647354,2.070864,2.83076930697448,2009ApJS..184..218L,,
140205.60+064701.1_818048_0.3,818048,1.3250000476837158,0.3,8.0,10.0542,10.0542,0.09020932018756866,0.0015568153467029333,0.09946437925100327,0.0016157510690391064,0.10127319395542145,0.0015459697460755706,0.09262458235025406,0.0017711945110931993,,,0.07102521508932114,0.01971590705215931,,,0.18871884047985077,0.005479134153574705,0.3634639382362366,0.01021889690309763,818048,149.9434469313986,2.5402312952897117,8714,0.03979047001801406,ADP.2015-10-15T12_53_01.703.fits,zCOSMOS_BRIGHT_DR3_000839829_ZCMRa49_M1_Q4_14_1.fits,839829,149.943436,2.540233,1.628612021545046,2009ApJS..184..218L,,
041152.80-055523.4_221239_0.0001,221239,0.35440000891685486,0.0001,27.0,9.55514,9.55514,0.00010343427857151255,2.5832725441432558e-05,0.0031114385928958654,6.683098035864532e-05,0.005059551913291216,7.249371992656961e-05,0.007852173410356045,8.162450831150636e-05,,,0.013406284153461456,0.0007457162719219923,0.01699363812804222,0.0008183717727661133,0.008015680126845837,0.0001548555592307821,0.00633460795506835,0.00011560429993551224,221239,149.90524323695792,1.6155679052414469,1912,0.039950232066349005,ADP.2015-10-15T12_46_28.000.fits,zCOSMOS_BRIGHT_DR3_000801875_ZCMRa31_M1_Q1_31_1.fits,801875,149.905243,1.615579,4.387598061529229,2009ApJS..184..218L,,
021251.94+001048.6_278244_0.03,278244,0.821399986743927,0.03,286.0,10.6403,10.6403,0.0020828393753618,7.693325460422784e-05,0.004423417150974274,8.889359014574438e-05,0.006807615980505943,0.00010039595508715138,0.010891634970903397,0.00015983688354026526,0.018960820510983467,0.0016161957755684853,0.027472907677292824,0.002070158952847123,,,0.045623648911714554,0.00039907117024995387,0.04193003848195076,0.000751989078707993,278244,150.50844189732553,1.7068113863532501,14113,0.03997609798677035,ADP.2015-10-15T12_57_08.060.fits,zCOSMOS_BRIGHT_DR3_000803940_ZCMRa91_M2_Q4_2_1.fits,803940,150.508453,1.706811,1.996105372123102,2009ApJS..184..218L,,
093617.24+434442.1_255316_0.3,255316,0.8640000224113464,0.3,4.0,10.7999,10.7999,0.030739547684788704,0.0007983942050486803,0.036385416984558105,0.0005820576916448772,0.04456233233213425,0.0005544120213016868,0.02426719106733799,0.005904581863433123,0.07452578842639923,0.017144551500678062,0.07111255824565887,0.015486374497413635,0.12938690185546875,0.021977253258228302,0.19835850596427917,0.0050285435281693935,0.3106405436992645,0.008714747615158558,255316,149.88808277200485,1.6698324941589344,15344,0.039995141958784355,ADP.2015-10-15T12_58_10.410.fits,zCOSMOS_BRIGHT_DR3_000806651_ZCMRa31_M2_Q1_12_4.fits,806651,149.888077,1.669823,2.763076099926128,2009ApJS..184..218L,,
074125.22+333319.9_557072_0.03,557072,0.37059998512268066,0.03,452.0,11.1999,11.1999,0.008252611383795738,0.0001123889087466523,0.04159980267286301,0.0002498267567716539,0.06633878499269485,0.00023934445925988257,0.11005876213312149,0.0004000206827186048,0.15914900600910187,0.001352288294583559,0.21673168241977692,0.0021391280461102724,0.2950252294540405,0.002263786504045129,0.23717914521694183,0.0018621052149683237,0.23916292190551758,0.0020752132404595613,557072,150.25035570603245,2.144405096784406,15774,0.04009772840708018,ADP.2015-10-15T12_58_41.550.fits,zCOSMOS_BRIGHT_DR3_000824116_ZCMRa55_M2_Q1_5_1.fits,824116,150.250351,2.144395,22.4066400537309,2009ApJS..184..218L,,
090933.49+425346.5_564338_1,564338,0.6736000180244446,1.0,115.0,10.1767,10.1767,0.039004527032375336,0.0020255662966519594,0.1657705157995224,0.0028753983788192272,0.11807092279195786,0.002924055326730013,0.23854582011699677,0.0059797512367367744,0.50741046667099,0.07205720245838165,0.7622190117835999,0.09910990297794342,0.954789400100708,0.10265512019395828,2.1846091747283936,0.050308018922805786,3.440051794052124,0.07650386542081833,564338,150.22903016119793,2.157408529618513,10042,0.040197074800925874,ADP.2015-10-15T12_53_57.813.fits,zCOSMOS_BRIGHT_DR3_000824216_ZCMRa76_M1_Q4_27_1.fits,824216,150.229019,2.157408,2.837569230095979,2009ApJS..184..218L,,
075217.84+193542.2_605272_0.1,605272,0.12520000338554382,0.1,37.0,8.7,8.7,0.16248075664043427,0.0019338619895279408,0.36720535159111023,0.0049833315424621105,0.22232241928577423,0.002541690832003951,0.26449111104011536,0.004409969784319401,0.2477271407842636,0.008448150008916855,0.2962612807750702,0.009954595938324928,0.4717831015586853,0.014513666741549969,1.1032695770263672,0.026478666812181473,1.8728222846984863,0.03643406927585602,605272,149.759267998479,2.2175354255922164,11498,0.04021212365722272,ADP.2015-10-15T12_55_03.797.fits,zCOSMOS_BRIGHT_DR3_000826575_ZCMRa26_M1_Q1_14_1.fits,826575,149.759262,2.217526,4.455470634416082,2009ApJS..184..218L,,
075057.26+353037.6_412894_0.01,412894,0.17479999363422394,0.01,5.0,8.55119,8.55119,0.0026906824205070734,3.533313065418042e-05,0.00928316917270422,0.0030803983099758625,0.009890984743833542,0.0010040123015642166,0.012655929662287235,0.01450786180794239,0.06332512944936752,0.0031034520361572504,0.06786367297172546,0.003359949216246605,0.06265977025032043,0.0038198663387447596,0.13558295369148254,0.0029063699766993523,0.10978446155786514,0.00226229359395802,412894,150.03437339711618,1.9197938813477333,11516,0.04023988507056228,ADP.2015-10-15T12_55_04.390.fits,zCOSMOS_BRIGHT_DR3_000812393_ZCMRa42_M1_Q2_12_1.fits,812393,150.034363,1.919798,4.075496345805189,2009ApJS..184..218L,,
145339.24+220655.7_356207_1,356207,0.5013999938964844,1.0,18.0,9.18834,9.18834,0.05310305580496788,0.0016305650351569057,0.11263571679592133,0.0019140444928780198,0.07369716465473175,0.0010835441062226892,0.11385949701070786,0.004033382516354322,,,0.2102702558040619,0.06537222862243652,0.26963046193122864,0.07023562490940094,0.38933703303337097,0.014033982530236244,0.49589991569519043,0.022220304235816002,356207,149.50603102984866,1.8286854373387564,16197,0.04027516527277637,ADP.2015-10-15T12_59_04.307.fits,zCOSMOS_BRIGHT_DR3_000814687_ZCMRa13_M2_Q4_31_1.fits,814687,149.506027,1.828675,2.778820852472137,2009ApJS..184..218L,,
150113.19+232908.2_962165_0.1,962165,0.25060001015663147,0.1,1.0,10.0003,10.0003,0.0014271070249378681,0.00015589896065648645,0.03824233263731003,0.0003209568385500461,0.037977613508701324,0.0002126331819454208,0.0747690200805664,0.0007473492296412587,0.11834457516670227,0.005553641822189093,0.19935348629951477,0.008586790412664413,0.3449164927005768,0.010991894640028477,0.6268903613090515,0.013580882921814919,0.9899318814277649,0.02048797346651554,962165,149.70784333213774,2.7613453137615767,17015,0.04029316206084914,ADP.2015-10-15T12_59_39.883.fits,zCOSMOS_BRIGHT_DR3_000847881_ZCMRa20_M2_Q3_25_2.fits,847881,149.70784,2.761356,11.74235316267578,2009ApJS..184..218L,,
031208.17-063736.1_496582_0.001,496582,0.3734999895095825,0.001,4762.0,9.54843,9.54843,0.0019063145155087113,3.069742888328619e-05,0.007274190429598093,9.950051025953144e-05,0.008838923647999763,8.674984565004706e-05,0.012745730578899384,7.059984636725858e-05,,,0.01654573157429695,0.0006171190761961043,0.020014403387904167,0.0007964748656377196,0.013563154265284538,0.00011497151717776433,0.011738564819097519,0.00011486835865071043,496582,150.28409819517276,2.0528513466499883,8011,0.040323509703797146,ADP.2015-10-15T12_52_10.817.fits,zCOSMOS_BRIGHT_DR3_000817706_ZCMRa73_M2_Q3_10_1.fits,817706,150.284088,2.052856,4.977944915315444,2009ApJS..184..218L,,
030005.57-071215.5_224125_0.1,224125,0.3725000023841858,0.1,3.0,10.9283,10.9283,0.0030867895111441612,0.00018725456902757287,0.026148248463869095,0.00022343371529132128,0.038039371371269226,0.00020231143571436405,0.06391389667987823,0.0005465455469675362,,,,,0.19196763634681702,0.00924329087138176,0.12820599973201752,0.0014993770746514201,0.1304912120103836,0.002808538731187582,224125,149.93295632212119,1.6180032721777478,2032,0.04042815395164081,ADP.2015-10-15T12_46_43.093.fits,zCOSMOS_BRIGHT_DR3_000801817_ZCMRa41_M1_Q4_29_1.fits,801817,149.932953,1.618014,9.195180513219723,2009ApJS..184..218L,,
021436.94+003150.7_622534_1,622534,1.0360000133514404,1.0,163.0,10.4245,10.4245,0.06864087283611298,0.001847336534410715,0.09410599619150162,0.0015592763666063547,0.09277414530515671,0.0013545532710850239,0.08058411628007889,0.0035675738472491503,0.22070343792438507,0.05761205032467842,,,,,0.14841023087501526,0.009731459431350231,0.26879364252090454,0.02121872827410698,622534,150.2244914317701,2.243713333094098,10474,0.040471320423794095,ADP.2015-10-15T12_54_15.290.fits,zCOSMOS_BRIGHT_DR3_000910281_ZCMRa75_M2_Q3_23_1.fits,910281,150.224487,2.243703,0.4860294782160992,2009ApJS..184..218L,,
150018.08+023119.5_793663_0.3,793663,1.5247999429702759,0.3,1.0,10.3821,10.3821,0.0024899195414036512,0.0005250493995845318,0.018180614337325096,0.0004977908101864159,0.00941816158592701,0.00027435951051302254,0.034927938133478165,0.0014494401402771473,0.07231726497411728,0.01601347327232361,0.21498532593250275,0.024941982701420784,0.1466670036315918,0.032859187573194504,0.2160826027393341,0.005936953704804182,0.37962159514427185,0.010517047718167305,793663,149.5060789884613,2.5041883753054166,14506,0.04079738076911117,ADP.2015-10-15T12_57_22.963.fits,zCOSMOS_BRIGHT_DR3_000841948_ZCMRa17_M1_Q3_4_1.fits,841948,149.506073,2.504198,3.291592901238803,2009ApJS..184..218L,,
031159.63+041803.4_492775_0.003,492775,0.5171999931335449,0.003,540.0,9.2599,9.2599,0.0011283105704933405,3.4307788155274466e-05,0.0035293325781822205,6.749611929990351e-05,0.004216543864458799,7.027577521512285e-05,0.005435864441096783,7.486541289836168e-05,0.006132460664957762,0.00016318762209266424,0.007411264348775148,0.0008092336938716471,0.009001918137073517,0.0009120653849095106,0.008472481742501259,0.00013369433872867376,0.009607606567442417,0.0001792828261386603,492775,149.7281898851207,2.0488225539177196,4824,0.040798773079864466,ADP.2015-10-15T12_49_20.697.fits,zCOSMOS_BRIGHT_DR3_000820100_ZCMRa33_M2_Q3_11_1.fits,820100,149.72818,2.048817,1.87444002848564,2009ApJS..184..218L,,
081902.32+322637.1_376826_1,376826,0.6547999978065491,1.0,5.0,10.5398,10.5398,0.011046147905290127,0.0010459816548973322,0.0500372089445591,0.0012237762566655874,0.03539464995265007,0.0007444525836035609,0.07878023386001587,0.0027201499324291945,,,0.3907167911529541,0.07704046368598938,0.4632752239704132,0.08692667633295059,1.2309951782226562,0.030160333961248398,1.8806991577148438,0.050316132605075836,376826,149.5015673996358,1.8625208074594026,3527,0.04102286408391018,ADP.2015-10-15T12_48_13.133.fits,zCOSMOS_BRIGHT_DR3_000814710_ZCMRa11_M1_Q3_2_1.fits,814710,149.501556,1.862521,2.278612932963932,2009ApJS..184..218L,,
092451.62+451639.6_335331_1,335331,0.6270999908447266,1.0,38.0,9.83483,9.83483,0.04893103614449501,0.0018707754788920283,0.1105242520570755,0.001772887771949172,0.08594197034835815,0.0015420187264680862,0.10391929745674133,0.0039900182746350765,,,,,0.2558056116104126,0.07235734164714813,0.17302045226097107,0.009707365185022354,0.27209585905075073,0.020483672618865967,335331,150.30063803255067,1.7974537794739174,1785,0.04123745028143739,ADP.2015-10-15T12_46_25.703.fits,zCOSMOS_BRIGHT_DR3_000811150_ZCMRa72_M1_Q4_6_1.fits,811150,150.300644,1.797444,4.451550229015578,2009ApJS..184..218L,,
075853.87+484043.0_906362_0.03,906362,0.748199999332428,0.03,8.0,9.61434,9.61434,0.003486763685941696,9.187895193463191e-05,0.007654128130525351,0.00013987145212013274,0.00883420929312706,0.00013969681458547711,0.012303531169891357,0.00021149888925720006,0.012987835332751274,0.0019201169488951564,,,0.01886872947216034,0.002519965870305896,0.027070920914411545,0.0005813484312966466,0.039759356528520584,0.0009761465480551124,906362,150.67072614918231,2.6759393958199453,9275,0.04129063718702337,ADP.2015-10-15T12_53_24.787.fits,zCOSMOS_BRIGHT_DR3_000843124_ZCMRa90_M1_Q1_7_1.fits,843124,150.670731,2.675929,1.226895507676044,2009ApJS..184..218L,,
032717.23+010140.6_610404_0.3,610404,0.49619999527931213,0.3,16.0,9.89999,9.89999,0.0024225458037108183,0.000693913025315851,0.021358460187911987,0.0007983545656315982,0.015829553827643394,0.00033374977647326887,0.03441191464662552,0.0015126739162951708,0.06716571748256683,0.01875670999288559,0.18145333230495453,0.02832196280360222,,,0.16809475421905518,0.0048607587814331055,0.13669179379940033,0.006038250867277384,610404,149.83327459028695,2.226146373980868,10978,0.041350467787544594,ADP.2015-10-15T12_54_29.353.fits,zCOSMOS_BRIGHT_DR3_000826223_ZCMRa35_M1_Q3_35_1.fits,826223,149.833267,2.226155,5.494388518800224,2009ApJS..184..218L,,
150118.32+155623.0_873720_1,873720,0.3301999866962433,1.0,1.0,10.0548,10.0548,0.26431804895401,0.005288769491016865,0.25886231660842896,0.003458210965618491,0.3351784348487854,0.0030881427228450775,0.5403583645820618,0.008677426725625992,0.44186457991600037,0.048580728471279144,,,0.49041005969047546,0.0838899239897728,1.002316951751709,0.02550361678004265,1.4439914226531982,0.03737010434269905,873720,149.76679273673375,2.6230954356481853,11786,0.04152967869884155,ADP.2015-10-15T12_55_15.347.fits,zCOSMOS_BRIGHT_DR3_000840771_ZCMRa20_M1_Q1_22_1.fits,840771,149.766785,2.623104,9.709179094492846,2009ApJS..184..218L,,
080002.81+440011.4_381646_0.1,381646,0.838699996471405,0.1,1.0,10.5796,10.5796,0.0008484200807288289,0.00013950059656053782,0.007778783328831196,0.0001395924628013745,0.009462917223572731,0.00012397539103403687,0.019582213833928108,0.00039372031460516155,0.04035826027393341,0.005765363574028015,,,,,0.09395025670528412,0.001432117773219943,0.10659778118133545,0.0026044005062431097,381646,150.32698989213674,1.8704573702342295,13698,0.04156499118478636,ADP.2015-10-15T12_56_40.680.fits,zCOSMOS_BRIGHT_DR3_000811035_ZCMRa72_M1_Q3_24_1.fits,811035,150.326981,1.87045,2.514635332961817,2009ApJS..184..218L,,
161037.35+060322.8_325938_0.1,325938,0.5814999938011169,0.1,27.0,9.54997,9.54997,0.017263000831007957,0.0003241408849135041,0.03795471414923668,0.00045343610690906644,0.031502172350883484,0.0002999098796863109,0.03617498651146889,0.0006548819364979863,0.0484921894967556,0.005932219792157412,0.048025649040937424,0.00838262028992176,,,0.10085368901491165,0.0024182756897062063,0.14277347922325134,0.003720951499417424,325938,149.81548026483114,1.7829897033020337,5665,0.041609817619047695,ADP.2015-10-15T12_50_18.570.fits,zCOSMOS_BRIGHT_DR3_000806961_ZCMRa31_M2_Q3_20_1.fits,806961,149.815491,1.782994,2.747100306032325,2009ApJS..184..218L,,
143229.91+012332.6_377422_0.1,377422,0.4722999930381775,0.1,8.0,9.18499,9.18499,0.0016301239375025034,0.0002194031694671139,0.013926568441092968,0.000212129729334265,0.01070668175816536,0.00014775949239265174,0.021518483757972717,0.0005307447863742709,0.04126155748963356,0.005453633144497871,0.044410523027181625,0.00816852506250143,0.07569076120853424,0.0076894438825547695,0.18181079626083374,0.00428389199078083,0.3261590600013733,0.006883986294269562,377422,149.72724287870972,1.8644054565070038,6124,0.041727019298909714,ADP.2015-10-15T12_50_43.323.fits,zCOSMOS_BRIGHT_DR3_000813688_ZCMRa13_M2_Q1_20_2.fits,813688,149.727234,1.864398,1.606542812828419,2009ApJS..184..218L,,
150910.23+362140.2_538734_0.1,538734,0.608299970626831,0.1,3.0,9.24234,9.24234,0.005014046095311642,0.00015653674199711531,0.013044067658483982,0.00015247249393723905,0.011125929653644562,0.00013592385221272707,0.012429767288267612,0.0003795079537667334,,,0.029860610142350197,0.006521369330585003,0.03290450572967529,0.007441784720867872,0.02545344829559326,0.0008567725890316069,0.03105420619249344,0.0014903820119798183,538734,149.57784265976306,2.117027010672265,11816,0.04182787455645534,ADP.2015-10-15T12_55_16.710.fits,zCOSMOS_BRIGHT_DR3_000820707_ZCMRa15_M1_Q4_15_1.fits,820707,149.57785,2.117018,2.839870564821476,2009ApJS..184..218L,,
135219.41+023756.8_296928_0.1,296928,0.3463999927043915,0.1,10.0,9.57679,9.57679,0.01029918435961008,0.00021851935889571905,0.01272919587790966,0.000220463567529805,0.015216371044516563,0.0001986846182262525,0.033187150955200195,0.0006885816110298038,,,,,0.057281915098428726,0.009206284768879414,0.13444344699382782,0.003316446440294385,0.2554389238357544,0.006178705021739006,296928,150.337977370124,1.7361412599820554,10874,0.0421006203731972,ADP.2015-10-15T12_54_26.147.fits,zCOSMOS_BRIGHT_DR3_000804595_ZCMRa72_M1_Q4_20_1.fits,804595,150.337982,1.736152,2.484018024666765,2009ApJS..184..218L,,
023313.81-001215.4_279405_0.003,279405,0.8080999851226807,0.003,47.0,11.0586,11.0586,0.00015145022189244628,1.9918998077628203e-05,0.0027950950898230076,6.276271597016603e-05,0.007931115105748177,8.207329665310681e-05,0.018862975761294365,8.000020898180082e-05,,,0.05294950678944588,0.0007992131286300719,0.07024405896663666,0.0008344943053089082,0.08484888821840286,0.0005044827703386545,0.055230963975191116,0.00030357559444382787,279405,150.2782232165124,1.7076097736503968,12969,0.042150573606850865,ADP.2015-10-15T12_56_01.167.fits,zCOSMOS_BRIGHT_DR3_000804833_ZCMRa61_M2_Q1_3_1.fits,804833,150.278214,1.707617,4.617297300778965,2009ApJS..184..218L,,
151000.50+222852.5_632294_0.3,632294,0.4268999993801117,0.3,1.0,9.48892,9.48892,0.015879958868026733,0.0006588117103092372,0.03128817677497864,0.0004903047811239958,0.025158338248729706,0.00038871195283718407,0.049425747245550156,0.001265722676180303,0.05314364656805992,0.016713758930563927,,,0.13757090270519257,0.02711706981062889,0.3745694160461426,0.009909502230584621,0.5883305072784424,0.014623279683291912,632294,150.74778405975863,2.2590446643046564,3752,0.042156841729123165,ADP.2015-10-15T12_48_18.910.fits,zCOSMOS_BRIGHT_DR3_000821728_ZCMRa95_M2_Q2_12_1.fits,821728,150.747787,2.259056,2.219327408519641,2009ApJS..184..218L,,
143515.65+023221.6_336061_0.3,336061,0.3068999946117401,0.3,68.0,9.25021,9.25021,0.15603622794151306,0.004180625081062317,0.17152658104896545,0.002444664714857936,0.21428927779197693,0.0026751996483653784,0.36923906207084656,0.0059788282960653305,0.28304439783096313,0.015610369853675365,0.565345823764801,0.028072791174054146,1.3462427854537964,0.04860496148467064,3.0658562183380127,0.071180060505867,4.697663307189941,0.08717691153287888,336061,149.87095258604654,1.7978592417521635,7567,0.0422935804909393,ADP.2015-10-15T12_51_49.293.fits,zCOSMOS_BRIGHT_DR3_000813103_ZCMRa41_M2_Q3_10_1.fits,813103,149.870956,1.797848,5.353772555426413,2009ApJS..184..218L,,
081651.10+180249.6_642873_0.003,642873,0.16529999673366547,0.003,473.0,9.72459,9.72459,0.006820162758231163,4.2973697418347e-05,0.030447328463196754,0.00020159350242465734,0.04240609332919121,0.00018119397282134742,0.06170806661248207,0.00011402617383282632,0.09546855092048645,0.0002546310715842992,0.13149568438529968,0.0006821158458478749,0.15272387862205505,0.0008111420320346951,0.13293561339378357,0.0006586062954738736,0.11701488494873047,0.000567781098652631,642873,150.25418963904067,2.271737961192609,2333,0.042464465468650285,ADP.2015-10-15T12_46_53.913.fits,zCOSMOS_BRIGHT_DR3_000824103_ZCMRa57_M2_Q1_36_1.fits,824103,150.254181,2.271746,17.33457971466289,2009ApJS..184..218L,,
150113.19+232908.2_458329_0.01,458329,0.25600001215934753,0.01,1.0,8.90447,8.90447,0.0006045801565051079,4.1063518438022584e-05,0.004899878054857254,7.012720743659884e-05,0.004872739315032959,6.621117063332349e-05,0.008240355178713799,0.00010509452113183215,0.012092757038772106,0.0005903740529902279,0.019796298816800117,0.001118368934839964,0.033157430589199066,0.001354043954052031,0.06161433085799217,0.001360979164019227,0.09846895933151245,0.0020497064106166363,458329,149.62139168072693,1.993929256425062,14691,0.04247211431457759,ADP.2015-10-15T12_57_27.660.fits,zCOSMOS_BRIGHT_DR3_000820512_ZCMRa23_M1_Q3_23_4.fits,820512,149.621399,1.99392,3.485635108227546,2009ApJS..184..218L,,
141354.80+074948.9_559103_0.003,559103,0.7261000275611877,0.003,39.0,10.35,10.35,0.0004910063580609858,2.9439885111059994e-05,0.002565545029938221,5.8755835198098794e-05,0.006199225317686796,7.572511094622314e-05,0.01081840693950653,8.61390435602516e-05,0.016217900440096855,0.00024518053396604955,,,,,0.029757028445601463,0.0002391503658145666,0.02042829990386963,0.00019012801931239665,559103,150.4190942448158,2.1492762533278458,13776,0.04264223778865123,ADP.2015-10-15T12_56_44.863.fits,zCOSMOS_BRIGHT_DR3_000823349_ZCMRa84_M1_Q3_14_1.fits,823349,150.419083,2.14928,4.609179827366415,2009ApJS..184..218L,,
021833.19+002525.8_298010_0.1,298010,0.8364999890327454,0.1,3.0,11.3041,11.3041,0.0009365467703901231,0.00012916699051856995,0.007318462245166302,0.00012055815750500187,0.012702252715826035,0.00011536849342519417,0.0314604826271534,0.0003429593052715063,0.06598873436450958,0.005829975008964539,,,0.13582971692085266,0.008370151743292809,0.166347473859787,0.001565430429764092,0.13113285601139069,0.0021222480572760105,298010,150.0728093861627,1.7361265216763444,3164,0.042790283361710896,ADP.2015-10-15T12_47_53.717.fits,zCOSMOS_BRIGHT_DR3_000805845_ZCMRa52_M2_Q4_19_1.fits,805845,150.072815,1.736137,3.973129033070587,2009ApJS..184..218L,,
035024.19-045315.5_268853_1,268853,0.7099999785423279,1.0,117.0,9.58223,9.58223,0.35876932740211487,0.009685248136520386,0.42807093262672424,0.00592230586335063,0.5404256582260132,0.009972138330340385,0.484199583530426,0.01251561101526022,0.4607275128364563,0.04111102223396301,0.411517471075058,0.07173870503902435,0.6099989414215088,0.07269909232854843,1.1425703763961792,0.028590843081474304,2.2005300521850586,0.05321251600980759,268853,149.8304807921027,1.6920404046392399,1985,0.04286505980617628,ADP.2015-10-15T12_46_36.827.fits,zCOSMOS_BRIGHT_DR3_000806894_ZCMRa31_M2_Q4_9_2.fits,806894,149.830475,1.69203,1.508877917185816,2009ApJS..184..218L,,
160530.30+411359.2_316869_0.03,316869,0.4041000008583069,0.03,4.0,9.35093,9.35093,0.00250170286744833,5.602814781013876e-05,0.006156043615192175,8.679076563566923e-05,0.007073130924254656,7.739571447018534e-05,0.010550707578659058,0.00013868146925233305,,,0.02279486134648323,0.0027014168445020914,0.02632581628859043,0.0029221773147583008,0.012498291209340096,0.000248291646130383,0.014593099243938923,0.0004344330227468163,316869,150.20973890427376,1.7693272659403054,6853,0.04295562945705662,ADP.2015-10-15T12_51_23.017.fits,zCOSMOS_BRIGHT_DR3_000805178_ZCMRa62_M1_Q4_16_1.fits,805178,150.209732,1.769337,4.356715790605665,2009ApJS..184..218L,,
022701.93+001229.6_553219_1,553219,0.5717999935150146,1.0,56.0,9.47402,9.47402,0.04932677000761032,0.0019480367191135883,0.07726555317640305,0.0015959786251187325,0.06489186733961105,0.001188961905427277,0.07048948109149933,0.004592425189912319,,,0.29065829515457153,0.09898873418569565,,,0.3920281231403351,0.014111743308603764,0.5821503400802612,0.023913122713565826,553219,150.52320900171847,2.1416529328739426,8616,0.042958346640136896,ADP.2015-10-15T12_52_57.337.fits,zCOSMOS_BRIGHT_DR3_000822785_ZCMRa84_M2_Q2_12_1.fits,822785,150.523209,2.141641,2.475346083574001,2009ApJS..184..218L,,
030911.64+002358.8_703222_0.3,703222,0.6064000129699707,0.3,318.0,9.55957,9.55957,0.22989052534103394,0.004470367915928364,0.22722630202770233,0.006290150340646505,0.2456948310136795,0.004489082843065262,0.1968720704317093,0.003915002103894949,0.1552078127861023,0.012224269099533558,0.18431483209133148,0.01535915955901146,0.2366906851530075,0.02007957361638546,0.4496881067752838,0.01156056672334671,0.8594852089881897,0.019090134650468826,703222,150.60623995853746,2.364581909732274,5331,0.04299157198494273,ADP.2015-10-15T12_50_03.643.fits,zCOSMOS_BRIGHT_DR3_000829151_ZCMRa86_M2_Q2_11_2.fits,829151,150.606232,2.364573,3.467249210249498,2009ApJS..184..218L,,
135026.29+062251.5_358717_0.3,358717,0.5490999817848206,0.3,4.0,9.65997,9.65997,0.01571982353925705,0.0005953686777502298,0.08603507280349731,0.001583201577886939,0.06410003453493118,0.000955752853769809,0.10780912637710571,0.0018275600159540772,0.15760190784931183,0.016147907823324203,0.11631612479686737,0.01760740764439106,0.1415926218032837,0.02902953326702118,0.3108619451522827,0.007794904988259077,0.46374601125717163,0.012303904630243778,358717,150.27572030589752,1.834418503936269,13538,0.043022643207535266,ADP.2015-10-15T12_56_30.240.fits,zCOSMOS_BRIGHT_DR3_000811254_ZCMRa63_M1_Q1_25_1.fits,811254,150.275711,1.834411,3.817724585939868,2009ApJS..184..218L,,
163459.82+204936.0_347799_0.3,347799,0.12540000677108765,0.3,9.0,9.10498,9.10498,0.03805758059024811,0.0008236693101935089,0.2773851752281189,0.0040170918218791485,0.16500800848007202,0.0018900589784607291,0.333883672952652,0.004373989999294281,0.6975827217102051,0.026919391006231308,1.3217723369598389,0.039101168513298035,2.552250862121582,0.05834552273154259,4.644289970397949,0.09864907711744308,6.91140079498291,0.1409764289855957,347799,150.4835312511674,1.8146161613546918,12557,0.04304121110073618,ADP.2015-10-15T12_55_42.710.fits,zCOSMOS_BRIGHT_DR3_000810299_ZCMRa91_M1_Q3_16_1.fits,810299,150.483521,1.81461,9.270618379730317,2009ApJS..184..218L,,
080848.07+220730.0_718174_1,718174,0.42570000886917114,1.0,1.0,10.4082,10.4082,0.09610479325056076,0.0027846007142215967,0.1905374675989151,0.0031909982208162546,0.16655026376247406,0.0035108840093016624,0.24926459789276123,0.006538040470331907,0.3351360559463501,0.038701388984918594,,,0.5446301698684692,0.07147680968046188,0.3995435833930969,0.012393753975629807,0.40681421756744385,0.019874805584549904,718174,149.56447674583893,2.3850951896613477,12588,0.04311408182228626,ADP.2015-10-15T12_55_43.463.fits,zCOSMOS_BRIGHT_DR3_000834558_ZCMRa16_M2_Q3_9_2.fits,834558,149.564468,2.385087,17.85810034543583,2009ApJS..184..218L,,
025732.75-074331.5_751058_0.01,751058,0.47940000891685486,0.01,2.0,9.1666,9.1666,0.0011311043053865433,4.5546457840828225e-05,0.0032736852299422026,6.623288209084421e-05,0.003908909857273102,6.453621608670801e-05,0.005247448571026325,9.36883661779575e-05,,,,,0.008753631263971329,0.0011007930152118206,0.006800977513194084,0.00015239173080772161,0.006532922387123108,0.00027303138631395996,751058,150.35145922917116,2.4387786478786357,382,0.043175095066368366,ADP.2015-10-15T12_45_04.787.fits,zCOSMOS_BRIGHT_DR3_000830489_ZCMRa88_M1_Q4_18_1.fits,830489,150.351471,2.438781,1.581652734262629,2009ApJS..184..218L,,
095613.83+555604.3_989931_1,989931,0.848800003528595,1.0,1.0,9.23393,9.23393,0.005571902729570866,0.000905415101442486,0.04143938794732094,0.00138100516051054,0.028414515778422356,0.0006855716346763074,0.08463235199451447,0.004350980278104544,,,0.2438163459300995,0.0745081976056099,0.3967871367931366,0.08536473661661148,0.6838535070419312,0.018887976184487343,1.4651232957839966,0.03811144083738327,989931,150.7675248069484,2.808394187767041,6394,0.04338219473738862,ADP.2015-10-15T12_51_03.897.fits,zCOSMOS_BRIGHT_DR3_000849222_ZCMRa90_M2_Q2_13_1.fits,849222,150.767517,2.808385,2.307441177199617,2009ApJS..184..218L,,
073623.13+392617.7_700574_0.001,700574,0.10890000313520432,0.001,31.0,8.07909,8.07909,0.002900139894336462,3.656536136986688e-05,0.006657796446233988,8.45847898744978e-05,0.006292723119258881,7.30883693904616e-05,0.007669035345315933,7.350337546085939e-05,0.009301794692873955,0.0001916906185215339,0.010395770892500877,0.000818420376162976,0.014305850490927696,0.0009792766068130732,0.022385332733392715,0.0004249668854754418,0.029392166063189507,0.0005412932951003313,700574,149.95493455539292,2.361046286353354,656,0.04368797477735018,ADP.2015-10-15T12_45_26.803.fits,zCOSMOS_BRIGHT_DR3_000832545_ZCMRa46_M2_Q3_20_1.fits,832545,149.954941,2.361036,2.538721215846359,2009ApJS..184..218L,,
162205.67-002720.4_732702_1,732702,0.5498999953269958,1.0,1.0,10.7786,10.7786,0.08522702753543854,0.0497686043381691,0.12933921813964844,0.3314352035522461,0.11851838231086731,0.07288487255573273,0.12855970859527588,0.05539166182279587,0.48075777292251587,0.07708802074193954,0.47450026869773865,0.07975941151380539,0.7429550886154175,0.10849419236183167,1.6195683479309082,0.04065048694610596,1.4960393905639648,0.03919614851474762,732702,149.56399182861452,2.4083550523131843,469,0.04394148775123773,ADP.2015-10-15T12_45_10.367.fits,zCOSMOS_BRIGHT_DR3_000834561_ZCMRa16_M1_Q3_3_1.fits,834561,149.56398,2.408352,4.723236810900455,2009ApJS..184..218L,,
080337.41+364404.5_771975_0.03,771975,0.3750999867916107,0.03,2.0,9.55796,9.55796,0.005644397810101509,8.564646122977138e-05,0.011647780425846577,0.00011642619938356802,0.014096105471253395,0.00010696767276385799,0.02083570510149002,0.00017027764988597482,0.02444140426814556,0.002001782413572073,,,,,0.02321114018559456,0.00041429419070482254,0.0268094502389431,0.000703888013958931,771975,150.37394029585246,2.4699602348501677,15799,0.04403408955963756,ADP.2015-10-15T12_58_42.640.fits,zCOSMOS_BRIGHT_DR3_000837457_ZCMRa68_M1_Q1_7_1.fits,837457,150.373947,2.46995,6.551287923521916,2009ApJS..184..218L,,
145035.04+324109.2_404101_0.01,404101,0.2303999960422516,0.01,4.0,9.46256,9.46256,0.004335813224315643,3.44983309332747e-05,0.014762135222554207,0.0001333550171693787,0.017864331603050232,0.00011829855793621391,0.022847488522529602,9.499322914052755e-05,0.02786080166697502,0.0006066425121389329,,,0.03705896809697151,0.001117493025958538,0.03244607150554657,0.0002205820637755096,0.03174574300646782,0.00029766676016151905,404101,150.11033136669778,1.9040253542485739,13510,0.04431303116818841,ADP.2015-10-15T12_56_29.303.fits,zCOSMOS_BRIGHT_DR3_000812071_ZCMRa62_M2_Q3_16_2.fits,812071,150.110321,1.904032,4.88838252100462,2009ApJS..184..218L,,
143821.39+094623.1_533244_0.1,533244,0.800599992275238,0.1,1.0,9.5032,9.5032,0.0017951431218534708,0.00014384338282980025,0.01216181181371212,0.00021253370505291969,0.008839916437864304,0.00011964328587055206,0.018025754019618034,0.0003481492167338729,0.024123098701238632,0.0056643299758434296,0.029665933921933174,0.00696535874158144,,,0.06525913625955582,0.001838936936110258,0.12435147166252136,0.0033707355614751577,533244,149.96584461717973,2.1124301880737684,12094,0.04435529289537409,ADP.2015-10-15T12_55_25.987.fits,zCOSMOS_BRIGHT_DR3_000700627_ZCMRa44_M1_Q3_35_1.fits,700627,149.965836,2.112439,1.424436624517676,2009ApJS..184..218L,,
073623.13+392617.7_875670_0.003,875670,0.12240000069141388,0.003,17.0,10.0999,10.0999,0.00871194712817669,5.9933307056780905e-05,0.08048345148563385,0.0003311350883450359,0.10958361625671387,0.000290924304863438,0.16589397192001343,0.00015064531180541962,0.21511146426200867,0.0003708697040565312,0.2839462161064148,0.0009597098105587065,0.26710519194602966,0.0010393320117145777,0.19863861799240112,0.0013547074049711227,0.18196651339530945,0.0017337516183033586,875670,150.37101432114963,2.624850275229785,6916,0.044386354375347305,ADP.2015-10-15T12_51_24.373.fits,zCOSMOS_BRIGHT_DR3_000837472_ZCMRa68_M2_Q2_1_1.fits,837472,150.371002,2.624851,30.57771503756135,2009ApJS..184..218L,,
093931.84+544909.2_507997_0.03,507997,0.2842000126838684,0.03,2.0,9.25351,9.25351,0.006841523107141256,8.019046072149649e-05,0.014928407967090607,0.0001322414173046127,0.017259305343031883,0.00012262277596164495,0.02418368309736252,0.000178807633346878,0.028046470135450363,0.0016160350060090423,,,0.03927548974752426,0.002365085296332836,0.02614855021238327,0.0003574446600396186,0.03353223204612732,0.0006019329302944243,507997,149.4670379054693,2.070312544208405,11698,0.04460190971294976,ADP.2015-10-15T12_55_11.803.fits,zCOSMOS_BRIGHT_DR3_000821212_ZCMRa13_M1_Q3_5_1.fits,821212,149.467026,2.070316,7.287251869604546,2009ApJS..184..218L,,
034528.91-004429.4_490601_0.3,490601,0.7127000093460083,0.3,425.0,9.27297,9.27297,0.009490777738392353,0.0007946046534925699,0.01402067206799984,0.0003614771121647209,0.014123615808784962,0.00030938992858864367,0.02060931734740734,0.0010358851868659258,,,0.0874951034784317,0.021460380405187607,0.10172708332538605,0.025074495002627373,0.08330102264881134,0.0030909166671335697,0.09389253705739975,0.005403734277933836,490601,150.2923066501982,2.0456311879498,8148,0.044680016898861155,ADP.2015-10-15T12_52_23.883.fits,zCOSMOS_BRIGHT_DR3_000817667_ZCMRa75_M1_Q4_41_2.fits,817667,150.292297,2.045639,1.023557177556057,2009ApJS..184..218L,,
074914.60+175631.9_795813_0.003,795813,0.43070000410079956,0.003,1.0,9.0276,9.0276,0.001151801785454154,3.910198211087845e-05,0.003171896329149604,6.293261685641482e-05,0.0036792056635022163,6.002033842378296e-05,0.004962248727679253,7.527168781962246e-05,0.005347568541765213,0.0002043756830971688,0.00530913844704628,0.0006807374302297831,0.005217409692704678,0.0007950981962494552,0.004958156496286392,0.00010926339746220037,0.004398396238684654,0.00013197914813645184,795813,149.89037589452212,2.5082214008424404,3375,0.044886278348886074,ADP.2015-10-15T12_48_07.933.fits,zCOSMOS_BRIGHT_DR3_000840199_ZCMRa39_M1_Q1_20_4.fits,840199,149.890366,2.508229,1.238213446051486,2009ApJS..184..218L,,
080422.61+192638.7_267329_0.03,267329,0.275299996137619,0.03,32.0,9.55001,9.55001,0.004805031232535839,7.169534364948049e-05,0.016447491943836212,0.00014049926539883018,0.019306855276226997,0.00012467606575228274,0.028286026790738106,0.0001547127467347309,,,,,0.05080015957355499,0.0024478875566273928,0.03990945592522621,0.0005913237691856921,0.04204253852367401,0.0008335444144904613,267329,150.23629105630036,1.6875596214225785,5735,0.0450035098150045,ADP.2015-10-15T12_50_21.463.fits,zCOSMOS_BRIGHT_DR3_000805031_ZCMRa71_M2_Q4_8_1.fits,805031,150.236282,1.687551,5.120767825367696,2009ApJS..184..218L,,
080708.43+354458.1_604148_0.1,604148,0.42879998683929443,0.1,6.0,9.2076,9.2076,0.005927314516156912,0.00014780521451029927,0.01598883979022503,0.00020807806868106127,0.014476098120212555,0.00014370966528076679,0.021579541265964508,0.0004372161638457328,0.027767948806285858,0.005182325374335051,0.059167616069316864,0.00927135068923235,0.05397483706474304,0.008367420174181461,0.0668451339006424,0.001808296306990087,0.09248289465904236,0.002922961488366127,604148,150.11637644623383,2.2161945698093817,19734,0.045067993355955016,ADP.2015-10-15T13_01_57.423.fits,zCOSMOS_BRIGHT_DR3_000824768_ZCMRa46_M1_Q1_20_1.fits,824768,150.116364,2.216196,3.050933014408512,2009ApJS..184..218L,,
025619.01-004501.3_701578_0.3,701578,0.7269999980926514,0.3,140.0,11.0566,11.0566,0.02556305006146431,0.0009337153169326484,0.03568494692444801,0.0006796637899242342,0.04834569990634918,0.0008661005995236337,0.05562631040811539,0.001186867943033576,0.11922453343868256,0.012833534739911556,0.14537964761257172,0.023878561332821846,0.20388180017471313,0.021705785766243935,0.2380106896162033,0.005090790800750256,0.3819805681705475,0.01046894770115614,701578,150.72646416789576,2.360276583274022,15633,0.04531433589169515,ADP.2015-10-15T12_58_30.047.fits,zCOSMOS_BRIGHT_DR3_000828540_ZCMRa96_M1_Q2_14_1.fits,828540,150.726456,2.360267,4.249508086519848,2009ApJS..184..218L,,
083000.35+343238.7_757939_0.1,757939,0.7459999918937683,0.1,1.0,9.942,9.942,0.005069746635854244,0.00016962744120974094,0.010962673462927341,0.0001923859235830605,0.01364155299961567,0.00016822462202981114,0.017095208168029785,0.00033090339275076985,0.03824850916862488,0.00634025689214468,0.04166974127292633,0.008155950345098972,0.041433293372392654,0.007492240518331528,0.0745910257101059,0.001730256830342114,0.11905999481678009,0.003047283971682191,757939,149.75846349796868,2.448565647990014,19788,0.04540643701616354,ADP.2015-10-15T13_02_01.517.fits,zCOSMOS_BRIGHT_DR3_000833577_ZCMRa28_M1_Q1_11_1.fits,833577,149.758469,2.448577,2.467589552422762,2009ApJS..184..218L,,
034025.48-000819.8_698564_0.3,698564,0.6248999834060669,0.3,160.0,9.67146,9.67146,0.008267158642411232,0.0005630820523947477,0.014910463243722916,0.00035620847484096885,0.013042348437011242,0.0002703363134060055,0.023471714928746223,0.0013159732334315777,0.06386788189411163,0.01727001555263996,0.08793900907039642,0.019748274236917496,,,0.10654421895742416,0.0038028392009437084,0.10705927759408951,0.005958701949566603,698564,149.69343155470904,2.3575131444043396,693,0.04550124966355978,ADP.2015-10-15T12_45_28.023.fits,zCOSMOS_BRIGHT_DR3_000833891_ZCMRa27_M1_Q4_5_1.fits,833891,149.69342,2.357508,2.248343902218006,2009ApJS..184..218L,,
083257.64+333214.6_820331_0.0001,820331,1.0063999891281128,0.0001,38.0,10.2415,10.2415,0.002911300864070654,4.152045221417211e-05,0.004523260518908501,8.048870950005949e-05,0.0068321218714118,7.651376654393971e-05,0.011928119696676731,7.643131539225578e-05,0.014951255172491074,0.0001414021389791742,0.01559536810964346,0.0006686976994387805,,,0.024395812302827835,0.0001291885128011927,0.01869959570467472,0.00013931901776231825,820331,149.87340723170325,2.5422733497079615,806,0.04552031924310412,ADP.2015-10-15T12_45_32.303.fits,zCOSMOS_BRIGHT_DR3_000840294_ZCMRa28_M2_Q2_20_1.fits,840294,149.873398,2.542282,2.638788703832086,2009ApJS..184..218L,,
082342.48+003803.4_548084_0.3,548084,0.7882999777793884,0.3,4.0,10.622,10.622,0.007743767462670803,0.00033419678220525384,0.016625843942165375,0.0003102074842900038,0.022746630012989044,0.00024275845498777926,0.03349859267473221,0.000981033081188798,0.0943579375743866,0.019565071910619736,,,,,0.11495903879404068,0.0027721913065761328,0.12283739447593689,0.0065695615485310555,548084,149.6734509762247,2.132627019683543,8366,0.04557396128355182,ADP.2015-10-15T12_52_33.007.fits,zCOSMOS_BRIGHT_DR3_000827014_ZCMRa14_M2_Q2_11_1.fits,827014,149.673447,2.132615,4.012704388391144,2009ApJS..184..218L,,
023310.63-090940.8_331807_0.1,331807,0.3874000012874603,0.1,373.0,9.36764,9.36764,0.016723310574889183,0.0003666082920972258,0.026756182312965393,0.00047310852096416056,0.028254929929971695,0.000314874283503741,0.04005073383450508,0.0006063858745619655,0.03587699681520462,0.006472242530435324,0.0433281809091568,0.007769759278744459,0.04384336248040199,0.008322114124894142,0.12706239521503448,0.003216845216229558,0.1844913512468338,0.004630158189684153,331807,150.23320589444833,1.792207226789825,8650,0.04564359161790513,ADP.2015-10-15T12_52_59.177.fits,zCOSMOS_BRIGHT_DR3_000805053_ZCMRa72_M1_Q4_7_1.fits,805053,150.2332,1.792196,5.29658467780349,2009ApJS..184..218L,,
091850.87+414448.3_596460_1,596460,0.42489999532699585,1.0,106.0,9.64833,9.64833,0.050042424350976944,0.0016703065484762192,0.0637742131948471,0.0010487836552783847,0.05397453159093857,0.0008667446672916412,0.10340670496225357,0.0032550531905144453,0.18975956737995148,0.054381173104047775,0.373808354139328,0.07059162855148315,0.4121966063976288,0.08046349138021469,0.805249810218811,0.021205393597483635,1.2271795272827148,0.03381076455116272,596460,150.53284583388535,2.2052741026638194,1168,0.04564772597658137,ADP.2015-10-15T12_45_49.977.fits,zCOSMOS_BRIGHT_DR3_000822725_ZCMRa85_M2_Q2_19_2.fits,822725,150.532837,2.205265,2.914183514979657,2009ApJS..184..218L,,
073028.10+435330.8_313491_0.03,313491,0.28279998898506165,0.03,8.0,9.02917,9.02917,0.004355435725301504,0.00010439268226036802,0.008398408070206642,0.00011489561438793316,0.00973602756857872,0.0001580497482791543,0.01393277570605278,0.00018979719607159495,,,,,0.019234564155340195,0.002040222520008683,0.0209072045981884,0.0005667161894962192,0.028536982834339142,0.0008811377920210361,313491,149.9535544333471,1.7638044384881901,8372,0.04606131383055314,ADP.2015-10-15T12_52_34.897.fits,zCOSMOS_BRIGHT_DR3_000806387_ZCMRa42_M1_Q4_21_1.fits,806387,149.953552,1.763817,2.821296586482009,2009ApJS..184..218L,,
075217.31+271726.4_613984_0.01,613984,0.6714000105857849,0.01,147.0,10.2481,10.2481,0.0013646162115037441,3.5164230212103575e-05,0.003429462667554617,5.7624441978987306e-05,0.005708557087928057,6.600194319617003e-05,0.008656816557049751,7.496147009078413e-05,0.015538996085524559,0.0006728492444381118,,,,,0.04079814255237579,0.0002538444532547146,0.03540504351258278,0.0003594137670006603,613984,150.36147553357964,2.2313132862592266,16706,0.04608529854215179,ADP.2015-10-15T12_59_27.637.fits,zCOSMOS_BRIGHT_DR3_000823620_ZCMRa86_M1_Q4_10_5.fits,823620,150.361465,2.231306,1.441646380778399,2009ApJS..184..218L,,
075211.27+435338.6_498540_0.3,498540,0.8884999752044678,0.3,600.0,9.78194,9.78194,0.010718471370637417,0.0004929974675178528,0.011091817170381546,0.0003162679204251617,0.013038767501711845,0.00025019317399710417,0.014767860993742943,0.001314694993197918,,,,,0.09216198325157166,0.02363155223429203,0.03914372995495796,0.002447797218337655,0.05536623299121857,0.004624218679964542,498540,149.57825466312104,2.0575775039534627,6231,0.046115626290488355,ADP.2015-10-15T12_50_45.923.fits,zCOSMOS_BRIGHT_DR3_000820705_ZCMRa13_M1_Q3_10_1.fits,820705,149.578262,2.057567,2.291576405756207,2009ApJS..184..218L,,
021514.83-003905.0_425968_0.03,425968,0.847000002861023,0.03,16.0,11.1292,11.1292,0.001459298888221383,6.345761357806623e-05,0.003945652395486832,7.276874384842813e-05,0.007417991757392883,8.402625098824501e-05,0.016412071883678436,0.00013338094868231565,0.03221741318702698,0.0017272556433454156,,,0.06219172477722168,0.0024320981465280056,0.0840783640742302,0.0005064515280537307,0.06372740119695663,0.0006831063656136394,425968,150.53556543639067,1.9393157916569266,19435,0.046212020198996645,ADP.2015-10-15T13_01_45.100.fits,zCOSMOS_BRIGHT_DR3_000810070_ZCMRa84_M1_Q1_34_1.fits,810070,150.535553,1.939319,2.707235096655812,2009ApJS..184..218L,,
074756.99+454527.7_285182_1,285182,0.7315999865531921,1.0,81.0,9.59953,9.59953,0.491516649723053,0.008661163039505482,0.6067445278167725,0.009543754160404205,0.6746255159378052,0.008709973655641079,0.6445105671882629,0.01309598982334137,0.4856524169445038,0.045336998999118805,0.432900995016098,0.06534545868635178,0.6940033435821533,0.07518955320119858,2.054170846939087,0.04764704406261444,3.6939682960510254,0.0893903449177742,285182,149.93855469948394,1.7186142542000282,19695,0.04629060593865889,ADP.2015-10-15T13_01_55.437.fits,zCOSMOS_BRIGHT_DR3_000806464_ZCMRa31_M2_Q1_1_1.fits,806464,149.938553,1.718627,2.025229823583485,2009ApJS..184..218L,,
023204.90-010511.5_892770_1,892770,0.7426000237464905,1.0,5.0,9.70187,9.70187,0.2232828140258789,0.003706082236021757,0.18365976214408875,0.0035259476862847805,0.2283458560705185,0.002683631144464016,0.19695204496383667,0.004767345730215311,0.15219086408615112,0.042119886726140976,0.1343696564435959,0.06964866071939468,0.3830154240131378,0.0884978175163269,1.234376072883606,0.03662586584687233,2.2578511238098145,0.05454215779900551,892770,150.42811256045513,2.6546904304258607,16081,0.04642752070176401,ADP.2015-10-15T12_58_59.280.fits,zCOSMOS_BRIGHT_DR3_000844358_ZCMRa89_M2_Q3_22_1.fits,844358,150.428116,2.654678,3.343900361920344,2009ApJS..184..218L,,
152753.80+061018.9_740368_0.003,740368,0.16519999504089355,0.003,1.0,8.41276,8.41276,0.005016063805669546,6.902546010678634e-05,0.01072065532207489,0.00012992166739422828,0.008518103510141373,9.321129618911073e-05,0.010191647335886955,0.00012705753033515066,0.013457318767905235,0.0003437804989516735,0.014938700944185257,0.0006876750267110765,0.020198950543999672,0.0010175015777349472,0.020748302340507507,0.0004032552242279053,0.026916738599538803,0.0004971988964825869,740368,149.5119848539848,2.421920978257389,19320,0.04647687712326925,ADP.2015-10-15T13_01_39.203.fits,zCOSMOS_BRIGHT_DR3_000834764_ZCMRa17_M1_Q3_29_1.fits,834764,149.511993,2.421931,3.083886241465104,2009ApJS..184..218L,,
155507.28+141817.9_380690_0.1,380690,0.3700000047683716,0.1,1.0,10.1705,10.1705,0.000438268412835896,0.00019276524835731834,0.018603086471557617,0.00024763878900557756,0.020145617425441742,0.00017654802650213242,0.0418732613325119,0.0005081985727883875,0.06744842976331711,0.004575217142701149,0.09096352756023407,0.007231384050101042,0.13075166940689087,0.00780688039958477,0.20172379910945892,0.003955209627747536,0.32305920124053955,0.0066598993726074696,380690,149.92957295171195,1.8668092023766552,18348,0.04677156393780274,ADP.2015-10-15T13_00_45.410.fits,zCOSMOS_BRIGHT_DR3_000812834_ZCMRa43_M1_Q4_15_1.fits,812834,149.929581,1.866799,11.29101155646593,2009ApJS..184..218L,,
020632.92+233031.8_596558_0.1,596558,0.4749999940395355,0.1,13.0,11.1496,11.1496,0.0015111324610188603,0.00020615571702364832,0.017093664035201073,0.00018237807671539485,0.02525576762855053,0.00016120923100970685,0.04733671993017197,0.0004366895300336182,0.08976687490940094,0.005739735439419746,0.13383018970489502,0.005784483626484871,0.18805214762687683,0.007779316511005163,0.19666863977909088,0.0018066535703837872,0.1867816299200058,0.003632752690464258,596558,150.3294564549035,2.2028509965220717,12371,0.04680700608159873,ADP.2015-10-15T12_55_37.120.fits,zCOSMOS_BRIGHT_DR3_000823789_ZCMRa76_M1_Q4_15_1.fits,823789,150.329468,2.202845,9.24766740692905,2009ApJS..184..218L,,
021653.92+004004.2_438552_0.003,438552,0.8640999794006348,0.003,63.0,9.4,9.4,0.0011520939879119396,3.7273122870828956e-05,0.0026799659244716167,6.217633199412376e-05,0.0038396157324314117,6.074197153793648e-05,0.0063461377285420895,6.640772335231304e-05,,,,,0.006081718485802412,0.0008135439129546285,0.0036341049708426,6.460233998950571e-05,0.0023552486672997475,0.00010563499381532893,438552,150.29083561666755,1.9615947614820382,1521,0.04689604230743363,ADP.2015-10-15T12_46_09.887.fits,zCOSMOS_BRIGHT_DR3_000817677_ZCMRa74_M3_Q4_21_1.fits,817677,150.290833,1.961582,2.691245259375878,2009ApJS..184..218L,,
024743.25-071902.1_336224_0.003,336224,0.34299999475479126,0.003,24.0,9.19729,9.19729,0.002986006438732147,5.8901488955598325e-05,0.006136135198175907,9.385561861563474e-05,0.007377009838819504,8.723154314793646e-05,0.010235324501991272,9.831036732066423e-05,0.010506645776331425,0.00021457416005432606,0.010904695838689804,0.000653137918561697,0.01613372191786766,0.0010918917832896113,0.012023089453577995,0.0001855172449722886,0.01531089935451746,0.00025673338677734137,336224,149.65242601782754,1.799012576485212,13120,0.046964972381360374,ADP.2015-10-15T12_56_10.817.fits,zCOSMOS_BRIGHT_DR3_000814035_ZCMRa22_M2_Q4_8_1.fits,814035,149.65242,1.799001,3.083053031141788,2009ApJS..184..218L,,
081515.35+242441.0_556210_0.01,556210,0.5552999973297119,0.01,3030.0,9.60738,9.60738,0.0027493860106915236,3.644196112873033e-05,0.006819062400609255,8.941303531173617e-05,0.008997023105621338,8.522189455106854e-05,0.011054271832108498,7.686624303460121e-05,,,,,0.01631254516541958,0.0010196097427979112,0.014092999510467052,0.00017959796241484582,0.01310168020427227,0.0002715908922255039,556210,150.35627716085992,2.1456090536863623,15496,0.046996833850453716,ADP.2015-10-15T12_58_23.350.fits,zCOSMOS_BRIGHT_DR3_000823648_ZCMRa65_M1_Q1_4_2.fits,823648,150.356277,2.145596,4.980891466702282,2009ApJS..184..218L,,
074229.49+331509.6_806803_0.01,806803,0.4844000041484833,0.01,24.0,9.2509,9.2509,0.0013343730242922902,5.416122075985186e-05,0.0034724241122603416,6.516598659800366e-05,0.004129381384700537,6.702074460918084e-05,0.005685072857886553,8.694325515534729e-05,0.0069791898131370544,0.0005412303144112229,0.007684796117246151,0.0009121568873524666,,,0.007934421300888062,0.00017115901573561132,0.008938818238675594,0.0002600765728857368,806803,149.5138369112837,2.5234719306308038,11303,0.04702933704188614,ADP.2015-10-15T12_54_46.443.fits,zCOSMOS_BRIGHT_DR3_000841908_ZCMRa18_M1_Q3_26_1.fits,841908,149.513824,2.523474,2.242284247553597,2009ApJS..184..218L,,
074801.75+291028.9_698037_1,698037,0.3434000015258789,1.0,45.0,9.83979,9.83979,0.009620670229196548,0.0018472039373591542,0.09123781323432922,0.0018901447765529156,0.0696767047047615,0.0016294032102450728,0.14932681620121002,0.004857717547565699,,,0.36834919452667236,0.08717525750398636,0.3287896513938904,0.07382460683584213,0.3142412006855011,0.012060913257300854,0.4046474099159241,0.021058417856693268,698037,149.69382990574908,2.356010196616524,371,0.04709014878321432,ADP.2015-10-15T12_45_04.160.fits,zCOSMOS_BRIGHT_DR3_000833888_ZCMRa17_M2_Q1_7_1.fits,833888,149.693817,2.356008,5.821617255081115,2009ApJS..184..218L,,
155235.41+323357.9_411055_0.01,411055,0.37070000171661377,0.01,1.0,8.77697,8.77697,0.0023649113718420267,4.778539732797071e-05,0.004623726941645145,7.468720286851749e-05,0.004638879094272852,6.830859638284892e-05,0.00737405801191926,8.991325739771128e-05,0.006888517178595066,0.000469613733002916,,,0.007039211690425873,0.0010196029907092452,0.008610397577285767,0.00018686437397263944,0.011016381904482841,0.0002707487146835774,411055,150.74873094158798,1.9164919823222704,499,0.04712679186985122,ADP.2015-10-15T12_45_15.297.fits,zCOSMOS_BRIGHT_DR3_000809121_ZCMRa92_M2_Q2_16_2.fits,809121,150.748718,1.916494,1.753455366254809,2009ApJS..184..218L,,
031145.92-081000.9_712113_1,712113,0.46779999136924744,1.0,366.0,9.75849,9.75849,0.05688636377453804,0.0024677447509020567,0.08258921653032303,0.0019385217456147075,0.07025866210460663,0.0012174234725534916,0.06550895422697067,0.012497587129473686,0.17459075152873993,0.056346725672483444,,,0.35779938101768494,0.08737912774085999,0.46750643849372864,0.014688472263514996,0.7426866292953491,0.025115109980106354,712113,150.25268220801956,2.3779345466257213,7640,0.04718227891560702,ADP.2015-10-15T12_51_52.787.fits,zCOSMOS_BRIGHT_DR3_000830980_ZCMRa76_M2_Q3_12_1.fits,830980,150.252686,2.377922,5.030814765287297,2009ApJS..184..218L,,
034621.27-000141.5_903193_0.3,903193,0.6830000281333923,0.3,6.0,9.95563,9.95563,0.007787654176354408,0.0010049041593447328,0.016442514955997467,0.00406471686437726,0.017525531351566315,0.0016021380433812737,0.02617265284061432,0.0068195597268640995,0.13391779363155365,0.013008232228457928,0.14726243913173676,0.020116722211241722,0.16085098683834076,0.025927795097231865,0.17904670536518097,0.004977922886610031,0.17622753977775574,0.006763771176338196,903193,150.28644549231439,2.6700317607193678,6543,0.04718692915265068,ADP.2015-10-15T12_51_10.870.fits,zCOSMOS_BRIGHT_DR3_000845035_ZCMRa69_M2_Q2_15_1.fits,845035,150.286438,2.670021,1.945986467603616,2009ApJS..184..218L,,
152506.60+103405.9_607516_0.01,607516,0.7257999777793884,0.01,85.0,9.48939,9.48939,0.003179198130965233,5.349600178305991e-05,0.00539001077413559,7.491405995097011e-05,0.006613914854824543,7.699753768974915e-05,0.008468025363981724,0.0001000752454274334,0.009157886728644371,0.0006164020742289722,0.009953957051038742,0.0010427467059344053,,,0.015990369021892548,0.00025966583052650094,0.019738832488656044,0.0003928258956875652,607516,150.35531826293786,2.222646844265991,15025,0.047206336730906594,ADP.2015-10-15T12_57_51.933.fits,zCOSMOS_BRIGHT_DR3_000823651_ZCMRa85_M1_Q3_18_2.fits,823651,150.355331,2.22265,2.349664790686587,2009ApJS..184..218L,,
144017.02+285608.7_538222_1,538222,0.3107999861240387,1.0,18.0,10.1339,10.1339,0.018374066799879074,0.00148910959251225,0.1696534901857376,0.0022120564244687557,0.16651347279548645,0.0020441729575395584,0.43062493205070496,0.007897036150097847,0.5056348443031311,0.04634946584701538,0.7458455562591553,0.06561574339866638,1.2627968788146973,0.07810316979885101,1.6849921941757202,0.03945528715848923,2.6865031719207764,0.058841731399297714,538222,150.42379435775078,2.1166345682284993,19516,0.047233630442858845,ADP.2015-10-15T13_01_48.577.fits,zCOSMOS_BRIGHT_DR3_000816960_ZCMRa75_M2_Q1_15_2.fits,816960,150.423782,2.116639,10.42104160900357,2009ApJS..184..218L,,
152259.51+032347.7_323446_0.1,323446,0.5770999789237976,0.1,2.0,9.63154,9.63154,0.002884135115891695,0.000180484086740762,0.020955998450517654,0.0002835392951965332,0.015237225219607353,0.00014633034879807383,0.02613840624690056,0.0005471645854413509,0.03711206465959549,0.0045198481529951096,0.06390471756458282,0.006334950681775808,0.10265105217695236,0.007373408414423466,0.29159608483314514,0.0064877173863351345,0.6118399500846863,0.012324086390435696,323446,149.99418397695146,1.7798829879123481,7466,0.04725297345111389,ADP.2015-10-15T12_51_44.377.fits,zCOSMOS_BRIGHT_DR3_000806191_ZCMRa32_M1_Q1_10_6.fits,806191,149.994171,1.779885,2.293689782183578,2009ApJS..184..218L,,
023951.71-083949.8_343563_0.0003,343563,0.7365000247955322,0.0003,5052.0,9.8774,9.8774,0.0011857914505526423,3.3357842767145485e-05,0.0029212855733931065,6.398311234079301e-05,0.005407125689089298,7.089080463629216e-05,0.007597426418215036,7.822148472769186e-05,0.009941495023667812,0.00014015684428159148,0.013125177472829819,0.0007338961586356163,0.01494766678661108,0.0007024490041658282,0.01406544167548418,0.00014032791659701616,0.009832129813730717,8.752951544011012e-05,343563,150.24289732088377,1.8109682089554295,3543,0.047404049214709316,ADP.2015-10-15T12_48_13.650.fits,zCOSMOS_BRIGHT_DR3_000811411_ZCMRa51_M1_Q2_16_1.fits,811411,150.242889,1.810958,1.844551051700792,2009ApJS..184..218L,,
162041.17+060408.2_574979_0.03,574979,0.49889999628067017,0.03,1.0,9.89637,9.89637,0.005623797420412302,7.444906077580526e-05,0.014900701120495796,0.00013703842705581337,0.017275674268603325,0.00011975581583101302,0.022074369713664055,0.00014444143744185567,0.027101216837763786,0.0017608111957088113,,,0.03526968136429787,0.002342687454074621,0.029905088245868683,0.0003757503582164645,0.028914447873830795,0.0006223787204362452,574979,149.46844273194372,2.172171209428344,11061,0.04779167089602487,ADP.2015-10-15T12_54_32.433.fits,zCOSMOS_BRIGHT_DR3_000827922_ZCMRa16_M1_Q4_20_1.fits,827922,149.46843,2.172175,3.938936521516997,2009ApJS..184..218L,,
094822.45+684835.2_820034_0.03,820034,0.21130000054836273,0.03,18.0,8.4196,8.4196,0.0024643840733915567,7.754259422654286e-05,0.012043456546962261,0.00020592410874087363,0.009586034342646599,0.0001558946241857484,0.01500886119902134,0.0002663382620085031,0.032600149512290955,0.0016242325073108077,0.04241383448243141,0.0026471945457160473,0.08131712675094604,0.0031008587684482336,0.15823359787464142,0.0033135018311440945,0.2961743474006653,0.006007782183587551,820034,149.84782885627794,2.5434236368684404,9924,0.04781147176319056,ADP.2015-10-15T12_53_53.827.fits,zCOSMOS_BRIGHT_DR3_000840404_ZCMRa48_M2_Q3_33_1.fits,840404,149.847824,2.543436,2.853964811092131,2009ApJS..184..218L,,
152850.58+171331.5_534973_1,534973,0.7583000063896179,1.0,27.0,9.44537,9.44537,0.057325489819049835,0.0018373284256085753,0.09277912974357605,0.0017722973134368658,0.10754982382059097,0.0013518601190298796,0.1496848165988922,0.00460776686668396,0.25427642464637756,0.05934719741344452,0.23796120285987854,0.05939367786049843,0.23135875165462494,0.06962805241346359,0.5010085701942444,0.015258170664310455,0.8642371296882629,0.0265397559851408,534973,150.62792069023143,2.114707490009258,15468,0.047856792558578054,ADP.2015-10-15T12_58_19.027.fits,zCOSMOS_BRIGHT_DR3_000815898_ZCMRa85_M1_Q1_11_1.fits,815898,150.627914,2.114696,2.410557153291267,2009ApJS..184..218L,,
065406.76+283527.3_497850_1,497850,0.6378999948501587,1.0,3752.0,9.54878,9.54878,0.04586242139339447,0.0018062557792291045,0.13081005215644836,0.0017797740874812007,0.1074535921216011,0.0012426323955878615,0.1314024180173874,0.00435302359983325,0.13390791416168213,0.046550452709198,0.2928863763809204,0.06578356772661209,0.3043503761291504,0.0683772936463356,0.6226876378059387,0.01833958923816681,0.8291289806365967,0.030845103785395622,497850,149.97088212064145,2.0562414417930936,17990,0.04814988081400054,ADP.2015-10-15T13_00_29.693.fits,zCOSMOS_BRIGHT_DR3_000819125_ZCMRa55_M2_Q4_32_1.fits,819125,149.970871,2.056234,1.8142896467934,2009ApJS..184..218L,,
165006.23+215451.8_428506_0.03,428506,0.1890999972820282,0.03,8.0,8.25338,8.25338,0.011383682489395142,0.0001498529309174046,0.01799027808010578,0.0005434430204331875,0.013661542907357216,0.00017297477461397648,0.01700505055487156,0.00027175014838576317,0.025842934846878052,0.0021947023924440145,0.031088322401046753,0.002742111450061202,,,0.07244037091732025,0.00156151142437011,0.1013912782073021,0.0019443337805569172,428506,150.25466741539876,1.9458054341760171,19500,0.04831055038427987,ADP.2015-10-15T13_01_47.247.fits,zCOSMOS_BRIGHT_DR3_000811349_ZCMRa52_M1_Q2_6_2.fits,811349,150.254654,1.945806,1.91040257264328,2009ApJS..184..218L,,
030005.57-071215.5_678836_0.03,678836,0.375,0.03,560.0,10.4138,10.4138,0.0009636594913899899,5.767314360127784e-05,0.011107592843472958,0.0001186485169455409,0.017335331067442894,0.00012018428242299706,0.028346367180347443,0.00018231841386295855,,,,,0.07874229550361633,0.0028639626689255238,0.046997733414173126,0.00046235008630901575,0.04586370289325714,0.0008529002661816776,678836,150.65153227605916,2.327654162079065,19640,0.04838592049960921,ADP.2015-10-15T13_01_52.870.fits,zCOSMOS_BRIGHT_DR3_000828903_ZCMRa96_M1_Q2_22_2.fits,828903,150.651535,2.327641,8.572543838922693,2009ApJS..184..218L,,
205707.66+752603.8_533965_0.3,533965,0.725600004196167,0.3,14.0,9.71122,9.71122,0.014440477825701237,0.014705258421599865,0.07045645266771317,0.0014458830701187253,0.0584658719599247,0.0015502129681408405,0.06805159151554108,0.0031894193962216377,,,,,0.10761737078428268,0.023502273485064507,0.02623699977993965,0.0014986747410148382,,,533965,149.57067273285423,2.112833282003079,12853,0.04840029327895755,ADP.2015-10-15T12_55_56.897.fits,zCOSMOS_BRIGHT_DR3_000820739_ZCMRa15_M1_Q4_17_1.fits,820739,149.570663,2.112824,2.125461953815539,2009ApJS..184..218L,,
154307.77+193751.7_754366_0.03,754366,0.219200000166893,0.03,1.0,8.73716,8.73716,0.021870633587241173,0.0006787240854464471,0.03010016493499279,0.00038710221997462213,0.023376040160655975,0.0002993907837662846,0.028769297525286674,0.00040708488086238503,0.052911657840013504,0.002696449402719736,0.08217873424291611,0.004239898175001144,0.16330474615097046,0.005160329397767782,0.3816582262516022,0.008457452990114689,0.6477845907211304,0.012595796026289463,754366,150.03500098870703,2.4436543793999554,8814,0.04850104088032436,ADP.2015-10-15T12_53_07.053.fits,zCOSMOS_BRIGHT_DR3_000832131_ZCMRa58_M2_Q4_10_1.fits,832131,150.034988,2.443658,2.589478611952038,2009ApJS..184..218L,,
074959.03+390138.2_554806_0.0001,554806,0.35409998893737793,0.0001,326.0,9.20489,9.20489,0.0009691074956208467,3.135555380140431e-05,0.003348774276673794,6.952101830393076e-05,0.003943891264498234,6.229655264178291e-05,0.005547564011067152,6.315469363471493e-05,0.006482453551143408,0.0001601271069375798,,,,,0.004507670644670725,9.657143527874723e-05,0.003493189811706543,9.1687856183853e-05,554806,149.89600581840728,2.1445214622831683,13364,0.048582638128696766,ADP.2015-10-15T12_56_23.090.fits,zCOSMOS_BRIGHT_DR3_000825894_ZCMRa35_M1_Q1_5_1.fits,825894,149.896011,2.144509,2.731594705660892,2009ApJS..184..218L,,
031859.68-080223.1_947032_0.1,947032,0.7369999885559082,0.1,2.0,10.1344,10.1344,0.01341988518834114,0.0003512736293487251,0.017890986055135727,0.000354737596353516,0.0237877294421196,0.0002603231987450272,0.02816898748278618,0.0006418757257051766,0.031220577657222748,0.005401179660111666,0.043910618871450424,0.006560361012816429,,,0.06479980051517487,0.0012210281565785408,0.08267246931791306,0.0022982200607657433,947032,150.00508925060805,2.7389482658821285,6708,0.04871830653944366,ADP.2015-10-15T12_51_16.513.fits,zCOSMOS_BRIGHT_DR3_000846529_ZCMRa30_M1_Q2_32_1.fits,846529,150.005081,2.738959,2.788315624101525,2009ApJS..184..218L,,
075858.29+355643.6_402162_0.1,402162,0.753600001335144,0.1,1.0,11.0003,11.0003,0.0008276766748167574,0.0001386013173032552,0.008646349422633648,0.00014450098387897015,0.010664938017725945,0.00011966117017436773,0.021891865879297256,0.0004786086792591959,0.04268423467874527,0.0053620049729943275,0.0592319592833519,0.006294856313616037,0.07530613243579865,0.0066444724798202515,0.13185109198093414,0.0022074684966355562,0.14711937308311462,0.003322374075651169,402162,149.70351925427337,1.9016711175180663,3777,0.04880503552930626,ADP.2015-10-15T12_48_20.327.fits,zCOSMOS_BRIGHT_DR3_000813817_ZCMRa22_M2_Q3_20_1.fits,813817,149.703506,1.901674,3.867191966724941,2009ApJS..184..218L,,
041920.33+075840.6_821352_0.03,821352,0.7279999852180481,0.03,9.0,10.5367,10.5367,0.0002935586962848902,0.0001282805169466883,0.0026474567130208015,6.418015254894271e-05,0.004762424621731043,6.940380262676626e-05,0.008176279254257679,0.0001489178102929145,,,0.029618585482239723,0.002040850231423974,,,0.05602036416530609,0.00038744459743611515,0.044288963079452515,0.0006099790916778147,821352,149.9035611802514,2.544477979836043,12489,0.048873695476556366,ADP.2015-10-15T12_55_40.583.fits,zCOSMOS_BRIGHT_DR3_000840123_ZCMRa49_M1_Q4_12_1.fits,840123,149.903549,2.544484,1.019526826266879,2009ApJS..184..218L,,
082041.86+170031.9_559961_1,559961,0.4253999888896942,1.0,5205.0,9.40691,9.40691,0.029277753084897995,0.0014072965132072568,0.09179851412773132,0.002579757710918784,0.06859834492206573,0.0012708306312561035,0.12688148021697998,0.005266853608191013,0.27487391233444214,0.06419030576944351,0.3141966462135315,0.07189958542585373,0.45385855436325073,0.07962433993816376,0.4875679910182953,0.015313644893467426,0.6642988920211792,0.025992706418037415,559961,149.95731804344928,2.1520563268910085,17746,0.048948045748322865,ADP.2015-10-15T13_00_17.713.fits,zCOSMOS_BRIGHT_DR3_000825604_ZCMRa44_M2_Q3_18_3.fits,825604,149.957306,2.15205,1.346106553965882,2009ApJS..184..218L,,
022414.66+002415.5_594913_0.0001,594913,0.37470000982284546,0.0001,626.0,10.1004,10.1004,0.0010502970544621348,2.8154727260698564e-05,0.008890029042959213,0.00010900955385295674,0.013671000488102436,0.00010860812471946701,0.022231178358197212,8.282037742901593e-05,,,,,0.052668068557977676,0.0007306456682272255,0.033576104789972305,0.00018247164553031325,0.031142977997660637,0.00023126981977839023,594913,150.52532466841356,2.202681477561331,11137,0.04903352839042841,ADP.2015-10-15T12_54_36.143.fits,zCOSMOS_BRIGHT_DR3_000822777_ZCMRa86_M2_Q1_20_1.fits,822777,150.525314,2.202673,7.77529184742648,2009ApJS..184..218L,,
081613.15+251701.2_558345_0.0001,558345,0.8359000086784363,0.0001,521.0,9.80641,9.80641,0.0008568015764467418,3.080007081734948e-05,0.0018034630920737982,5.209983282838948e-05,0.0036305212415754795,5.919676914345473e-05,0.005369109101593494,6.756831135135144e-05,0.007098795846104622,0.00015694001922383904,,,0.009879211895167828,0.000751156301703304,0.011041899211704731,0.0001407601812388748,0.008017649874091148,0.00015580248145852238,558345,150.3497644031947,2.149504409461265,10813,0.04904210534367861,ADP.2015-10-15T12_54_24.993.fits,zCOSMOS_BRIGHT_DR3_000823689_ZCMRa75_M1_Q4_4_6.fits,823689,150.349762,2.149491,1.675346875061179,2009ApJS..184..218L,,
033431.31+005121.5_573959_1,573959,0.4259999990463257,1.0,8.0,11.0493,11.0493,0.02241215854883194,0.0021080346778035164,0.07413079589605331,0.0013738129055127501,0.06893756985664368,0.0008825029362924397,0.12764494121074677,0.004004019312560558,,,,,0.5832093954086304,0.09702304005622864,0.46479132771492004,0.01301319245249033,0.46867865324020386,0.020511774346232414,573959,149.937992280154,2.1691880585753816,5044,0.049067609551564424,ADP.2015-10-15T12_49_28.117.fits,zCOSMOS_BRIGHT_DR3_000825679_ZCMRa44_M2_Q3_12_4.fits,825679,149.937988,2.169201,6.043043929253521,2009ApJS..184..218L,,
035609.24-050755.3_722388_0.003,722388,0.4235000014305115,0.003,1.0,8.90872,8.90872,0.002139874966815114,3.940042734029703e-05,0.004231893457472324,7.637021190021187e-05,0.005108312703669071,7.762414315948263e-05,0.00658371951431036,7.86051678005606e-05,0.006690732203423977,0.00021164074132684618,0.006256782915443182,0.0007322610472328961,0.007412787992507219,0.0008040373213589191,0.007544734049588442,0.00012906643678434193,0.007352455519139767,0.00017385934188496321,722388,150.50900042271064,2.3934457157249693,7003,0.04925953899901684,ADP.2015-10-15T12_51_27.060.fits,zCOSMOS_BRIGHT_DR3_000829626_ZCMRa78_M1_Q1_24_6.fits,829626,150.508987,2.393443,3.173235363536246,2009ApJS..184..218L,,
033901.67-055139.9_617539_0.01,617539,0.21960000693798065,0.01,1211.0,9.52621,9.52621,0.0058690570294857025,4.0737108065513894e-05,0.02351619303226471,0.00017208153440151364,0.02870156429708004,0.00015226154937408864,0.03652707859873772,9.998252062359825e-05,0.04812752828001976,0.00045012569171376526,0.05630209296941757,0.0008861296228133142,0.06465792655944824,0.0011682305485010147,0.044314194470644,0.00035056198248639703,0.043336834758520126,0.00045334940659813583,617539,149.87317415140174,2.2349003166162733,10386,0.04927725540813061,ADP.2015-10-15T12_54_10.987.fits,zCOSMOS_BRIGHT_DR3_000826019_ZCMRa45_M1_Q3_15_1.fits,826019,149.873169,2.234913,7.297699559771583,2009ApJS..184..218L,,
080459.95+272248.7_322426_0.003,322426,0.579200029373169,0.003,27.0,9.28866,9.28866,0.0015012356452643871,2.952964678115677e-05,0.0035331950057297945,6.508416117867455e-05,0.004533314611762762,6.393158400896937e-05,0.00553453853353858,7.451005512848496e-05,0.0061790831387043,0.00019859909662045538,0.0070446208119392395,0.0007635125075466931,0.008623319678008556,0.0007119562942534685,0.007878185249865055,9.207892435370013e-05,0.008379694074392319,0.00013892253628000617,322426,150.19719558140733,1.778036969024335,3595,0.049363023259672324,ADP.2015-10-15T12_48_15.640.fits,zCOSMOS_BRIGHT_DR3_000805253_ZCMRa62_M1_Q4_14_1.fits,805253,150.197189,1.778049,2.149183746139466,2009ApJS..184..218L,,
030000.57+004828.0_615894_0.1,615894,0.8982999920845032,0.1,32.0,9.88576,9.88576,0.008064917288720608,0.0002617178251966834,0.10838271677494049,0.0018590406980365515,0.09622906893491745,0.0014335240703076124,0.15478000044822693,0.0025833402760326862,0.15582266449928284,0.006523527670651674,0.15813235938549042,0.010374948382377625,0.1650124192237854,0.010040799155831337,0.27371707558631897,0.006010879762470722,0.5041323900222778,0.011028243228793144,615894,150.65594626228452,2.234310158266524,1112,0.049510994425348044,ADP.2015-10-15T12_45_43.313.fits,zCOSMOS_BRIGHT_DR3_000822128_ZCMRa96_M1_Q1_8_1.fits,822128,150.65596,2.234311,2.630811292735037,2009ApJS..184..218L,,
093228.56+555344.8_835273_0.01,835273,0.8715999722480774,0.01,59.0,10.1109,10.1109,0.0009056051494553685,5.317673276294954e-05,0.003249414963647723,6.130644760560244e-05,0.005023254081606865,6.933187250979245e-05,0.008507845923304558,0.00010007891251007095,0.014105399139225483,0.00044887923286296427,0.015920937061309814,0.0009481929009780288,0.023009726777672768,0.001173572614789009,0.049352727830410004,0.0006637355545535684,0.079552561044693,0.0013085262617096305,835273,150.62127475662834,2.5662934304652687,4327,0.0495120944467295,ADP.2015-10-15T12_48_56.140.fits,zCOSMOS_BRIGHT_DR3_000836092_ZCMRa89_M2_Q1_7_1.fits,836092,150.621277,2.566307,1.895098800608344,2009ApJS..184..218L,,
083640.18+155229.7_828072_0.01,828072,0.2240000069141388,0.01,1.0,8.67364,8.67364,0.0035651642829179764,5.859389420947991e-05,0.008448468521237373,0.00010303528688382357,0.00940379686653614,9.57813608692959e-05,0.01146026886999607,8.851126040099189e-05,0.014828951098024845,0.0008131531067192554,0.013816310092806816,0.0009294853662140667,0.013903219252824783,0.0010938909836113453,0.017282316461205482,0.000292491284199059,0.02059391513466835,0.000468701240606606,828072,150.65292665344333,2.5548775001667914,7931,0.049527452890989754,ADP.2015-10-15T12_52_05.310.fits,zCOSMOS_BRIGHT_DR3_000835924_ZCMRa98_M3_Q2_16_1.fits,835924,150.652924,2.554891,4.437745733368719,2009ApJS..184..218L,,
153325.42+361915.5_532635_0.01,532635,0.6802999973297119,0.01,167.0,10.351,10.351,0.0004080425132997334,3.1478837627219036e-05,0.0035411715507507324,5.982677248539403e-05,0.007437530439347029,7.553275645477697e-05,0.012157137505710125,7.732453377684578e-05,0.01898013986647129,0.00043862962047569454,0.026752032339572906,0.000892837590072304,0.03540227934718132,0.001130881137214601,0.04599117487668991,0.0003823505248874426,0.0459446907043457,0.0005309369298629463,532635,149.87263295040805,2.110100674202483,763,0.049535511854785774,ADP.2015-10-15T12_45_30.617.fits,zCOSMOS_BRIGHT_DR3_000819568_ZCMRa45_M2_Q4_13_1.fits,819568,149.87262,2.110096,2.974877522127661,2009ApJS..184..218L,,
081545.14+393630.9_846241_0.03,846241,0.5016000270843506,0.03,1.0,9.81246,9.81246,0.0071099065244197845,7.889528933446854e-05,0.015357159078121185,0.00014157837722450495,0.01785082370042801,0.00012262794189155102,0.02404167316854,0.00016223847342189401,0.026290103793144226,0.0016497753094881773,0.034644994884729385,0.002244035480543971,,,0.042921822518110275,0.0006193853332661092,0.049517013132572174,0.000896669807843864,846241,149.85119082193947,2.581014326877144,12634,0.04960222211620217,ADP.2015-10-15T12_55_45.630.fits,zCOSMOS_BRIGHT_DR3_000840392_ZCMRa48_M1_Q3_22_1.fits,840392,149.851181,2.581024,5.563229778869178,2009ApJS..184..218L,,
072034.46+411048.3_442556_0.1,442556,0.41530001163482666,0.1,1.0,10.9041,10.9041,0.006887219846248627,0.00021567774820141494,0.022642243653535843,0.00024067130289040506,0.031521737575531006,0.00022372844978235662,0.05531800910830498,0.0005670663085766137,0.12552551925182343,0.00881537701934576,0.14601898193359375,0.008273152634501457,0.1872265487909317,0.00838396791368723,0.18204675614833832,0.001866217702627182,0.1973479688167572,0.003086044918745756,442556,150.5476785125899,1.967946944457692,4856,0.049673157554806696,ADP.2015-10-15T12_49_21.363.fits,zCOSMOS_BRIGHT_DR3_000816230_ZCMRa94_M1_Q4_16_1.fits,816230,150.547668,1.967938,7.439398809201077,2009ApJS..184..218L,,
032717.23+010140.6_807128_0.3,807128,0.5098000168800354,0.3,2.0,10.0135,10.0135,0.0027166272047907114,0.0006946198991499841,0.0207674540579319,0.0007980198715813458,0.01469286810606718,0.0003326665027998388,0.03316530957818031,0.001513074734248221,0.06589575111865997,0.018756821751594543,0.178102508187294,0.02832130156457424,,,0.16860048472881317,0.004861663561314344,0.1381245255470276,0.006039108615368605,807128,150.3960831603375,2.5240578089686583,9468,0.04980565398625786,ADP.2015-10-15T12_53_36.087.fits,zCOSMOS_BRIGHT_DR3_000837334_ZCMRa89_M1_Q4_18_1.fits,837334,150.396072,2.524066,3.055106563405602,2009ApJS..184..218L,,
143229.91+012332.6_758680_0.1,758680,0.48660001158714294,0.1,1.0,9.68988,9.68988,0.0014798871707171202,0.00022079433256294578,0.014456520788371563,0.00021327332069631666,0.011960356496274471,0.00015003523731138557,0.02378145046532154,0.000530156132299453,0.04515762999653816,0.005453735589981079,0.049221135675907135,0.008160258643329144,0.08137311786413193,0.007691219449043274,0.18616929650306702,0.004284080117940903,0.32984331250190735,0.006884615868330002,758680,149.4770335740954,2.449556785903865,16574,0.0498415738838238,ADP.2015-10-15T12_59_23.143.fits,zCOSMOS_BRIGHT_DR3_000834921_ZCMRa17_M1_Q3_20_1.fits,834921,149.47702,2.449554,3.589823471254272,2009ApJS..184..218L,,
075057.26+353037.6_260267_0.1,260267,0.18539999425411224,0.1,1.0,9.95,9.95,0.013435790315270424,0.000228774719289504,0.07932005822658539,0.03079167939722538,0.09029491990804672,0.010010509751737118,0.12820087373256683,0.1450769454240799,0.6546012759208679,0.031008774414658546,0.7222089171409607,0.033081863075494766,0.6729732155799866,0.037491876631975174,1.4094021320343018,0.029056692495942116,1.1467883586883545,0.02260586805641651,260267,150.23716518740412,1.6772267293115266,6796,0.04985404525216856,ADP.2015-10-15T12_51_21.537.fits,zCOSMOS_BRIGHT_DR3_000805027_ZCMRa51_M2_Q1_12_1.fits,805027,150.237167,1.677213,18.31770239419847,2009ApJS..184..218L,,
031027.82-004950.7_485100_0.0003,485100,0.07850000262260437,0.0003,1.0,8.81509,8.81509,0.010222058743238449,2.7799831514130346e-05,0.02922823838889599,0.00019626723951660097,0.03739125281572342,0.00017141875287052244,0.04555940255522728,7.820947939762846e-05,0.05157537758350372,0.00011303434439469129,0.058558881282806396,0.0006349064060486853,0.0587969571352005,0.0008242070907726884,0.03724145516753197,0.00017664044571574777,0.03462902083992958,0.00022965736570768058,485100,150.05394800328384,2.033440329982846,13011,0.049927265500697614,ADP.2015-10-15T12_56_03.550.fits,zCOSMOS_BRIGHT_DR3_000818815_ZCMRa43_M1_Q2_10_1.fits,818815,150.05394,2.033429,16.43999762727859,2009ApJS..184..218L,,
033305.96+005735.9_500143_0.0001,500143,0.3203999996185303,0.0001,78.0,9.71158,9.71158,0.004653106909245253,3.0177483495208435e-05,0.018461909145116806,0.00015720544615760446,0.02275565266609192,0.00013568725262302905,0.03420685976743698,8.179411088349298e-05,,,0.04848615452647209,0.000621651008259505,,,0.03586846962571144,0.0001886632526293397,0.036552440375089645,0.00028744825976900756,500143,150.27641102747071,2.058415160917261,15911,0.0500014936577768,ADP.2015-10-15T12_58_51.220.fits,zCOSMOS_BRIGHT_DR3_000817745_ZCMRa65_M2_Q1_23_2.fits,817745,150.276398,2.05842,12.30114805039033,2009ApJS..184..218L,,
135700.96+083709.8_337832_1,337832,0.43630000948905945,1.0,35.0,10.1923,10.1923,0.23281311988830566,0.005784142296761274,0.31012046337127686,0.00490556750446558,0.29201486706733704,0.00473544979467988,0.3834432363510132,0.007096983026713133,,,0.45684102177619934,0.07667116820812225,0.7418460845947266,0.10417257249355316,0.8972285389900208,0.02444957010447979,1.3417739868164062,0.036189984530210495,337832,149.61007419754023,1.799564629761267,8948,0.05009260330234816,ADP.2015-10-15T12_53_10.420.fits,zCOSMOS_BRIGHT_DR3_000814212_ZCMRa21_M2_Q3_12_1.fits,814212,149.610077,1.799551,10.06099642256522,2009ApJS..184..218L,,
032948.44+010333.6_620390_0.1,620390,0.7394999861717224,0.1,86.0,9.82492,9.82492,0.026577815413475037,0.0005954920779913664,0.035299718379974365,0.0005771637661382556,0.04115660488605499,0.0005747732357122004,0.043944329023361206,0.0009331842884421349,0.05389274284243584,0.0066197095438838005,,,0.05749095231294632,0.011932596564292908,0.055267661809921265,0.0014139724662527442,0.09333591163158417,0.00274300342425704,620390,150.4141368680802,2.2414544245111583,567,0.050240256384729,ADP.2015-10-15T12_45_23.410.fits,zCOSMOS_BRIGHT_DR3_000823379_ZCMRa86_M2_Q4_7_1.fits,823379,150.414124,2.241449,2.147022318285886,2009ApJS..184..218L,,
161742.53+322234.3_361281_0.003,361281,0.14399999380111694,0.003,3.0,8.50039,8.50039,0.0030757063068449497,2.984256025229115e-05,0.011542100459337234,0.00012045642506564036,0.011044992133975029,9.629186388337985e-05,0.013790661469101906,0.00010233663488179445,0.015707608312368393,0.00023734851856715977,0.01649625226855278,0.0007153570768423378,0.017848622053861618,0.000834705017041415,0.033939629793167114,0.0005756256286986172,0.039709072560071945,0.0006790594197809696,361281,150.04877479787075,1.8377843573678825,19169,0.050437931275256934,ADP.2015-10-15T13_01_34.610.fits,zCOSMOS_BRIGHT_DR3_000812331_ZCMRa53_M2_Q4_37_1.fits,812331,150.048767,1.837796,3.457414745964582,2009ApJS..184..218L,,
090104.72+393709.7_935936_0.01,935936,0.7653999924659729,0.01,11.0,10.7,10.7,0.0015847381437197328,5.116540705785155e-05,0.003282723017036915,5.999329732730985e-05,0.006167622283101082,7.1582333475817e-05,0.010989923030138016,8.872782927937806e-05,0.018488606438040733,0.0005110689089633524,,,0.036940135061740875,0.0012107969960197806,0.03832217678427696,0.00024034854141063988,0.030497319996356964,0.00031333009246736765,935936,149.69961407867447,2.7208475199141815,7232,0.050905716706311034,ADP.2015-10-15T12_51_33.467.fits,zCOSMOS_BRIGHT_DR3_000847917_ZCMRa29_M2_Q3_7_1.fits,847917,149.6996,2.720849,3.223358523153689,2009ApJS..184..218L,,
153123.42+234524.9_593840_1,593840,0.4244000017642975,1.0,20.0,9.22339,9.22339,0.09309276938438416,0.0024942434392869473,0.10458024591207504,0.001877153990790248,0.08734837919473648,0.001696127001196146,0.16027067601680756,0.0049044350162148476,0.22268466651439667,0.04308859258890152,0.399975448846817,0.05558764562010765,0.569823682308197,0.08182743191719055,1.2592577934265137,0.03155224025249481,1.7523579597473145,0.04235399141907692,593840,149.93900838305052,2.202300075959009,10993,0.051002894884151426,ADP.2015-10-15T12_54_30.107.fits,zCOSMOS_BRIGHT_DR3_000825676_ZCMRa46_M2_Q4_25_1.fits,825676,149.939011,2.202314,3.512527562216878,2009ApJS..184..218L,,
143229.91+012332.6_388284_0.1,388284,0.4729999899864197,0.1,2.0,9.35012,9.35012,0.0021155872382223606,0.0002187025238526985,0.01525698509067297,0.00021578962332569063,0.012358466163277626,0.00015094038099050522,0.023924484848976135,0.000529788201674819,0.04369167238473892,0.005453348159790039,0.045586489140987396,0.008159042336046696,0.0787312462925911,0.007678097113966942,0.18422043323516846,0.00428387988358736,0.32798048853874207,0.006884316448122263,388284,150.47094523695287,1.881104079847274,6736,0.05101759795241182,ADP.2015-10-15T12_51_16.953.fits,zCOSMOS_BRIGHT_DR3_000810362_ZCMRa72_M1_Q2_21_1.fits,810362,150.470932,1.881099,2.994586895365474,2009ApJS..184..218L,,
151910.66+283009.8_423483_0.3,423483,0.4406999945640564,0.3,3.0,9.80067,9.80067,0.021817389875650406,0.0005144505412317812,0.05768520385026932,0.0008995853131636977,0.04276883602142334,0.0004424643702805042,0.06854046136140823,0.0012199904303997755,,,,,0.0874582827091217,0.018740879371762276,0.12497682869434357,0.003998987842351198,0.1995093673467636,0.00763276219367981,423483,150.35099424444482,1.9356003466875817,15168,0.051060782519222456,ADP.2015-10-15T12_57_58.957.fits,zCOSMOS_BRIGHT_DR3_000810934_ZCMRa82_M1_Q3_9_1.fits,810934,150.350983,1.935609,3.88801948311016,2009ApJS..184..218L,,
022754.38-073455.0_518379_0.03,518379,0.9296000003814697,0.03,3.0,10.4433,10.4433,0.0002375997428316623,5.0797865696949884e-05,0.002191060222685337,5.770020288764499e-05,0.003923836164176464,5.866887659067288e-05,0.009489256888628006,0.00016412677359767258,0.017751038074493408,0.0017764243530109525,0.020594632253050804,0.0019823492038995028,,,0.033350855112075806,0.0004524318501353264,0.030761659145355225,0.0006792889907956123,518379,150.25666909996747,2.088126847869352,4204,0.05110112490785733,ADP.2015-10-15T12_48_52.110.fits,zCOSMOS_BRIGHT_DR3_000817840_ZCMRa55_M1_Q1_25_1.fits,817840,150.256668,2.088141,2.501236837147183,2009ApJS..184..218L,,
022507.93-003532.9_701695_1,701695,0.6862999796867371,1.0,43.0,10.1497,10.1497,0.03170548751950264,0.0019895676523447037,0.12307963520288467,0.0021849109325557947,0.12001405656337738,0.0014581888681277633,0.20562642812728882,0.005203183740377426,0.3639068901538849,0.038283657282590866,0.2955964505672455,0.051354654133319855,0.5128132104873657,0.08102662116289139,0.5783549547195435,0.01724381186068058,0.7987816333770752,0.026970326900482178,701695,150.2292821673409,2.3599948448359007,10927,0.05112691039136065,ADP.2015-10-15T12_54_27.203.fits,zCOSMOS_BRIGHT_DR3_000831089_ZCMRa77_M2_Q4_4_1.fits,831089,150.229279,2.359981,11.56352987084077,2009ApJS..184..218L,,
075128.13+480228.4_334619_1,334619,0.7310000061988831,1.0,128.0,9.83493,9.83493,0.07369107007980347,0.0018910156795755029,0.1722773164510727,0.002194836037233472,0.15227720141410828,0.0020402702502906322,0.20000678300857544,0.005383082199841738,0.26774299144744873,0.059938933700323105,,,0.26612019538879395,0.07095584273338318,0.6491338610649109,0.018923470750451088,1.1127326488494873,0.030859097838401794,334619,150.0586295767589,1.79622810343044,13574,0.05126298535491263,ADP.2015-10-15T12_56_34.057.fits,zCOSMOS_BRIGHT_DR3_000812303_ZCMRa41_M1_Q2_14_1.fits,812303,150.058624,1.796215,1.740374678785853,2009ApJS..184..218L,,
165641.50+372639.7_768361_0.03,768361,0.47609999775886536,0.03,29.0,10.3778,10.3778,0.0015249791322275996,5.478261300595477e-05,0.011700361967086792,0.00012239039642736316,0.01602809689939022,0.00011677391012199223,0.027077563107013702,0.00017993513029068708,,,,,0.0727313756942749,0.0023598470725119114,0.07694755494594574,0.0009087173384614289,0.09130415320396423,0.0013876762241125107,768361,149.6921501211377,2.46171770980588,11058,0.05128914744978406,ADP.2015-10-15T12_54_32.407.fits,zCOSMOS_BRIGHT_DR3_000841111_ZCMRa17_M2_Q2_14_1.fits,841111,149.692154,2.461704,7.357855498726512,2009ApJS..184..218L,,
155416.49+513218.7_227190_0.003,227190,0.9043999910354614,0.003,6.0,9.95972,9.95972,0.0012059634318575263,4.7573379561072215e-05,0.00280965119600296,5.772897202405147e-05,0.00467580184340477,6.651584408245981e-05,0.007300546858459711,7.283469312824309e-05,0.008752795867621899,0.0003484906046651304,0.009951846674084663,0.0008598682470619678,,,0.015133184380829334,0.0001564655831316486,0.01270267739892006,0.0001493255840614438,227190,150.27879024256939,1.6253563182094475,313,0.05133202546232939,ADP.2015-10-15T12_45_00.710.fits,zCOSMOS_BRIGHT_DR3_000801005_ZCMRa61_M2_Q1_24_5.fits,801005,150.278778,1.625349,2.065863034687378,2009ApJS..184..218L,,
075217.84+193542.2_577077_0.003,577077,0.12219999730587006,0.003,4.0,8.09521,8.09521,0.00589723140001297,6.512913387268782e-05,0.014422247186303139,0.00016608221631031483,0.011148244142532349,0.00010224035941064358,0.012989296577870846,0.00014795383322052658,0.013402765616774559,0.0002993280068039894,0.015208195894956589,0.0006618127226829529,0.020520465448498726,0.0008512804051861167,0.03672727569937706,0.0008027763688005507,0.05875151976943016,0.0010983692482113838,577077,150.37791317922324,2.1764983570261296,11792,0.05135015502512907,ADP.2015-10-15T12_55_15.617.fits,zCOSMOS_BRIGHT_DR3_000823546_ZCMRa66_M1_Q1_36_1.fits,823546,150.377899,2.1765,3.148705553626286,2009ApJS..184..218L,,
033305.96+005735.9_442173_0.0001,442173,0.31439998745918274,0.0001,4.0,9.15968,9.15968,0.00028122594812884927,2.0819928977289237e-05,0.002541646361351013,6.057715290808119e-05,0.0035918904468417168,5.837552453158423e-05,0.0052892593666911125,6.052186290617101e-05,,,0.008204501122236252,0.0005795283941552043,,,0.0048388405703008175,6.024112008162774e-05,0.004322615917772055,5.891719047212973e-05,442173,150.1394249451461,1.9676813965240034,14354,0.05140473455206378,ADP.2015-10-15T12_57_18.147.fits,zCOSMOS_BRIGHT_DR3_000818387_ZCMRa64_M2_Q4_25_1.fits,818387,150.13942,1.967668,4.392986619131303,2009ApJS..184..218L,,
032518.44-060738.6_451003_0.3,451003,0.5705000162124634,0.3,4.0,10.7979,10.7979,0.002370743779465556,0.0004880456253886223,0.019518868997693062,0.00048521687858738005,0.026012897491455078,0.0004441247438080609,0.0488712340593338,0.001439073821529746,,,,,0.19370198249816895,0.024540331214666367,0.11478520929813385,0.0027090206276625395,0.09285484254360199,0.004847206640988588,451003,150.0513548871771,1.979889184486269,5060,0.051415811585475285,ADP.2015-10-15T12_49_29.400.fits,zCOSMOS_BRIGHT_DR3_000818825_ZCMRa54_M1_Q4_15_1.fits,818825,150.051346,1.979878,4.832407836550462,2009ApJS..184..218L,,
151038.37+101950.4_559734_0.001,559734,0.4796999990940094,0.001,2790.0,9.45159,9.45159,0.0013896471355110407,2.220604983449448e-05,0.00487234303727746,8.381831867154688e-05,0.006424919236451387,7.659028779016808e-05,0.008487719111144543,8.381438965443522e-05,0.00967676192522049,0.00017009350995067507,,,0.014090929180383682,0.0007733985548838973,0.009675011970102787,9.449198842048645e-05,0.009324916638433933,0.00013707707694265991,559734,150.01617033602574,2.1514268171072635,14102,0.051458375475608054,ADP.2015-10-15T12_57_07.413.fits,zCOSMOS_BRIGHT_DR3_000825291_ZCMRa44_M2_Q2_13_1.fits,825291,150.016174,2.151413,1.738046486241401,2009ApJS..184..218L,,
074738.39+245637.3_692016_0.003,692016,0.12359999865293503,0.003,38.0,9.50019,9.50019,0.0037289042957127094,3.330628896947019e-05,0.029841696843504906,0.00019278480613138527,0.040680330246686935,0.00017889174341689795,0.06284578889608383,0.000102751720987726,0.08380681276321411,0.0002624232438392937,0.10635453462600708,0.0008745562518015504,0.1029137372970581,0.0009695529588498175,0.07060006260871887,0.0005313130677677691,0.0629488080739975,0.0006179546471685171,692016,150.46225686769571,2.3446125604734926,13619,0.0515255214844119,ADP.2015-10-15T12_56_37.083.fits,zCOSMOS_BRIGHT_DR3_000829852_ZCMRa86_M1_Q3_20_1.fits,829852,150.46225,2.3446,17.34516661456487,2009ApJS..184..218L,,
083640.18+155229.7_383996_1,383996,0.2298000007867813,1.0,4.0,9.97418,9.97418,0.14966416358947754,0.0031225404236465693,0.24198350310325623,0.003516957862302661,0.18812736868858337,0.002396529773250222,0.24734929203987122,0.004507668316364288,0.42911550402641296,0.07884839177131653,0.32521212100982666,0.06088700145483017,0.3831453025341034,0.07553814351558685,1.130467176437378,0.026664040982723236,1.5582548379898071,0.04468833655118942,383996,149.93019166064343,1.871306684448627,3389,0.05160665788784458,ADP.2015-10-15T12_48_08.250.fits,zCOSMOS_BRIGHT_DR3_000812829_ZCMRa32_M2_Q2_18_1.fits,812829,149.930206,1.871307,7.467900572708783,2009ApJS..184..218L,,
031935.52+002416.1_704764_1,704764,0.6922000050544739,1.0,664.0,9.72179,9.72179,0.08057169616222382,0.0027409209869802,0.07769513130187988,0.002138730138540268,0.08955587446689606,0.0014669689116999507,0.07933555543422699,0.005124402232468128,0.2288857251405716,0.06897011399269104,0.32677361369132996,0.07544160634279251,,,0.4661423861980438,0.015199590474367142,0.7318664789199829,0.02568141371011734,704764,150.0572494090807,2.366947122674277,16740,0.05163692219771208,ADP.2015-10-15T12_59_28.320.fits,zCOSMOS_BRIGHT_DR3_000831996_ZCMRa56_M1_Q3_15_1.fits,831996,150.057236,2.366942,7.226907627348757,2009ApJS..184..218L,,
074828.20+284015.4_764825_0.0003,764825,0.4787999987602234,0.0003,58.0,9.74722,9.74722,9.595727169653401e-05,2.5230354367522523e-05,0.002420729026198387,6.0022794059477746e-05,0.004825813230127096,7.306335464818403e-05,0.007265585940331221,8.56884871609509e-05,0.009887040592730045,0.00013853712880518287,,,0.014705193229019642,0.0009249569848179817,0.009999160654842854,0.00011296621232759207,0.007739515043795109,0.000114554597530514,764825,149.4657242852597,2.4591430911230305,5264,0.05184782170982496,ADP.2015-10-15T12_50_00.097.fits,zCOSMOS_BRIGHT_DR3_000834974_ZCMRa17_M1_Q3_16_1.fits,834974,149.465714,2.459133,3.617281071914382,2009ApJS..184..218L,,
091027.84+432633.4_652007_1,652007,0.4997999966144562,1.0,9.0,10.5201,10.5201,0.08235703408718109,0.002215188229456544,0.09482686966657639,0.0025780529249459505,0.11439282447099686,0.0019207100849598646,0.15801459550857544,0.004431640263646841,0.25919121503829956,0.0781041830778122,,,,,0.4363038241863251,0.012098870240151882,0.6672612428665161,0.020130330696702003,652007,150.68226740365904,2.287749660374796,294,0.051868988163757866,ADP.2015-10-15T12_44_57.480.fits,zCOSMOS_BRIGHT_DR3_000822002_ZCMRa97_M1_Q1_26_1.fits,822002,150.682266,2.287764,7.397835396926201,2009ApJS..184..218L,,
092421.40+530746.1_730679_0.01,730679,0.8165000081062317,0.01,1.0,10.5001,10.5001,0.00015388466999866068,2.4784649212961085e-05,0.0019104632083326578,4.603725392371416e-05,0.003688578028231859,5.713946666219272e-05,0.008105172775685787,8.26431714813225e-05,,,,,0.023627612739801407,0.0010100131621584296,0.028364911675453186,0.00023389574198517948,0.023896493017673492,0.00030615690047852695,730679,150.48808837472427,2.4068564063779663,593,0.05199074150259964,ADP.2015-10-15T12_45_24.497.fits,zCOSMOS_BRIGHT_DR3_000829723_ZCMRa98_M3_Q4_17_1.fits,829723,150.488083,2.406843,2.344278725579795,2009ApJS..184..218L,,
142748.28+050222.0_452472_0.01,452472,0.10490000247955322,0.01,2.0,7.86025,7.86025,0.013299241662025452,0.00010575439955573529,0.02231883630156517,0.0004132242174819112,0.015934446826577187,0.00023467351275030524,0.01921086013317108,0.0003397632099222392,0.01246454194188118,0.0006125862710177898,0.014599715359508991,0.0009078533039428294,0.022123349830508232,0.0012937098508700728,0.028878087177872658,0.0006536424625664949,0.03815089538693428,0.0007887245737947524,452472,150.29584037295075,1.983155094504044,16653,0.05217121897128528,ADP.2015-10-15T12_59_26.373.fits,zCOSMOS_BRIGHT_DR3_000817645_ZCMRa63_M2_Q2_22_1.fits,817645,150.295837,1.983141,1.504441771207401,2009ApJS..184..218L,,
025601.61+001601.3_704969_0.3,704969,0.5892999768257141,0.3,58.0,9.35949,9.35949,0.0054337503388524055,0.0005943024298176169,0.014588020741939545,0.00040348328184336424,0.01121150329709053,0.0002825868723448366,0.02156425639986992,0.0013772345846518874,,,,,0.11960989981889725,0.025790154933929443,0.0926498994231224,0.0036366465501487255,0.10247914493083954,0.005800618790090084,704969,149.97661346023102,2.3675974483119155,11596,0.052245952605080796,ADP.2015-10-15T12_55_07.977.fits,zCOSMOS_BRIGHT_DR3_000832438_ZCMRa57_M1_Q4_3_1.fits,832438,149.976608,2.367584,2.270894384737384,2009ApJS..184..218L,,
085521.62+260152.4_542536_1,542536,0.90420001745224,1.0,2.0,10.2326,10.2326,0.059651076793670654,0.0021053203381597996,0.12675148248672485,0.0022084373049438,0.10797113925218582,0.001747080241329968,0.16654086112976074,0.004941623192280531,0.34446728229522705,0.05881362408399582,,,,,0.26158076524734497,0.010345789603888988,0.43422722816467285,0.02049088664352894,542536,150.35497649801925,2.125980109407014,9409,0.052332951039723796,ADP.2015-10-15T12_53_34.547.fits,zCOSMOS_BRIGHT_DR3_000817368_ZCMRa85_M1_Q4_6_1.fits,817368,150.35498,2.125966,1.898339179004217,2009ApJS..184..218L,,
023313.81-001215.4_426913_0.1,426913,0.8004000186920166,0.1,4.0,10.7453,10.7453,0.003930360544472933,0.00017497531371191144,0.009163787588477135,0.0001718299899948761,0.014986593276262283,0.00016949510609265417,0.023161979392170906,0.0003986990777775645,,,0.06464925408363342,0.0060441745445132256,0.10510451346635818,0.009245781227946281,0.1227041482925415,0.0013840411556884646,0.11946970224380493,0.0023102527484297752,426913,150.65267476924407,1.9410780868834543,9552,0.0523491957114402,ADP.2015-10-15T12_53_38.713.fits,zCOSMOS_BRIGHT_DR3_000809495_ZCMRa92_M2_Q2_8_4.fits,809495,150.652679,1.941092,3.069241627283496,2009ApJS..184..218L,,
023501.03-080223.5_492600_0.1,492600,0.5295000076293945,0.1,234.0,10.8,10.8,0.004308938980102539,0.00020379520719870925,0.01656743511557579,0.000237911895965226,0.02669462002813816,0.00019917951431125402,0.04226437211036682,0.0006111504626460373,,,0.09598473459482193,0.006357154808938503,,,0.10926803946495056,0.0012930002994835377,0.1113443598151207,0.0021782019175589085,492600,150.3554850357072,2.045238517089723,19049,0.05239418989723296,ADP.2015-10-15T13_01_27.937.fits,zCOSMOS_BRIGHT_DR3_000817367_ZCMRa64_M2_Q1_1_1.fits,817367,150.355484,2.045224,12.72910433814541,2009ApJS..184..218L,,
032219.43+005401.3_554428_0.3,554428,0.63919997215271,0.3,159.0,9.39607,9.39607,0.0074318828992545605,0.0006901897140778601,0.02037341520190239,0.00044132204493507743,0.016544144600629807,0.00032416166504845023,0.023196378722786903,0.0012730179587379098,,,,,0.16004374623298645,0.03326999768614769,0.13586699962615967,0.004375535063445568,0.22946669161319733,0.008016093634068966,554428,150.03181687334643,2.1436744563544874,14238,0.05247741889484956,ADP.2015-10-15T12_57_12.903.fits,zCOSMOS_BRIGHT_DR3_000825209_ZCMRa44_M2_Q2_15_1.fits,825209,150.031815,2.14366,1.701978983802302,2009ApJS..184..218L,,
074645.04+314149.3_284565_0.03,284565,0.3357999920845032,0.03,14.0,8.99482,8.99482,0.009157457388937473,0.00013709074119105935,0.013294151052832603,0.0001552638568682596,0.014815736562013626,0.00015585079381708056,0.0208163782954216,0.00023476735805161297,0.014770063571631908,0.0013023035135120153,0.01777881383895874,0.0019782348535954952,0.01996651664376259,0.002208320191130042,0.024592755362391472,0.0005697113811038435,0.03314017131924629,0.0009374722139909863,284565,150.39534808565935,1.7168060989945813,11124,0.05268820288206506,ADP.2015-10-15T12_54_35.547.fits,zCOSMOS_BRIGHT_DR3_000804375_ZCMRa71_M2_Q1_1_1.fits,804375,150.395355,1.716819,1.855990243058962,2009ApJS..184..218L,,
083703.29+250815.2_613436_0.01,613436,0.2831999957561493,0.01,33.0,9.6326,9.6326,0.005016268230974674,4.350644303485751e-05,0.01626933366060257,0.00014212829410098493,0.02047812193632126,0.00012868069461546838,0.027796920388936996,0.0001029386548907496,,,0.04490746930241585,0.001018647220917046,,,0.046516358852386475,0.0004224418371450156,0.05081576853990555,0.0005731332930736244,613436,149.63751570510672,2.2293778380663154,7635,0.05269635291253628,ADP.2015-10-15T12_51_52.687.fits,zCOSMOS_BRIGHT_DR3_000827204_ZCMRa15_M2_Q2_23_1.fits,827204,149.637512,2.229392,5.935476451450736,2009ApJS..184..218L,,
081328.58+444514.8_347108_0.01,347108,0.7394999861717224,0.01,21.0,9.79027,9.79027,0.0010541215306147933,4.397918746690266e-05,0.0021256001200526953,5.162114030099474e-05,0.0037574965972453356,6.770810432499275e-05,0.0054929922334849834,9.052395762410015e-05,,,,,0.012720964848995209,0.0009438889101147652,0.0131748728454113,0.0001778423466021195,0.011089019477367401,0.00021630153059959412,347108,149.80260306149216,1.8167273549064287,15824,0.05279351652122026,ADP.2015-10-15T12_58_43.820.fits,zCOSMOS_BRIGHT_DR3_000813370_ZCMRa21_M2_Q2_5_1.fits,813370,149.802597,1.816714,2.051545408431921,2009ApJS..184..218L,,
035138.03+001956.0_625461_0.0003,625461,0.3776000142097473,0.0003,117.0,9.45686,9.45686,0.000504224793985486,3.0369350497494452e-05,0.0027873774524778128,6.623670924454927e-05,0.004010382108390331,6.934817793080583e-05,0.0061245630495250225,7.518539496231824e-05,,,0.010947905480861664,0.0006423156592063606,,,0.00787336379289627,0.00010489735723240301,0.007658849935978651,0.00018024253949988633,625461,149.82495070839366,2.2488576735372106,16016,0.052922487227638586,ADP.2015-10-15T12_58_56.043.fits,zCOSMOS_BRIGHT_DR3_000826256_ZCMRa35_M2_Q3_25_1.fits,826256,149.824936,2.248858,3.064448598241652,2009ApJS..184..218L,,
075304.63+460434.6_949103_0.01,949103,0.47029998898506165,0.01,2.0,9.10859,9.10859,0.002000389853492379,4.5005868742009625e-05,0.004220530856400728,7.554065086878836e-05,0.004931718576699495,7.675155939068645e-05,0.006820552982389927,8.823408279567957e-05,0.008253738284111023,0.0007279174751602113,,,0.011209051124751568,0.0013729643542319536,0.008823658339679241,0.00016449134272988886,0.010483505204319954,0.0002623418113216758,949103,150.11558244417452,2.743042510232623,10552,0.052966588697159755,ADP.2015-10-15T12_54_17.987.fits,zCOSMOS_BRIGHT_DR3_000845904_ZCMRa60_M1_Q3_29_1.fits,845904,150.115585,2.743057,1.656271125165155,2009ApJS..184..218L,,
155757.23+503546.4_412142_0.1,412142,0.7347000241279602,0.1,1.0,10.6326,10.6326,0.0011963928118348122,0.00011860334052471444,0.008923850953578949,0.00013311716611497104,0.011564098298549652,0.0001292165252380073,0.021859554573893547,0.0003694385814014822,0.04950504004955292,0.00659354031085968,0.06220642104744911,0.008108433336019516,0.08535927534103394,0.008824911899864674,0.09581448137760162,0.001532702473923564,0.10655112564563751,0.0022427288349717855,412142,150.14758267366878,1.918101462540252,8261,0.05308494103775818,ADP.2015-10-15T12_52_27.083.fits,zCOSMOS_BRIGHT_DR3_000811875_ZCMRa53_M1_Q1_8_1.fits,811875,150.147568,1.918103,3.544660136230768,2009ApJS..184..218L,,
073258.46+443806.1_613562_1,613562,0.30379998683929443,1.0,16.0,9.10506,9.10506,0.03051735647022724,0.0015523741021752357,0.1303156465291977,0.0025661035906523466,0.09361860156059265,0.0013817802537232637,0.20818985998630524,0.004644033033400774,0.4606535732746124,0.055321045219898224,0.4736853539943695,0.08153153955936432,0.9884469509124756,0.08993180096149445,0.6396409869194031,0.01822149194777012,0.6529321670532227,0.024142831563949585,613562,149.80691470998897,2.2301124468029423,7538,0.053210453141078015,ADP.2015-10-15T12_51_47.960.fits,zCOSMOS_BRIGHT_DR3_000826334_ZCMRa35_M1_Q3_33_1.fits,826334,149.8069,2.230114,3.617250897728834,2009ApJS..184..218L,,
022325.00-003612.6_891438_0.03,891438,0.4821000099182129,0.03,2.0,11.2506,11.2506,0.003047395497560501,0.00010637193190632388,0.020357690751552582,0.0004056599864270538,0.039661869406700134,0.0003264988772571087,0.06834404915571213,0.00029723948682658374,0.1164742112159729,0.0014131132047623396,0.17120176553726196,0.002353470539674163,,,0.18542802333831787,0.000714681635145098,0.14940477907657623,0.0010902270441874862,891438,149.59590066517845,2.6522657960159712,15888,0.053279264675288325,ADP.2015-10-15T12_58_50.210.fits,zCOSMOS_BRIGHT_DR3_000848304_ZCMRa20_M2_Q4_11_1.fits,848304,149.595901,2.652251,11.85285320414476,2009ApJS..184..218L,,
090731.92+441613.1_891312_1,891312,0.708299994468689,1.0,8.0,10.9879,10.9879,0.048997070640325546,0.0020707964431494474,0.05812405049800873,0.0018248909618705511,0.06394927203655243,0.001213455805554986,0.08057481050491333,0.004389049485325813,0.3256954252719879,0.08349908143281937,,,0.3112749457359314,0.07748858630657196,0.2877582311630249,0.009067623876035213,0.25736376643180847,0.01690097153186798,891312,149.68386784243387,2.6504955982099587,18432,0.053419027031091644,ADP.2015-10-15T13_00_48.120.fits,zCOSMOS_BRIGHT_DR3_000847988_ZCMRa29_M1_Q3_23_1.fits,847988,149.683853,2.650495,4.726186820140658,2009ApJS..184..218L,,
080306.75+302411.9_306639_0.1,306639,0.33799999952316284,0.1,2.0,9.61601,9.61601,0.008303187787532806,0.00016923127986956388,0.02674761228263378,0.0002659580495674163,0.028647832572460175,0.00020011182641610503,0.039119720458984375,0.0003562512865755707,0.05949249118566513,0.007910412736237049,0.059603165835142136,0.006707116961479187,,,0.05517636612057686,0.0012348196469247341,0.0683002918958664,0.002053770935162902,306639,150.00617356193536,1.7501848769865749,14055,0.05342159960609579,ADP.2015-10-15T12_57_06.153.fits,zCOSMOS_BRIGHT_DR3_000806143_ZCMRa32_M1_Q1_18_2.fits,806143,150.006165,1.750197,7.778187526593809,2009ApJS..184..218L,,
074548.27+284838.0_711430_0.0001,711430,0.1680999994277954,0.0001,1333.0,8.81506,8.81506,0.0017174365930259228,3.461697633611038e-05,0.007516297046095133,0.00010099396604346111,0.009524679742753506,9.155118459602818e-05,0.012171974405646324,7.273782830452546e-05,0.014342693611979485,0.0001649717742111534,0.01646503619849682,0.0006646474357694387,0.016037151217460632,0.0008100846316665411,0.009392146952450275,0.00012453939416445792,0.007137263659387827,0.0001371713588014245,711430,150.37483980796213,2.3762426609996052,4784,0.05353726343212872,ADP.2015-10-15T12_49_20.023.fits,zCOSMOS_BRIGHT_DR3_000830380_ZCMRa68_M2_Q1_47_1.fits,830380,150.374832,2.37623,5.023624416199403,2009ApJS..184..218L,,
151923.68+232238.0_558576_0.001,558576,0.3066999912261963,0.001,44586.0,9.24133,9.24133,0.001551012508571148,3.075641507166438e-05,0.006087660789489746,9.20417151064612e-05,0.007458316627889872,8.445599814876914e-05,0.010794701054692268,8.484264981234446e-05,0.012076353654265404,0.00012301035167183727,0.012432174757122993,0.0006524025229737163,0.015067828819155693,0.0007443539216183126,0.009393326006829739,0.0001441482309019193,0.009530662558972836,0.00015797205560375005,558576,150.59813082399688,2.1490325956765144,17806,0.053614229064218935,ADP.2015-10-15T13_00_19.423.fits,zCOSMOS_BRIGHT_DR3_000822377_ZCMRa95_M2_Q4_3_1.fits,822377,150.598145,2.149028,4.870132802174599,2009ApJS..184..218L,,
081404.54+060238.3_820839_0.1,820839,0.5709999799728394,0.1,18.0,8.94633,8.94633,0.002314142417162657,0.00017393661255482584,0.010471898131072521,0.0001725143229123205,0.007163104601204395,0.00011627273488556966,0.01145651750266552,0.0006482827011495829,,,0.0341123528778553,0.007760212291032076,,,0.053662993013858795,0.00163168809376657,0.08751293271780014,0.002805178752169013,820839,150.27065867517916,2.5449589589097177,6986,0.05377592421297933,ADP.2015-10-15T12_51_26.653.fits,zCOSMOS_BRIGHT_DR3_000838013_ZCMRa79_M2_Q4_12_2.fits,838013,150.270645,2.544965,1.370251320844593,2009ApJS..184..218L,,
094241.82+630043.1_552943_0.3,552943,0.666700005531311,0.3,261.0,9.67621,9.67621,0.027216555550694466,0.0007094648899510503,0.04220300540328026,0.0012017244007438421,0.04527430236339569,0.0010364357149228454,0.043300289660692215,0.001605294062756002,,,,,0.13387073576450348,0.026188716292381287,0.07931670546531677,0.0026581163983792067,0.12225878238677979,0.0047950753942132,552943,150.5040653685029,2.139333522348961,15890,0.05380226593525176,ADP.2015-10-15T12_58_50.417.fits,zCOSMOS_BRIGHT_DR3_000822908_ZCMRa75_M1_Q1_7_1.fits,822908,150.504059,2.13932,4.899188598815833,2009ApJS..184..218L,,
084843.12+264914.7_870906_0.0001,870906,0.6116999983787537,0.0001,74.0,10.6501,10.6501,0.00011685424397001043,2.6323947167838924e-05,0.003932247869670391,7.249001646414399e-05,0.009713460691273212,9.301626414526254e-05,0.016979234293103218,7.583796104881912e-05,0.028104111552238464,0.00011680834722938016,,,,,0.05143493413925171,0.00021155750437173992,0.03337908163666725,0.0001829222310334444,870906,149.78179227011574,2.6203835010695746,8719,0.053936977495621354,ADP.2015-10-15T12_53_01.790.fits,zCOSMOS_BRIGHT_DR3_000840709_ZCMRa20_M2_Q1_20_1.fits,840709,149.781784,2.620396,4.034448600391578,2009ApJS..184..218L,,
152139.66+033729.2_673677_0.01,673677,0.12049999833106995,0.01,9.0,8.10732,8.10732,0.007028733380138874,9.410329948877916e-05,0.01867532730102539,0.00023363641230389476,0.012865938246250153,0.0001394193823216483,0.016940761357545853,0.0002214972337242216,0.02050517126917839,0.0006761987460777164,0.02508305199444294,0.0010614951606839895,0.03231183812022209,0.001254278002306819,0.038328420370817184,0.0007586983847431839,0.05210702493786812,0.0009480692679062486,673677,150.06717628016062,2.3217498580997358,3104,0.05397945732075548,ADP.2015-10-15T12_47_51.460.fits,zCOSMOS_BRIGHT_DR3_000831940_ZCMRa57_M1_Q4_22_1.fits,831940,150.067184,2.321737,3.333935394992412,2009ApJS..184..218L,,
155507.28+141817.9_316933_0.3,316933,0.3653999865055084,0.3,11.0,9.20043,9.20043,0.0013743455056101084,0.0005768088740296662,0.0320083349943161,0.0006688975263386965,0.020069479942321777,0.0004172404878772795,0.061879903078079224,0.0015026218025013804,0.10484075546264648,0.013716678135097027,0.15209753811359406,0.021610939875245094,0.23495328426361084,0.023300951346755028,0.5151715278625488,0.011852240189909935,0.8989794254302979,0.01997140794992447,316933,150.40174550114355,1.7693463877990905,9851,0.05408953470464252,ADP.2015-10-15T12_53_51.210.fits,zCOSMOS_BRIGHT_DR3_000804355_ZCMRa72_M1_Q1_14_1.fits,804355,150.401749,1.769361,4.268142888217341,2009ApJS..184..218L,,
025545.58-005154.0_698737_0.003,698737,0.7454000115394592,0.003,431.0,9.68111,9.68111,0.0009258046047762036,4.263375376467593e-05,0.002102319383993745,5.2168012189213187e-05,0.003701689885929227,6.334910722216591e-05,0.005240407772362232,7.507962436648086e-05,,,0.008423101156949997,0.0007782228640280664,,,0.010868922807276249,0.00010625809227349237,0.008198853582143784,0.00015448845806531608,698737,150.65226104574705,2.3582448756361725,10003,0.05435003129517107,ADP.2015-10-15T12_53_56.390.fits,zCOSMOS_BRIGHT_DR3_000828900_ZCMRa97_M1_Q1_4_1.fits,828900,150.652267,2.358231,2.324161747705993,2009ApJS..184..218L,,
153817.86+214850.9_843924_0.1,843924,0.5041000247001648,0.1,1.0,8.63234,8.63234,0.008659780956804752,0.0002667797962203622,0.016009213402867317,0.00022701015404891223,0.014533217065036297,0.00017360527999699116,0.018527939915657043,0.00046986964298412204,0.028516344726085663,0.006721224170178175,0.028171267360448837,0.007703639566898346,0.02630506455898285,0.006837914697825909,0.06940191984176636,0.0018837017705664039,0.11086209118366241,0.0030457242392003536,843924,150.39398186513205,2.578888871482707,4247,0.05446482201136405,ADP.2015-10-15T12_48_52.990.fits,zCOSMOS_BRIGHT_DR3_000701741_ZCMRa88_M2_Q3_20_1.fits,701741,150.393982,2.578904,1.517378796699148,2009ApJS..184..218L,,
080013.86+355831.2_689581_0.01,689581,0.6769999861717224,0.01,250.0,10.5573,10.5573,0.0008928090101107955,3.481256135273725e-05,0.0033117078710347414,5.7594610552769154e-05,0.006307975854724646,7.077040936565027e-05,0.01089379284530878,8.957707177614793e-05,0.019220292568206787,0.0006704552215524018,,,0.03926060348749161,0.0012126383371651173,0.042812082916498184,0.00031115440651774406,0.04175794869661331,0.00039587615174241364,689581,149.98292542097582,2.343974150765304,11259,0.05456377068279171,ADP.2015-10-15T12_54_41.280.fits,zCOSMOS_BRIGHT_DR3_000832413_ZCMRa57_M1_Q4_11_1.fits,832413,149.982925,2.343959,2.680820210749597,2009ApJS..184..218L,,
152712.64+471321.2_992012_0.1,992012,0.7702000141143799,0.1,1.0,10.8005,10.8005,0.014066717587411404,0.00027181694167666137,0.0223071351647377,0.0003957762382924557,0.023294895887374878,0.0002543946902733296,0.03505592420697212,0.0006815294036641717,0.03814283385872841,0.00568061787635088,0.0446719229221344,0.005422385409474373,,,0.09595677256584167,0.001574659370817244,0.12661120295524597,0.002730819396674633,992012,150.40870159170709,2.810865173946814,9939,0.05460620458075161,ADP.2015-10-15T12_53_54.943.fits,zCOSMOS_BRIGHT_DR3_000850199_ZCMRa80_M2_Q3_13_1.fits,850199,150.408707,2.810851,2.084775898207539,2009ApJS..184..218L,,
074227.08+465643.0_697156_0.0001,697156,0.16529999673366547,0.0001,49.0,8.61709,8.61709,0.00041093042818829417,2.6773121135192923e-05,0.002228143624961376,6.0216661950107664e-05,0.0032801085617393255,6.620623753406107e-05,0.004541192203760147,7.571341120637953e-05,0.006118386052548885,9.7475822258275e-05,0.007146965712308884,0.0006759748212061822,0.008071198128163815,0.0007946103578433394,0.0045833163894712925,7.33710839995183e-05,0.0036925184540450573,4.9532689445186406e-05,697156,150.21776579284628,2.3563570655927486,7586,0.05475498360420901,ADP.2015-10-15T12_51_49.863.fits,zCOSMOS_BRIGHT_DR3_000831145_ZCMRa66_M1_Q3_20_1.fits,831145,150.217758,2.356344,3.136662133807891,2009ApJS..184..218L,,
081017.24+401514.8_766421_0.01,766421,0.6096000075340271,0.01,2595.0,10.0883,10.0883,0.0006333262426778674,4.268449265509844e-05,0.0024206354282796383,5.542480357689783e-05,0.004328329116106033,6.784660217817873e-05,0.006703224964439869,8.16147803561762e-05,,,,,0.01609291508793831,0.001045950222760439,0.013986572623252869,0.0001474596792832017,0.010608301497995853,0.00022358083515428007,766421,150.24036845323664,2.4616007929852097,1301,0.054846991041433896,ADP.2015-10-15T12_45_57.423.fits,zCOSMOS_BRIGHT_DR3_000838176_ZCMRa77_M2_Q3_21_1.fits,838176,150.240356,2.461592,1.523653002300448,2009ApJS..184..218L,,
135126.32+021942.2_627736_0.1,627736,0.8889999985694885,0.1,54.0,10.0309,10.0309,0.0068351817317306995,0.00018667058611754328,0.00945335440337658,0.0001532637106720358,0.011547662317752838,0.00014235335402190685,0.012984667904675007,0.0005257942248135805,,,0.03813514858484268,0.007280258461833,0.04367538169026375,0.008627127856016159,0.04410708695650101,0.001243497128598392,0.04587997868657112,0.002223989926278591,627736,149.9722819731836,2.2524394335800504,8721,0.054904181654506216,ADP.2015-10-15T12_53_01.890.fits,zCOSMOS_BRIGHT_DR3_000825521_ZCMRa55_M1_Q3_23_1.fits,825521,149.972275,2.252453,1.571507844587505,2009ApJS..184..218L,,
135219.41+023756.8_923098_0.3,923098,0.35499998927116394,0.3,2.0,10.202,10.202,0.02921137399971485,0.0006478308932855725,0.03291746973991394,0.0006328949239104986,0.039841070771217346,0.0005649492377415299,0.09310270845890045,0.0020574014633893967,,,,,0.16475723683834076,0.027559416368603706,0.3933548331260681,0.009945536963641644,0.7616880536079407,0.01853237859904766,923098,150.13454302518926,2.6999130231252897,13821,0.05493632996701059,ADP.2015-10-15T12_56_47.940.fits,zCOSMOS_BRIGHT_DR3_000845798_ZCMRa60_M1_Q4_1_1.fits,845798,150.134537,2.699899,2.965068213543984,2009ApJS..184..218L,,
083406.94+350602.9_651759_0.3,651759,0.47600001096725464,0.3,5.0,9.57457,9.57457,0.002060124184936285,0.0003285922866780311,0.02657211199402809,0.00042002619011327624,0.019718850031495094,0.00029619780252687633,0.041148003190755844,0.0010442575439810753,0.12812918424606323,0.013496733270585537,0.17519138753414154,0.018588624894618988,0.297202467918396,0.02273211069405079,0.3573184609413147,0.0092398626729846,0.7058174014091492,0.016082825139164925,651759,150.21830711987627,2.2883458102902385,303,0.05495645152122083,ADP.2015-10-15T12_44_59.797.fits,zCOSMOS_BRIGHT_DR3_000824283_ZCMRa55_M1_Q2_5_3.fits,824283,150.218292,2.288348,5.176521835769082,2009ApJS..184..218L,,
075542.29+374333.7_563817_0.3,563817,0.8967999815940857,0.3,531.0,10.9,10.9,0.02651944011449814,0.0006644545937888324,0.03653775900602341,0.0006936159334145486,0.041543666273355484,0.00038527449942193925,0.05819950997829437,0.001326925354078412,0.07519304007291794,0.017048250883817673,,,,,0.17607542872428894,0.0042154681868851185,0.2341473549604416,0.007242295891046524,563817,150.63984734752935,2.1557382618434797,5819,0.054956859071757375,ADP.2015-10-15T12_50_24.043.fits,zCOSMOS_BRIGHT_DR3_000822195_ZCMRa86_M2_Q1_30_6.fits,822195,150.639847,2.155723,6.523010250459915,2009ApJS..184..218L,,
154004.25+355050.1_948678_0.1,948678,0.16680000722408295,0.1,1.0,9.00384,9.00384,0.06389548629522324,0.0010678970720618963,0.09267768263816833,0.0009449220960959792,0.07974158227443695,0.0008188866777345538,0.09018847346305847,0.001313482876867056,0.1117037832736969,0.004858989734202623,0.12037025392055511,0.008022350259125233,0.151636004447937,0.007509105373173952,0.2617955803871155,0.005778328515589237,0.3821048438549042,0.007793406490236521,948678,149.53834900492873,2.7401922066680457,12176,0.05516880673501881,ADP.2015-10-15T12_55_29.337.fits,zCOSMOS_BRIGHT_DR3_000848545_ZCMRa19_M2_Q3_1_1.fits,848545,149.538345,2.740207,7.539005083370739,2009ApJS..184..218L,,
075114.93+353950.0_764851_0.001,764851,0.7317000031471252,0.001,16.0,9.61084,9.61084,0.0007564395200461149,3.280651435488835e-05,0.002033195225521922,5.321672870195471e-05,0.0039649829268455505,6.589941767742857e-05,0.005083972122520208,6.183714867802337e-05,0.006351257208734751,0.00013189268065616488,0.008285150863230228,0.0006778233801014721,,,0.008462470024824142,4.9028654757421464e-05,0.006635729689151049,4.613931741914712e-05,764851,150.104410250864,2.459264250216988,14270,0.055311325205764456,ADP.2015-10-15T12_57_14.390.fits,zCOSMOS_BRIGHT_DR3_000831694_ZCMRa48_M1_Q1_11_2.fits,831694,150.104416,2.45925,2.616425603001292,2009ApJS..184..218L,,
080137.06+134022.7_407994_1,407994,0.781499981880188,1.0,2.0,9.87802,9.87802,0.10802455991506577,0.002084163250401616,0.25482815504074097,0.003974208142608404,0.2227732539176941,0.0034279068931937218,0.3132336735725403,0.006532809231430292,0.4352280795574188,0.05577779561281204,0.41390132904052734,0.07794137299060822,,,0.518456220626831,0.017467839643359184,0.6985824108123779,0.025187134742736816,407994,149.56080751448215,1.9123228467522073,14552,0.05532211842339436,ADP.2015-10-15T12_57_24.147.fits,zCOSMOS_BRIGHT_DR3_000814434_ZCMRa13_M2_Q4_8_1.fits,814434,149.560822,1.912328,2.142931754996085,2009ApJS..184..218L,,
022417.16-092549.2_475782_1,475782,0.31459999084472656,1.0,1.0,10.2543,10.2543,0.2496507465839386,0.0038451957516372204,0.2550552487373352,0.003985722549259663,0.2950790524482727,0.004747741390019655,0.4164348840713501,0.007615616079419851,,,0.4741080403327942,0.06802424788475037,0.727064847946167,0.07532209157943726,0.9158549904823303,0.023542582988739014,1.3769876956939697,0.0377621203660965,475782,150.03705764995618,2.0192089860402733,18773,0.055382839044483254,ADP.2015-10-15T13_01_11.633.fits,zCOSMOS_BRIGHT_DR3_000818885_ZCMRa44_M1_Q1_11_1.fits,818885,150.037048,2.019197,16.89163680144667,2009ApJS..184..218L,,
080248.19+551328.8_223338_0.3,223338,0.65829998254776,0.3,1.0,10.5021,10.5021,0.007728352211415768,0.00037481816252693534,0.08795779943466187,0.001287995371967554,0.06556976586580276,0.0005920553230680525,0.11730557680130005,0.001783863641321659,0.15406706929206848,0.012266069650650024,0.17771664261817932,0.016689077019691467,0.3365379571914673,0.023485204204916954,0.6818514466285706,0.0144191337749362,1.1483864784240723,0.022614603862166405,223338,149.57694904580282,1.617859641999927,2760,0.05539532478747996,ADP.2015-10-15T12_47_35.390.fits,zCOSMOS_BRIGHT_DR3_000802600_ZCMRa11_M1_Q4_34_2.fits,802600,149.57695,1.617875,5.595913708114931,2009ApJS..184..218L,,
083406.94+350602.9_424122_0.003,424122,0.47429999709129333,0.003,2.0,9.97628,9.97628,0.00010015363659476861,2.142394077964127e-05,0.0032461665105074644,6.477496208390221e-05,0.005997810047119856,7.644992729183286e-05,0.009811644442379475,6.887770723551512e-05,0.015032956376671791,0.0001837676391005516,0.020304633304476738,0.0006891806842759252,0.023949220776557922,0.0007776514976285398,0.017807502299547195,0.00017358938930556178,0.016808796674013138,0.00024976098211482167,424122,149.70394765977775,1.9367788952399514,9623,0.05540422416698634,ADP.2015-10-15T12_53_40.160.fits,zCOSMOS_BRIGHT_DR3_000813814_ZCMRa13_M2_Q1_1_1.fits,813814,149.703934,1.936786,2.487485937989184,2009ApJS..184..218L,,
024538.30-004705.3_295279_0.01,295279,0.48080000281333923,0.01,3.0,10.3,10.3,0.0001643909781705588,2.5444791390327737e-05,0.005190924275666475,8.048434392549098e-05,0.009950078092515469,9.406690514879301e-05,0.016282347962260246,8.509137842338532e-05,0.02564607746899128,0.0005411018501035869,,,,,0.03138565644621849,0.00020346586825326085,0.02444326877593994,0.0002533334481995553,295279,149.93389575967987,1.7333709340583534,14863,0.055476533256032065,ADP.2015-10-15T12_57_43.077.fits,zCOSMOS_BRIGHT_DR3_000806480_ZCMRa42_M1_Q4_29_1.fits,806480,149.933899,1.733386,4.865271808545971,2009ApJS..184..218L,,
022930.91-000845.3_612915_1,612915,0.6032999753952026,1.0,29.0,9.4861,9.4861,0.037857625633478165,0.002105445833876729,0.090958371758461,0.0026515580248087645,0.06726661324501038,0.0013024454237893224,0.09210588783025742,0.004277786705642939,,,0.36576905846595764,0.07516682147979736,,,0.6182929277420044,0.01944885402917862,0.9493767619132996,0.03183869272470474,612915,150.07196716034076,2.2297993489993644,16719,0.05548471136889727,ADP.2015-10-15T12_59_27.880.fits,zCOSMOS_BRIGHT_DR3_000824985_ZCMRa55_M1_Q3_34_1.fits,824985,150.07196,2.229813,2.299628159779807,2009ApJS..184..218L,,
021833.19+002525.8_269365_0.0001,269365,0.8496999740600586,0.0001,506.0,10.7521,10.7521,3.454651960055344e-05,2.062594285234809e-05,0.0014111573109403253,4.9661521188681945e-05,0.003973838873207569,6.712769391015172e-05,0.009944837540388107,8.856168278725818e-05,0.01700947992503643,0.00026214003446511924,,,0.0344284325838089,0.0008259631576947868,0.04322695732116699,0.0004239350091665983,0.029172202572226524,0.0002308911643922329,269365,150.62695081767674,1.6919606073278115,7851,0.055565589163364015,ADP.2015-10-15T12_52_02.900.fits,zCOSMOS_BRIGHT_DR3_000803582_ZCMRa81_M2_Q1_6_1.fits,803582,150.626938,1.691952,2.251657304715074,2009ApJS..184..218L,,
153541.18-001621.6_552259_0.003,552259,0.6711000204086304,0.003,945.0,10.9,10.9,0.0005344164092093706,2.8730086341965944e-05,0.0036194794811308384,6.712781760143116e-05,0.009291901253163815,8.519956463715062e-05,0.017406083643436432,8.45581162138842e-05,,,,,0.055352695286273956,0.0008508088649250567,0.05904950946569443,0.00038097338983789086,0.03902386501431465,0.0002068631147267297,552259,150.25797784102338,2.1374636317376967,1269,0.05567436960419304,ADP.2015-10-15T12_45_56.500.fits,zCOSMOS_BRIGHT_DR3_000824087_ZCMRa75_M2_Q4_7_1.fits,824087,150.257965,2.137455,4.454892112528444,2009ApJS..184..218L,,
162205.67-002720.4_522437_0.03,522437,0.5515000224113464,0.03,5.0,9.71239,9.71239,0.003391975536942482,0.001493221614509821,0.00731549970805645,0.00994331669062376,0.00882771611213684,0.0021877705585211515,0.011412174440920353,0.0016639027744531631,0.02458358183503151,0.002315068617463112,0.02707833983004093,0.0024599048774689436,0.03928259760141373,0.003346901386976242,0.06137257069349289,0.0012255102628841996,0.054615844041109085,0.0011791049037128687,522437,150.05690438042623,2.0935447219191623,19682,0.05575003662027723,ADP.2015-10-15T13_01_54.603.fits,zCOSMOS_BRIGHT_DR3_000818801_ZCMRa55_M3_Q4_19_1.fits,818801,150.056915,2.093556,3.422338412062503,2009ApJS..184..218L,,
075537.02+254238.9_395058_0.1,395058,0.445499986410141,0.1,3.0,10.1521,10.1521,0.012431949377059937,0.00024633220164105296,0.06644559651613235,0.0007729082717560232,0.04578821361064911,0.000525197887327522,0.10485995560884476,0.001362086390145123,0.1087925136089325,0.00412601325660944,0.14600583910942078,0.006247036624699831,0.19790858030319214,0.007730327546596527,0.41082292795181274,0.008446103893220425,0.6300988793373108,0.012856611050665379,395058,150.25901701266943,1.8913566372223212,13592,0.05579346593090334,ADP.2015-10-15T12_56_34.877.fits,zCOSMOS_BRIGHT_DR3_000811327_ZCMRa53_M2_Q1_18_1.fits,811327,150.259003,1.89135,7.04342678683946,2009ApJS..184..218L,,
135128.15-001016.9_335509_0.1,335509,0.5189999938011169,0.1,28.0,10.0152,10.0152,0.0015859123086556792,0.0001176508521893993,0.011049560271203518,0.0001496609766036272,0.01272225845605135,0.00011797310435213149,0.02146361581981182,0.0003743393172044307,,,0.05491108074784279,0.006385563872754574,0.0824340209364891,0.009296616539359093,0.05605488270521164,0.001115107093937695,0.051394250243902206,0.0019176648929715157,335509,149.61391109230112,1.7968329979382154,14292,0.0559644998190104,ADP.2015-10-15T12_57_15.710.fits,zCOSMOS_BRIGHT_DR3_000814194_ZCMRa22_M1_Q4_11_2.fits,814194,149.613907,1.796818,4.544099871101437,2009ApJS..184..218L,,
094811.06+463636.1_753636_0.0003,753636,0.6100000143051147,0.0003,80.0,10.4477,10.4477,0.00043401162838563323,4.280434222891927e-05,0.004132894799113274,7.577655196655542e-05,0.008340823464095592,9.345868602395058e-05,0.013182629831135273,7.486560207325965e-05,0.022307194769382477,0.00017093235510401428,,,0.047687169164419174,0.0007195075741037726,0.05601415038108826,0.00033090452780015767,0.045546188950538635,0.000377934193238616,753636,150.62147911698958,2.4405820408158023,13961,0.05613518774640421,ADP.2015-10-15T12_56_54.450.fits,zCOSMOS_BRIGHT_DR3_000829070_ZCMRa87_M2_Q2_18_1.fits,829070,150.621475,2.440567,1.405179405918496,2009ApJS..184..218L,,
082552.93+344011.7_330319_0.03,330319,0.32170000672340393,0.03,2.0,9.45741,9.45741,0.006881615146994591,0.00010350792581448331,0.015053395181894302,0.00013393271365202963,0.018272699788212776,0.0001331277162535116,0.026485953480005264,0.0002737077884376049,0.026070984080433846,0.002109668916091323,,,0.03700009733438492,0.002766289049759507,0.04492929205298424,0.0008063237182796001,0.05432121083140373,0.00114151940215379,330319,149.6547068362553,1.7892555545176332,15318,0.05614616973038634,ADP.2015-10-15T12_58_09.340.fits,zCOSMOS_BRIGHT_DR3_000807695_ZCMRa12_M2_Q1_6_1.fits,807695,149.654709,1.789271,5.63731262143111,2009ApJS..184..218L,,
090654.47+391455.3_519086_0.03,519086,0.2312999963760376,0.03,4.0,8.86718,8.86718,0.009078577160835266,0.00013085587124805897,0.01679745316505432,0.00016111898003146052,0.017275677993893623,0.00018622995412442833,0.019810743629932404,0.00020725162175949663,0.020268931984901428,0.0013084892416372895,,,0.025673529133200645,0.002035163575783372,0.03010370023548603,0.0006044036708772182,0.04139905795454979,0.0009663704549893737,519086,150.1636662822579,2.0880847173824457,11540,0.0562352879826057,ADP.2015-10-15T12_55_05.763.fits,zCOSMOS_BRIGHT_DR3_000818260_ZCMRa55_M2_Q1_21_1.fits,818260,150.163651,2.088088,4.300321782711025,2009ApJS..184..218L,,
091127.27+325336.9_854172_0.03,854172,0.2842000126838684,0.03,1.0,8.90884,8.90884,0.004998353309929371,0.00011940653348574415,0.008355739526450634,9.927132487064227e-05,0.010494966059923172,0.00014995249512139708,0.0141207966953516,0.00021549231314565986,0.014645503833889961,0.002245879964902997,0.014523986726999283,0.0020045714918524027,,,0.01614576019346714,0.00044289344805292785,0.023624224588274956,0.0008046315633691847,854172,150.39363527046353,2.595240962900668,6037,0.05626994901762372,ADP.2015-10-15T12_50_34.090.fits,zCOSMOS_BRIGHT_DR3_000837352_ZCMRa70_M1_Q1_26_1.fits,837352,150.393631,2.595256,2.594260357873259,2009ApJS..184..218L,,
083703.29+250815.2_507867_0.0003,507867,0.27230000495910645,0.0003,2.0,9.95761,9.95761,0.0005572060472331941,1.5496445485041477e-05,0.01463488582521677,0.0001384974311804399,0.021839402616024017,0.00013202444824855775,0.03494203835725784,8.214313129428774e-05,,,0.060297153890132904,0.0005964786978438497,,,0.036089494824409485,0.00028097571339458227,0.028606021776795387,0.000223628303501755,507867,150.27966052547907,2.0705696334012944,2142,0.05628171359781551,ADP.2015-10-15T12_46_45.360.fits,zCOSMOS_BRIGHT_DR3_000817724_ZCMRa73_M1_Q3_6_1.fits,817724,150.279648,2.070579,13.65227087874471,2009ApJS..184..218L,,
080402.54+370201.2_690492_0.01,690492,0.22390000522136688,0.01,13740.0,8.93758,8.93758,0.002268357202410698,3.6556808481691405e-05,0.00746530294418335,8.954765507951379e-05,0.007803189568221569,8.016492211027071e-05,0.010259605012834072,9.723135735839605e-05,0.013049831613898277,0.0005564971943385899,0.015751177445054054,0.001107375486753881,0.019514817744493484,0.0012034156825393438,0.014295282773673534,0.00025287855532951653,0.01508522778749466,0.0003413197409827262,690492,150.00064321008765,2.345086482075904,10845,0.05629955549474781,ADP.2015-10-15T12_54_25.533.fits,zCOSMOS_BRIGHT_DR3_000832321_ZCMRa36_M1_Q2_16_1.fits,832321,150.000641,2.345071,2.427899322463482,2009ApJS..184..218L,,
031638.76-065622.0_548203_0.0001,548203,0.6653000116348267,0.0001,188.0,10.4253,10.4253,0.00023504173441324383,1.8932507373392582e-05,0.0025171900633722544,6.722982652718201e-05,0.005746887065470219,7.204198482213542e-05,0.010203060694038868,8.164291648427024e-05,,,0.0281632412225008,0.0006276253261603415,,,0.04641733318567276,0.00024762144312262535,0.03417041152715683,0.000249793054535985,548203,150.05565390229071,2.133573982331553,9565,0.056394741649589804,ADP.2015-10-15T12_53_38.907.fits,zCOSMOS_BRIGHT_DR3_000825069_ZCMRa44_M2_Q2_20_1.fits,825069,150.055664,2.133562,2.892631595646229,2009ApJS..184..218L,,
084313.41+535718.8_427409_0.1,427409,0.22130000591278076,0.1,1.0,9.6497,9.6497,0.05121975764632225,0.0005763243534602225,0.11604524403810501,0.001995270373299718,0.08799974620342255,0.0013279998674988747,0.10397987067699432,0.0012764724669978023,0.12635204195976257,0.0043626585975289345,0.15768608450889587,0.0067011951468884945,0.18576140701770782,0.007627761922776699,0.24932676553726196,0.005471700802445412,0.3507087230682373,0.006775519344955683,427409,149.59850426886982,1.9415993630690889,6179,0.05640699727989884,ADP.2015-10-15T12_50_44.637.fits,zCOSMOS_BRIGHT_DR3_000814260_ZCMRa22_M2_Q3_7_1.fits,814260,149.598495,1.941612,9.789509779159376,2009ApJS..184..218L,,
090008.03+512658.0_561513_0.0003,561513,0.41530001163482666,0.0003,2338.0,9.17077,9.17077,0.0009918577270582318,2.8230777388671413e-05,0.003672210732474923,7.461417408194393e-05,0.0044267186895012856,6.471519009210169e-05,0.006175794638693333,7.701050344621763e-05,0.006784307304769754,0.00016192464681807905,,,,,0.005736463237553835,9.236763435183093e-05,0.00526766711845994,0.0001102027963497676,561513,150.27038480479595,2.1542138275891145,906,0.0564208697958152,ADP.2015-10-15T12_45_35.160.fits,zCOSMOS_BRIGHT_DR3_000824036_ZCMRa64_M1_Q2_12_3.fits,824036,150.27037,2.154219,3.701410085274278,2009ApJS..184..218L,,
025356.81-001123.8_683483_0.0003,683483,0.7588000297546387,0.0003,191.0,10.2481,10.2481,0.0011760103516280651,2.3885455448180437e-05,0.003580922493711114,7.088352867867798e-05,0.007278728764504194,8.474793139612302e-05,0.011169924400746822,7.936052861623466e-05,0.016055487096309662,0.00012044100003549829,0.020865533500909805,0.0006923445034772158,0.025596486404538155,0.0008491928456351161,0.029777759686112404,0.00012907070049550384,0.021025801077485085,6.950833630980924e-05,683483,150.15417115769975,2.334799218837687,6031,0.056504152078930094,ADP.2015-10-15T12_50_33.580.fits,zCOSMOS_BRIGHT_DR3_000831450_ZCMRa67_M1_Q4_9_1.fits,831450,150.154175,2.334784,3.086249618595028,2009ApJS..184..218L,,
074704.43+483833.3_491639_1,491639,0.22059999406337738,1.0,2036.0,8.92868,8.92868,0.42533665895462036,0.007895618677139282,0.6723586320877075,0.009303026832640171,0.5729972720146179,0.007372647989541292,0.6030089259147644,0.012772312387824059,0.8296117186546326,0.049095723778009415,1.0473873615264893,0.06616690754890442,1.6285029649734497,0.07316845655441284,2.327432870864868,0.06067996844649315,3.3150947093963623,0.07090285420417786,491639,150.1788936200557,2.0457557903011425,19835,0.05657858275665451,ADP.2015-10-15T13_02_04.450.fits,zCOSMOS_BRIGHT_DR3_000818180_ZCMRa55_M3_Q1_36_1.fits,818180,150.178879,2.04575,2.392104219638727,2009ApJS..184..218L,,
150113.19+232908.2_646438_0.03,646438,0.25209999084472656,0.03,1.0,8.37127,8.37127,0.001328437589108944,5.617171700578183e-05,0.010513626039028168,0.0001158186569227837,0.008033575490117073,8.691075345268473e-05,0.015264857560396194,0.0002361997903790325,0.02374040149152279,0.0016719219274818897,0.044141415506601334,0.0026530572213232517,0.08502234518527985,0.0034066541120409966,0.1775868833065033,0.004074381664395332,0.28929468989372253,0.006146899424493313,646438,149.6619457632299,2.2810829822615584,13743,0.056630589936209744,ADP.2015-10-15T12_56_43.430.fits,zCOSMOS_BRIGHT_DR3_000827073_ZCMRa17_M1_Q1_25_1.fits,827073,149.661957,2.281094,2.4394210301264,2009ApJS..184..218L,,
092339.60+344830.2_894909_0.003,894909,0.4952000081539154,0.003,19.0,9.01375,9.01375,0.000973927672021091,4.023946894449182e-05,0.0029005759861320257,6.3253020925913e-05,0.003447974566370249,6.476616545114666e-05,0.0044646780006587505,8.016838546609506e-05,,,0.007744413334876299,0.0008955881930887699,0.007654888555407524,0.0009044440230354667,0.00606174673885107,0.0001081728478311561,0.0058047473430633545,0.00012492967653088272,894909,150.31815072702494,2.6583570320850627,9223,0.05692988478795253,ADP.2015-10-15T12_53_19.670.fits,zCOSMOS_BRIGHT_DR3_000844917_ZCMRa69_M2_Q2_18_1.fits,844917,150.318161,2.658345,1.716642436055645,2009ApJS..184..218L,,
090654.47+391455.3_820644_1,820644,0.25,1.0,16.0,9.55007,9.55007,0.23111869394779205,0.0042795054614543915,0.3341202735900879,0.004243526607751846,0.3060508668422699,0.005482151173055172,0.32845520973205566,0.006386429537087679,0.3157978653907776,0.04343295842409134,,,0.45336389541625977,0.06312426924705505,0.7900948524475098,0.020001079887151718,1.2063981294631958,0.03203584998846054,820644,150.15446473344667,2.5416931466038553,7348,0.05697670837773298,ADP.2015-10-15T12_51_38.677.fits,zCOSMOS_BRIGHT_DR3_000838663_ZCMRa59_M1_Q1_15_1.fits,838663,150.154449,2.541695,3.434615793738544,2009ApJS..184..218L,,
075057.26+353037.6_621400_0.01,621400,0.1745000034570694,0.01,11.0,9.0892,9.0892,0.004470775369554758,3.777984238695353e-05,0.01664292998611927,0.0030819186940789223,0.019801009446382523,0.0010079515632241964,0.024705857038497925,0.014507856220006943,0.07896026968955994,0.0031047570519149303,0.08693359047174454,0.0033970922231674194,0.08245811611413956,0.0038602263666689396,0.1463393121957779,0.002907829824835062,0.11804331094026566,0.002264850540086627,621400,149.91186138550725,2.2419405844227227,17485,0.056998879423932,ADP.2015-10-15T12_59_58.500.fits,zCOSMOS_BRIGHT_DR3_000825813_ZCMRa35_M1_Q2_23_1.fits,825813,149.911865,2.241956,10.10169819384013,2009ApJS..184..218L,,
075145.14+411535.8_226550_0.3,226550,0.4259999990463257,0.3,2.0,10.3117,10.3117,0.008582156151533127,0.00041730277007445693,0.0453314445912838,0.000641537131741643,0.03531572222709656,0.00039814101182855666,0.06973037123680115,0.0014191302470862865,0.08536319434642792,0.02207210101187229,0.16782504320144653,0.035936761647462845,0.1379627138376236,0.02880755066871643,0.6816378831863403,0.015331379137933254,0.9638367295265198,0.02201337181031704,226550,150.14479076590848,1.623507369006218,3390,0.05703750875358805,ADP.2015-10-15T12_48_08.263.fits,zCOSMOS_BRIGHT_DR3_000801351_ZCMRa51_M2_Q1_26_1.fits,801351,150.144775,1.623509,4.898977968903378,2009ApJS..184..218L,,
015034.96+150249.5_730865_0.0001,730865,0.429500013589859,0.0001,16.0,10.7499,10.7499,0.00020338018657639623,2.935668635473121e-05,0.006698553916066885,9.356773807667196e-05,0.013003477826714516,0.00010359639418311417,0.02403309941291809,7.922364602563903e-05,0.04248755797743797,0.00018113254918716848,0.06538616865873337,0.0007134457118809223,,,0.06437089294195175,0.00031658695661462843,0.054892588406801224,0.0002863145200535655,730865,150.65172138954642,2.405310146474049,16797,0.05718951257405361,ADP.2015-10-15T12_59_29.883.fits,zCOSMOS_BRIGHT_DR3_000828901_ZCMRa98_M3_Q1_19_1.fits,828901,150.651733,2.405321,7.950323337552455,2009ApJS..184..218L,,
022534.20-083349.0_704594_0.3,704594,0.7301999926567078,0.3,1.0,10.95,10.95,0.004263683687895536,0.0005542749422602355,0.01647544652223587,0.0005077984533272684,0.026960711926221848,0.00048232843982987106,0.047636907547712326,0.0016585015691816807,0.09854711592197418,0.016789937391877174,,,,,0.17984607815742493,0.0034176388289779425,0.17594942450523376,0.006137581542134285,704594,150.20291685235975,2.3630607998660027,4116,0.057287292413161266,ADP.2015-10-15T12_48_38.223.fits,zCOSMOS_BRIGHT_DR3_000831219_ZCMRa67_M2_Q4_2_1.fits,831219,150.202911,2.363046,8.63860888617072,2009ApJS..184..218L,,
082708.53+425017.8_272092_0.03,272092,0.3384999930858612,0.03,103.0,9.49524,9.49524,0.0038168258033692837,8.277590677607805e-05,0.007505704648792744,9.037560812430456e-05,0.00919606164097786,9.089062223210931e-05,0.014980520121753216,0.00018323533004149795,0.015996037051081657,0.001769766677170992,0.023159964010119438,0.002243582857772708,,,0.023085111752152443,0.00041540199890732765,0.029566830024123192,0.0007330749067477882,272092,149.6681939183997,1.694957563679147,11463,0.05731978911708501,ADP.2015-10-15T12_55_02.120.fits,zCOSMOS_BRIGHT_DR3_000807649_ZCMRa11_M2_Q1_8_1.fits,807649,149.668182,1.694947,4.12085717297176,2009ApJS..184..218L,,
074957.44+312006.1_690231_1,690231,0.22130000591278076,1.0,50.0,8.61057,8.61057,0.14879928529262543,0.0037242358084768057,0.2636480927467346,0.004592284560203552,0.17815160751342773,0.0032312734983861446,0.23226527869701385,0.006784928031265736,0.2709561586380005,0.04034223034977913,0.32552045583724976,0.06508239358663559,0.4467247724533081,0.07501465827226639,0.4192350506782532,0.013989917002618313,0.6960788369178772,0.024667661637067795,690231,150.1671216747565,2.3451749633135415,591,0.05734941090948387,ADP.2015-10-15T12_45_24.337.fits,zCOSMOS_BRIGHT_DR3_000831387_ZCMRa57_M2_Q1_10_1.fits,831387,150.167114,2.345161,2.677321968913997,2009ApJS..184..218L,,
074500.24+292702.7_755275_0.3,755275,0.3278000056743622,0.3,1.0,10.5,10.5,0.07372482120990753,0.0016337333945557475,0.07168105989694595,0.0010992431780323386,0.09893341362476349,0.001062922179698944,0.18306007981300354,0.0026613688096404076,0.1815393567085266,0.01602308824658394,0.2578926682472229,0.026158835738897324,0.3899710774421692,0.021873606368899345,0.8298617005348206,0.017969844862818718,1.2462687492370605,0.025034330785274506,755275,150.5194553451356,2.441357963503966,15651,0.05748201982190662,ADP.2015-10-15T12_58_32.150.fits,zCOSMOS_BRIGHT_DR3_000829573_ZCMRa88_M2_Q1_14_1.fits,829573,150.519455,2.441342,8.217519481034898,2009ApJS..184..218L,,
090606.17+443156.5_839016_0.003,839016,0.8919000029563904,0.003,1.0,11.1199,11.1199,0.00037357863038778305,1.6582500393269584e-05,0.002700567012652755,5.970074926153757e-05,0.007200445979833603,7.634643407072872e-05,0.018565375357866287,8.298750617541373e-05,0.0338430181145668,0.0001771142124198377,0.0455889068543911,0.0007657709065824747,,,0.08980125933885574,0.000476007437100634,0.06320563703775406,0.00024510163348168135,839016,150.06263048692136,2.5696175351518127,1669,0.057496789139546464,ADP.2015-10-15T12_46_22.823.fits,zCOSMOS_BRIGHT_DR3_000839165_ZCMRa48_M1_Q2_24_1.fits,839165,150.062622,2.569604,4.703782616997273,2009ApJS..184..218L,,
031049.87+381453.8_335642_0.1,335642,0.8105999827384949,0.1,18.0,10.0565,10.0565,0.011467082425951958,0.0003691258898470551,0.03624703735113144,0.0004280529683455825,0.030603976920247078,0.0003620292991399765,0.05067038908600807,0.0007969738217070699,,,,,0.04649469256401062,0.006827820558100939,0.09449778497219086,0.0024462915025651455,0.13729530572891235,0.003635444212704897,335642,150.30826948641635,1.7979706044865582,18927,0.05758122273597956,ADP.2015-10-15T13_01_18.703.fits,zCOSMOS_BRIGHT_DR3_000811111_ZCMRa71_M2_Q3_17_1.fits,811111,150.308273,1.797955,2.409437069481585,2009ApJS..184..218L,,
023204.90-010511.5_701891_0.01,701891,0.729200005531311,0.01,8.0,10.5806,10.5806,0.0022546297404915094,4.4885182433063164e-05,0.002878151135519147,5.379544381867163e-05,0.005631458479911089,6.548573583131656e-05,0.008689477108418941,8.521485142409801e-05,0.013272123411297798,0.00043749401811510324,0.018932843580842018,0.0009677733760327101,0.02695143222808838,0.00117248366586864,0.03618629649281502,0.00037486053770408034,0.03798945993185043,0.0005475534708239138,701891,150.16150691452464,2.3624873549281267,11978,0.05762054065530438,ADP.2015-10-15T12_55_21.607.fits,zCOSMOS_BRIGHT_DR3_000831410_ZCMRa57_M1_Q1_5_1.fits,831410,150.161514,2.362473,1.720043462963676,2009ApJS..184..218L,,
170634.12+361507.9_900394_0.01,900394,0.916700005531311,0.01,6.0,9.49212,9.49212,0.003871989669278264,7.781117164995521e-05,0.0056231385096907616,9.126788063440472e-05,0.007083788514137268,0.00010624782589729875,0.008404253982007504,0.00010155668860534206,0.009644519537687302,0.0005206965724937618,,,0.008372042328119278,0.001249257824383676,0.010780254378914833,0.000156019174028188,0.01037552673369646,0.00020350507111288607,900394,150.6091232806927,2.6669081551700375,8008,0.05802900037079289,ADP.2015-10-15T12_52_10.757.fits,zCOSMOS_BRIGHT_DR3_000843440_ZCMRa89_M2_Q2_22_1.fits,843440,150.609131,2.666894,2.091267609711167,2009ApJS..184..218L,,
084958.48+505449.3_258060_0.0003,258060,0.37290000915527344,0.0003,4546.0,10.1077,10.1077,0.0003076909342780709,2.654637319210451e-05,0.0051997206173837185,8.381486259168014e-05,0.008632821030914783,8.90972587512806e-05,0.013771910220384598,7.769361400278285e-05,0.0205864068120718,0.0002696896262932569,0.02736055664718151,0.0006827026954852045,0.03392314538359642,0.0007685479940846562,0.018419310450553894,0.00016404091729782522,0.01604212261736393,0.0001572572800796479,258060,150.01166451651605,1.6746457634374654,12409,0.058091530337022426,ADP.2015-10-15T12_55_38.037.fits,zCOSMOS_BRIGHT_DR3_000806124_ZCMRa41_M2_Q1_12_1.fits,806124,150.011658,1.674631,6.180437735728381,2009ApJS..184..218L,,
143323.68+252619.2_824168_0.1,824168,0.6129999756813049,0.1,13.0,10.2055,10.2055,0.004027260467410088,0.0001632000203244388,0.017159223556518555,0.00019943038932979107,0.018816977739334106,0.00014181062579154968,0.029419181868433952,0.0004695045354310423,,,0.07881683856248856,0.006295929662883282,0.10300637036561966,0.00740801403298974,0.2915414571762085,0.005725767929106951,0.5019699931144714,0.009567568078637123,824168,150.32490014100298,2.549015371749712,14416,0.05828323668303504,ADP.2015-10-15T12_57_20.310.fits,zCOSMOS_BRIGHT_DR3_000837711_ZCMRa78_M2_Q3_20_1.fits,837711,150.32489,2.549028,4.769791549917686,2009ApJS..184..218L,,
033355.48-000601.7_765830_0.3,765830,0.7459999918937683,0.3,1.0,11.0943,11.0943,0.004238343797624111,0.0006072853575460613,0.014810532331466675,0.0003853921080008149,0.021267956122756004,0.0003322621632833034,0.04256850853562355,0.001108319847844541,0.09352518618106842,0.015756821259856224,,,,,0.1990167498588562,0.003712128149345517,0.15197962522506714,0.005698670167475939,765830,150.01208581839418,2.459077531051034,3919,0.05829658212190521,ADP.2015-10-15T12_48_26.233.fits,zCOSMOS_BRIGHT_DR3_000832259_ZCMRa48_M1_Q1_10_1.fits,832259,150.01207,2.459074,6.848221151788638,2009ApJS..184..218L,,
091745.80+374136.7_468244_0.3,468244,0.6395999789237976,0.3,2.0,10.8502,10.8502,0.0011541894637048244,0.00043183681555092335,0.02122916653752327,0.0005151681252755225,0.017598513513803482,0.000267432420514524,0.03625161945819855,0.0014836734626442194,0.07490044832229614,0.017162727192044258,,,0.16335788369178772,0.025257179513573647,0.25863802433013916,0.0058121755719184875,0.39870527386665344,0.010250247083604336,468244,150.54910013499568,2.0080717636493026,19390,0.0583748031922628,ADP.2015-10-15T13_01_43.440.fits,zCOSMOS_BRIGHT_DR3_000816222_ZCMRa84_M1_Q1_14_1.fits,816222,150.549088,2.008061,5.339407813694771,2009ApJS..184..218L,,
031935.52+002416.1_263131_0.03,263131,0.7056000232696533,0.03,12.0,10.7587,10.7587,0.0024277318734675646,8.804985554888844e-05,0.00476642744615674,8.690790127729997e-05,0.010332859121263027,9.353731729788706e-05,0.0169757679104805,0.0001702750159893185,0.03164952993392944,0.0020846647676080465,0.04856426641345024,0.0024075419642031193,,,0.06458042562007904,0.000499945948831737,0.05362669378519058,0.0008013815386220813,263131,150.38170339227963,1.6823766116675052,11422,0.058382150685177645,ADP.2015-10-15T12_54_52.510.fits,zCOSMOS_BRIGHT_DR3_000804437_ZCMRa61_M2_Q1_10_1.fits,804437,150.381699,1.682361,4.180378460021844,2009ApJS..184..218L,,
025042.90-004138.8_343908_1,343908,0.4602000117301941,1.0,10.0,9.56945,9.56945,0.0117332823574543,0.0019855492282658815,0.0498863160610199,0.0011607083724811673,0.0330573134124279,0.0007760437438264489,0.08294891566038132,0.0038530458696186543,0.29049235582351685,0.06921198964118958,,,,,0.37349364161491394,0.013576705940067768,0.47285786271095276,0.02450833097100258,343908,149.98699298490558,1.8107025198579436,1347,0.058430394217879725,ADP.2015-10-15T12_45_59.527.fits,zCOSMOS_BRIGHT_DR3_000812602_ZCMRa51_M2_Q3_15_1.fits,812602,149.986984,1.810689,2.436013308796962,2009ApJS..184..218L,,
161400.30-011006.0_347335_0.003,347335,0.25049999356269836,0.003,3.0,8.42634,8.42634,0.0025709345936775208,3.415588798816316e-05,0.005080576054751873,8.181514567695558e-05,0.005426493473351002,7.000996265560389e-05,0.006196439266204834,8.041990076890215e-05,,,0.007804142311215401,0.0006808140315115452,0.008140804246068,0.0007918618503026664,0.007742306217551231,0.00014057004591450095,0.009596751071512699,0.00019928639812860638,347335,150.02648946215896,1.8175077307109464,10467,0.05844445361295146,ADP.2015-10-15T12_54_14.933.fits,zCOSMOS_BRIGHT_DR3_000812430_ZCMRa42_M2_Q1_3_5.fits,812430,150.026505,1.817503,2.137255373589259,2009ApJS..184..218L,,
092057.10+412514.4_891736_0.3,891736,0.795799970626831,0.3,1.0,9.61942,9.61942,0.01264982856810093,0.0005891066393814981,0.018718067556619644,0.0007681027636863291,0.022527998313307762,0.0005683708586730063,0.02145768329501152,0.0012459105346351862,0.046622976660728455,0.015471690334379673,0.05587107315659523,0.015625933185219765,,,0.03695831820368767,0.0022100568749010563,0.040608711540699005,0.004521574359387159,891736,150.44953983714458,2.653120230496438,15613,0.058507290829468005,ADP.2015-10-15T12_58_28.797.fits,zCOSMOS_BRIGHT_DR3_000844248_ZCMRa89_M1_Q3_26_1.fits,844248,150.449539,2.653104,3.441464108389078,2009ApJS..184..218L,,
154458.49+230810.1_563671_0.03,563671,0.3767000138759613,0.03,270.0,9.37888,9.37888,0.011913889087736607,0.00018270130385644734,0.023237857967615128,0.00023968667665030807,0.023126661777496338,0.00030239811167120934,0.02904067188501358,0.0004758515569847077,0.025093045085668564,0.001667728996835649,0.027163919061422348,0.0027133000548928976,0.02852902188897133,0.0029102046974003315,0.0248026791960001,0.00044324700138531625,0.02606615424156189,0.0005987847689539194,563671,150.45860429311105,2.156153208652432,6264,0.05853628593137152,ADP.2015-10-15T12_50_46.657.fits,zCOSMOS_BRIGHT_DR3_000823157_ZCMRa86_M1_Q4_32_3.fits,823157,150.458603,2.156137,2.052435767759232,2009ApJS..184..218L,,
022754.38-073455.0_555483_0.1,555483,0.9294000267982483,0.1,1.0,10.4181,10.4181,0.0012920009903609753,0.00015481152513530105,0.00574851781129837,0.00013621844118461013,0.006759827956557274,9.889127250062302e-05,0.014821652323007584,0.00048674680874682963,0.033115170896053314,0.005896681919693947,0.035429324954748154,0.006319622974842787,,,0.0630221962928772,0.0013979650102555752,0.06851619482040405,0.002220297232270241,555483,150.21132892047527,2.1446958930677744,4834,0.058549459207395835,ADP.2015-10-15T12_49_20.863.fits,zCOSMOS_BRIGHT_DR3_000824324_ZCMRa64_M2_Q3_18_1.fits,824324,150.211319,2.144683,2.107514728337262,2009ApJS..184..218L,,
024322.61+001043.9_493669_0.3,493669,0.3725999891757965,0.3,6.0,9.49113,9.49113,0.0031821122393012047,0.0004471566644497216,0.025252357125282288,0.0005080638220533729,0.018955282866954803,0.00029761172481812537,0.039297789335250854,0.0014683024492114782,0.08029071986675262,0.014891448430716991,0.11470164358615875,0.024268167093396187,0.15978781878948212,0.02550474926829338,0.129510298371315,0.003988339100033045,0.13313402235507965,0.006872229743748903,493669,149.71568404054094,2.049121768683907,6521,0.058869785996117974,ADP.2015-10-15T12_51_10.090.fits,zCOSMOS_BRIGHT_DR3_000820138_ZCMRa33_M1_Q3_13_2.fits,820138,149.715668,2.049125,4.448484944042691,2009ApJS..184..218L,,
033431.31+005121.5_708497_1,708497,0.435699999332428,1.0,82.0,9.73081,9.73081,0.02340938150882721,0.0021083513274788857,0.06232026219367981,0.0013685456942766905,0.04542696848511696,0.0008730223053134978,0.0861152932047844,0.0040039438754320145,,,,,0.45503124594688416,0.09702426195144653,0.3697132468223572,0.013010010123252869,0.3931049108505249,0.020509399473667145,708497,149.51748674297693,2.3718183680048477,8195,0.05893206931831431,ADP.2015-10-15T12_52_25.153.fits,zCOSMOS_BRIGHT_DR3_000834748_ZCMRa16_M1_Q3_12_1.fits,834748,149.517487,2.371802,3.633316902027196,2009ApJS..184..218L,,
162129.16+243856.0_884170_0.003,884170,0.7074999809265137,0.003,1.0,10.1961,10.1961,0.0011767599498853087,3.536468284437433e-05,0.002331930212676525,5.1034661737503484e-05,0.004568827338516712,6.382466381182894e-05,0.006859187968075275,7.461726636392996e-05,0.010028017684817314,0.0001884081430034712,0.012336386367678642,0.0007375046843662858,0.016580333933234215,0.0008847112185321748,0.017468813806772232,0.00017563591245561838,0.014059988781809807,0.0001633703795960173,884170,150.15935106833953,2.640515164895345,14706,0.05923051101522612,ADP.2015-10-15T12_57_28.013.fits,zCOSMOS_BRIGHT_DR3_000845656_ZCMRa50_M2_Q1_12_1.fits,845656,150.159348,2.640499,2.419470165054518,2009ApJS..184..218L,,
100123.19+545801.7_622954_1,622954,0.6032000184059143,1.0,90.0,9.95342,9.95342,0.10202452540397644,0.0029151528142392635,0.1312745064496994,0.6913323998451233,0.11858753859996796,0.2756800651550293,0.12485107779502869,0.5738266706466675,0.2922001779079437,0.0664251372218132,0.3057699203491211,0.08169382065534592,0.4124152660369873,0.08422273397445679,2.0331432819366455,0.04871869087219238,1.3877111673355103,0.0331999808549881,622954,149.64475053256135,2.244623487664818,16870,0.05928477809236349,ADP.2015-10-15T12_59_32.467.fits,zCOSMOS_BRIGHT_DR3_000827165_ZCMRa15_M2_Q2_19_1.fits,827165,149.644745,2.244639,2.61673894908906,2009ApJS..184..218L,,
160249.32+250441.0_376985_0.003,376985,0.26190000772476196,0.003,7.0,8.90348,8.90348,0.0012619930785149336,3.918036964023486e-05,0.003868456231430173,7.194410136435181e-05,0.004498855676501989,7.018497854005545e-05,0.005751855671405792,8.103352593025193e-05,0.0069405268877744675,0.00020661117741838098,,,,,0.005949899088591337,0.00012455429532565176,0.006002851761877537,0.00013830355601385236,376985,149.7626352194358,1.8640549928924792,11901,0.05934533707893748,ADP.2015-10-15T12_55_18.760.fits,zCOSMOS_BRIGHT_DR3_000813519_ZCMRa23_M2_Q1_12_1.fits,813519,149.762619,1.864052,1.828391143980528,2009ApJS..184..218L,,
085900.48+383211.6_765039_0.01,765039,0.3465999960899353,0.01,15.0,9.08903,9.08903,0.0026352256536483765,7.825955981388688e-05,0.005100704729557037,7.128679862944409e-05,0.006186203099787235,7.202586130006239e-05,0.007724310737103224,0.00010213522182311863,0.007821649312973022,0.00044950353913009167,0.010570378974080086,0.0009138766909018159,0.012935837730765343,0.0009989534737542272,0.011613355949521065,0.0002330558345420286,0.016318466514348984,0.00034978773328475654,765039,150.37923456328215,2.45970472100376,4772,0.059362991566090186,ADP.2015-10-15T12_49_19.870.fits,zCOSMOS_BRIGHT_DR3_000837427_ZCMRa68_M2_Q1_11_1.fits,837427,150.379242,2.45969,2.813327044594765,2009ApJS..184..218L,,
022706.80-090717.0_436240_0.3,436240,0.9613999724388123,0.3,1.0,10.6723,10.6723,0.014243453741073608,0.0006714517949149013,0.03175628185272217,0.0007706181495450437,0.038077954202890396,0.0007316712872125208,0.049432214349508286,0.0017042446415871382,0.07584689557552338,0.016813604161143303,0.15517427027225494,0.023875748738646507,0.20161792635917664,0.027811134234070778,0.3392180800437927,0.007033427711576223,0.5427268743515015,0.012130778282880783,436240,150.3904832698091,1.9570149058371094,5621,0.05949584136879502,ADP.2015-10-15T12_50_16.890.fits,zCOSMOS_BRIGHT_DR3_000810774_ZCMRa64_M1_Q1_39_1.fits,810774,150.390472,1.957027,4.377770273961405,2009ApJS..184..218L,,
015420.27+124055.5_688869_0.0003,688869,0.4715999960899353,0.0003,202.0,8.94195,8.94195,0.0011199890868738294,3.300263051642105e-05,0.002682790858671069,6.338742969091982e-05,0.0033710224088281393,6.066321657272056e-05,0.004209423903375864,6.58444405416958e-05,0.004178058356046677,0.0001600281393621117,,,,,0.0032872329466044903,7.463993097189814e-05,0.0032021948136389256,9.950355160981417e-05,688869,150.30713433823038,2.3441136720044535,12086,0.05959720958140217,ADP.2015-10-15T12_55_25.237.fits,zCOSMOS_BRIGHT_DR3_000830701_ZCMRa67_M2_Q1_6_1.fits,830701,150.307129,2.344098,1.819487374568171,2009ApJS..184..218L,,
154518.05+463837.9_658253_0.03,658253,0.2214999943971634,0.03,2.0,8.65863,8.65863,0.002787175588309765,5.9454661823110655e-05,0.021062027662992477,0.0003341754199936986,0.015304574742913246,0.00017616007244214416,0.02828337252140045,0.00034944512299261987,0.05075782537460327,0.0016949261771515012,0.07632356137037277,0.003076654626056552,0.13666699826717377,0.004111217800527811,0.2536576986312866,0.0055570947006344795,0.39593762159347534,0.007653852459043264,658253,150.29759262336026,2.29866560409863,5521,0.05981679708233833,ADP.2015-10-15T12_50_13.810.fits,zCOSMOS_BRIGHT_DR3_000830733_ZCMRa77_M2_Q4_25_1.fits,830733,150.297592,2.298649,3.711723530633521,2009ApJS..184..218L,,
144016.02+202114.1_487277_0.03,487277,0.20839999616146088,0.03,1.0,8.82784,8.82784,0.006108463276177645,0.00010476769239176065,0.012063880451023579,0.0001839195901993662,0.011454141698777676,0.00011360758799128234,0.01522083394229412,0.00016971852164715528,0.02122805267572403,0.001410564873367548,0.02719710022211075,0.0020384080708026886,,,0.0582488551735878,0.0012315938947722316,0.08258314430713654,0.0019003446213901043,487277,149.9428416162466,2.040344261288804,1965,0.059952757571959545,ADP.2015-10-15T12_46_30.483.fits,zCOSMOS_BRIGHT_DR3_000819244_ZCMRa33_M2_Q2_12_1.fits,819244,149.942825,2.040343,3.906335013215434,2009ApJS..184..218L,,
080544.13+113040.2_386178_1,386178,0.2053000032901764,1.0,4.0,9.36699,9.36699,0.17061030864715576,0.0034376445692032576,0.36390548944473267,0.005574584472924471,0.2703509032726288,0.002853936515748501,0.3249134123325348,0.0068629891611635685,0.7347179055213928,0.06808744370937347,0.7648022770881653,0.09420467913150787,1.1053366661071777,0.10414761304855347,1.5260432958602905,0.039323169738054276,1.7155314683914185,0.04440699517726898,386178,149.8345611082885,1.8754154226492485,2995,0.060030088835604685,ADP.2015-10-15T12_47_45.620.fits,zCOSMOS_BRIGHT_DR3_000813238_ZCMRa33_M1_Q4_22_1.fits,813238,149.834564,1.875399,5.343034063027945,2009ApJS..184..218L,,
035206.93-064415.6_326341_0.003,326341,0.16830000281333923,0.003,122.0,9.051,9.051,0.003872389206662774,3.9436446968466043e-05,0.014876189641654491,0.00013542789383791387,0.017947884276509285,0.00011835457553388551,0.024494124576449394,8.535867527825758e-05,0.02990676462650299,0.0002155758411390707,0.03769300878047943,0.0007675044471397996,0.03793644905090332,0.0007836017175577581,0.027208030223846436,0.0002274281287100166,0.025128476321697235,0.00027505852631293237,326341,150.1724555292074,1.7827797799248097,15369,0.06019779303137485,ADP.2015-10-15T12_58_11.313.fits,zCOSMOS_BRIGHT_DR3_000805426_ZCMRa62_M2_Q4_10_1.fits,805426,150.17244,1.782786,4.999765643112817,2009ApJS..184..218L,,
085045.32+172002.8_558778_1,558778,0.3499999940395355,1.0,111.0,9.15148,9.15148,0.06712926179170609,0.002097691409289837,0.22990500926971436,0.005476934835314751,0.20775489509105682,0.004159177653491497,0.3518293797969818,0.008047432638704777,0.3291366696357727,0.04234926030039787,0.6482867002487183,0.06520360708236694,1.1277692317962646,0.06691699475049973,2.839395046234131,0.0660015419125557,4.961143970489502,0.11076317727565765,558778,149.69518077138184,2.149011756738354,18272,0.06040461179608555,ADP.2015-10-15T13_00_42.563.fits,zCOSMOS_BRIGHT_DR3_000826911_ZCMRa24_M1_Q3_15_1.fits,826911,149.695175,2.148996,1.935144655252549,2009ApJS..184..218L,,
022417.16-092549.2_466715_1,466715,0.31029999256134033,1.0,1.0,10.8145,10.8145,0.24567505717277527,0.003845169674605131,0.25957736372947693,0.003986356779932976,0.312002569437027,0.004749062471091747,0.4487474262714386,0.0076157208532094955,,,0.5778716206550598,0.0680236965417862,0.8678561449050903,0.07532203197479248,1.010805368423462,0.02355162985622883,1.4550515413284302,0.037764981389045715,466715,150.17229764990208,2.006071995926193,7253,0.06047309205935761,ADP.2015-10-15T12_51_34.297.fits,zCOSMOS_BRIGHT_DR3_000818225_ZCMRa54_M1_Q1_10_1.fits,818225,150.172287,2.006059,12.49744503984476,2009ApJS..184..218L,,
135439.82-030956.2_763624_0.3,763624,0.4343999922275543,0.3,141.0,9.48911,9.48911,0.019204605370759964,0.0006255924236029387,0.031094267964363098,0.0005685030482709408,0.027717016637325287,0.0003807323519140482,0.04176421836018562,0.0014095270307734609,,,0.1333748996257782,0.025933092460036278,,,0.12289240956306458,0.004068209324032068,0.1636715829372406,0.007128111086785793,763624,150.51258357851313,2.4568519530015784,2686,0.06065084103162316,ADP.2015-10-15T12_47_26.773.fits,zCOSMOS_BRIGHT_DR3_000829604_ZCMRa77_M2_Q2_26_1.fits,829604,150.512589,2.456836,1.408237204092741,2009ApJS..184..218L,,
095613.83+555604.3_728136_0.1,728136,0.852400004863739,0.1,1.0,10.4484,10.4484,0.0008040292887017131,0.00010170938912779093,0.00568211916834116,0.00014872934843879193,0.0063727255910634995,9.606085950508714e-05,0.014734855853021145,0.0004412054258864373,,,0.041000112891197205,0.007490507327020168,0.06733204424381256,0.008611251600086689,0.10871293395757675,0.0019120598444715142,0.1765516996383667,0.0038146567530930042,728136,149.56511009722084,2.402524966593257,4000,0.060668316765287486,ADP.2015-10-15T12_48_34.227.fits,zCOSMOS_BRIGHT_DR3_000834555_ZCMRa18_M1_Q4_21_1.fits,834555,149.565094,2.40253,1.905596307462092,2009ApJS..184..218L,,
075004.39+170245.8_684064_0.01,684064,0.3619000017642975,0.01,214.0,9.22725,9.22725,0.012933189980685711,0.00017078648670576513,0.014185572043061256,0.00013133518223185092,0.01654224842786789,0.00012288244033697993,0.020225098356604576,0.0001738662540446967,0.014905529096722603,0.0005557957920245826,0.017463820055127144,0.0010353998513892293,0.022280462086200714,0.0012194386217743158,0.030685503035783768,0.0005964877200312912,0.045352570712566376,0.0008844863041304052,684064,150.5161075864007,2.335520880369711,7200,0.06071217532084969,ADP.2015-10-15T12_51_32.753.fits,zCOSMOS_BRIGHT_DR3_000829589_ZCMRa77_M1_Q1_15_1.fits,829589,150.516098,2.335507,2.694896629573322,2009ApJS..184..218L,,
091010.02+481341.7_628209_0.0003,628209,0.12520000338554382,0.0003,599.0,8.11002,8.11002,0.0015987985534593463,3.284266131231561e-05,0.004209811333566904,7.930301944725215e-05,0.005180441774427891,8.001457899808884e-05,0.006119551602751017,7.676954555790871e-05,0.007015277165919542,0.00019659785903058946,0.007735497783869505,0.0006185118108987808,0.007817521691322327,0.0009038060670718551,0.005150184966623783,0.00011635860573733225,0.0054227448999881744,0.00014152338553685695,628209,149.51407990944105,2.2527891034727494,13267,0.060791244131378874,ADP.2015-10-15T12_56_17.950.fits,zCOSMOS_BRIGHT_DR3_000827743_ZCMRa15_M2_Q3_12_1.fits,827743,149.514069,2.252802,0.7174716425626706,2009ApJS..184..218L,,
032024.98+004418.0_344952_0.0001,344952,0.45010000467300415,0.0001,360.0,9.1764,9.1764,0.0017553198849782348,3.870881846523844e-05,0.0046758027747273445,8.183262980310246e-05,0.005811486858874559,7.622130942763761e-05,0.007662707474082708,7.093665772117674e-05,0.007922208867967129,0.00015617867757100612,,,0.00877710897475481,0.0007531986921094358,0.00669780233874917,6.917001155670732e-05,0.0059692771174013615,0.00011357606126694009,344952,150.3915226780983,1.8118022175286848,18183,0.06092477052055629,ADP.2015-10-15T13_00_38.680.fits,zCOSMOS_BRIGHT_DR3_000810767_ZCMRa82_M2_Q4_4_1.fits,810767,150.39151,1.811791,3.154137047076645,2009ApJS..184..218L,,
034601.93-070024.2_528982_0.3,528982,0.6323999762535095,0.3,14675.0,9.60744,9.60744,0.014410825446248055,0.0006668337155133486,0.027239656075835228,0.0007294755196198821,0.02392958477139473,0.00045961193973198533,0.030735250562429428,0.0014131794450804591,0.057589706033468246,0.011184288188815117,0.07241126149892807,0.016246598213911057,0.12547117471694946,0.025049302726984024,0.1611611396074295,0.004831197205930948,0.18902580440044403,0.006846949458122253,528982,149.9443022228784,2.10565126706932,8922,0.06097285580487554,ADP.2015-10-15T12_53_10.033.fits,zCOSMOS_BRIGHT_DR3_000819239_ZCMRa44_M2_Q3_36_1.fits,819239,149.94429,2.105663,1.175663853985076,2009ApJS..184..218L,,
025646.97+011349.2_448794_0.0001,448794,0.16779999434947968,0.0001,336.0,9.67163,9.67163,0.001914864289574325,2.4622186174383387e-05,0.015749771147966385,0.000143514946103096,0.023832861334085464,0.0001366633950965479,0.03653251379728317,7.123025716282427e-05,0.05872050300240517,0.00011066601291531697,0.07812768220901489,0.0005769083509221673,0.09460345655679703,0.0007911957800388336,0.06550414115190506,0.0003224574902560562,0.05285992473363876,0.00022202188847586513,448794,150.21003913511257,1.9755818202799718,12937,0.06103832712506232,ADP.2015-10-15T12_55_59.777.fits,zCOSMOS_BRIGHT_DR3_000818021_ZCMRa64_M1_Q4_28_2.fits,818021,150.210037,1.975565,11.89705549597541,2009ApJS..184..218L,,
080202.78+101943.1_244277_0.3,244277,0.2037000060081482,0.3,4.0,9.3546,9.3546,0.014392639510333538,0.0004621931875590235,0.10491085052490234,0.0011395530309528112,0.0792369693517685,0.0008707690285518765,0.12408065795898438,0.002326215850189328,0.23354071378707886,0.01741916686296463,0.4503103494644165,0.029226500540971756,0.83033287525177,0.030310828238725662,2.0068466663360596,0.04764511063694954,3.3104143142700195,0.06702832132577896,244277,150.3589263761457,1.6508670046143001,512,0.06106741521215678,ADP.2015-10-15T12_45_16.247.fits,zCOSMOS_BRIGHT_DR3_000804536_ZCMRa81_M1_Q4_16_1.fits,804536,150.358932,1.650851,6.640335671900053,2009ApJS..184..218L,,
094921.61+581655.4_322533_0.1,322533,0.5938000082969666,0.1,5.0,10.6512,10.6512,0.0004994497285224497,0.00014729851682204753,0.005215292330831289,0.0001338797010248527,0.007722691632807255,0.00010963093518512323,0.014210239052772522,0.00039478024700656533,0.03494501858949661,0.005096317268908024,0.0446612611413002,0.005922241136431694,,,0.05139239877462387,0.0007094012689776719,0.05114360153675079,0.001245721592567861,322533,149.56834612548144,1.777761932294018,15302,0.061103339801456984,ADP.2015-10-15T12_58_07.693.fits,zCOSMOS_BRIGHT_DR3_000808059_ZCMRa11_M1_Q3_27_1.fits,808059,149.568359,1.777773,3.537250349522265,2009ApJS..184..218L,,
080137.06+134022.7_815865_1,815865,0.7939000129699707,1.0,5.0,10.6723,10.6723,0.10778137296438217,0.002084118314087391,0.2560262382030487,0.003974341321736574,0.2261546552181244,0.0034281511325389147,0.32114723324775696,0.006532776169478893,0.4524468183517456,0.055777788162231445,0.44021326303482056,0.07794102281332016,,,0.5744980573654175,0.017473110929131508,0.7382041811943054,0.025189870968461037,815865,150.76210424092858,2.53583951305232,1501,0.061281444632659825,ADP.2015-10-15T12_46_08.997.fits,zCOSMOS_BRIGHT_DR3_000835444_ZCMRa99_M1_Q1_17_1.fits,835444,150.7621,2.535856,3.880079088819954,2009ApJS..184..218L,,
164729.85+354605.8_350048_0.3,350048,0.25839999318122864,0.3,3.0,9.95189,9.95189,0.035706426948308945,0.0006982822087593377,0.0695800632238388,0.0008418058278039098,0.0729314386844635,0.0006729860906489193,0.10864493995904922,0.0015756887150928378,,,0.26006555557250977,0.02655717171728611,0.24072936177253723,0.03300750255584717,0.3558943271636963,0.007661142852157354,0.5364401340484619,0.010889191180467606,350048,149.5954441681104,1.8194123794323884,15986,0.06131451916354379,ADP.2015-10-15T12_58_55.587.fits,zCOSMOS_BRIGHT_DR3_000814277_ZCMRa22_M1_Q4_3_1.fits,814277,149.595428,1.819407,8.258117659932234,2009ApJS..184..218L,,
081007.64+542443.8_324105_1,324105,1.1253999471664429,1.0,11.0,9.67989,9.67989,0.5338459014892578,0.009383605793118477,1.0102242231369019,0.012137946672737598,0.9933223724365234,0.01562558114528656,0.9694294929504395,0.014306931756436825,,,,,1.1035642623901367,0.07835213094949722,2.4327335357666016,0.05644635111093521,5.353377819061279,0.10942892730236053,324105,150.13995169547414,1.7809480106973896,5090,0.06172106434624662,ADP.2015-10-15T12_49_31.340.fits,zCOSMOS_BRIGHT_DR3_000805575_ZCMRa51_M2_Q2_21_1.fits,805575,150.139954,1.780965,2.663718534240118,2009ApJS..184..218L,,
084323.69+165656.1_667338_0.03,667338,1.0925999879837036,0.03,2.0,10.4134,10.4134,0.0006247594719752669,3.780474071390927e-05,0.00575100164860487,8.927776070777327e-05,0.0042186276987195015,6.0042006225558e-05,0.011262216605246067,0.00016599567607045174,0.015838494524359703,0.001366830663755536,0.023792220279574394,0.002299825195223093,0.03495384380221367,0.0021541505120694637,0.05983249843120575,0.0008965279557742178,0.09294500946998596,0.001672014594078064,667338,150.01615795340507,2.312773122070001,13872,0.06175430999894498,ADP.2015-10-15T12_56_49.980.fits,zCOSMOS_BRIGHT_DR3_000832240_ZCMRa46_M1_Q2_34_3.fits,832240,150.016159,2.312756,1.41821213504296,2009ApJS..184..218L,,
080754.50+494627.6_308849_0.03,308849,0.5659999847412109,0.03,18.0,10.2536,10.2536,0.000706662714947015,6.37179400655441e-05,0.00602181488648057,9.106845391215757e-05,0.0072201918810606,8.317054016515613e-05,0.011983507312834263,0.0001483929081587121,0.020474717020988464,0.001632707891985774,,,0.03901802748441696,0.002387541113421321,0.04420909285545349,0.0004946485860273242,0.04504742845892906,0.0007957927300594747,308849,149.67252867142602,1.7558874300685152,5511,0.06175627646293965,ADP.2015-10-15T12_50_13.490.fits,zCOSMOS_BRIGHT_DR3_000807626_ZCMRa12_M1_Q1_14_1.fits,807626,149.672516,1.755899,4.183581440843629,2009ApJS..184..218L,,
075217.84+193542.2_680125_0.0003,680125,0.12460000067949295,0.0003,87.0,9.09147,9.09147,0.0016307574696838856,2.5593704776838422e-05,0.012352553196251392,0.00012599163164850324,0.016446145251393318,0.00011775804159697145,0.023264717310667038,8.55439284350723e-05,0.029846975579857826,0.0001221400743816048,0.035006195306777954,0.0008106881869025528,0.035218171775341034,0.0008931636693887413,0.02323194220662117,0.00017997169925365597,0.020560329779982567,0.0002331816649530083,680125,149.73830072147695,2.328842759011964,10077,0.06179963935683863,ADP.2015-10-15T12_53_59.470.fits,zCOSMOS_BRIGHT_DR3_000833672_ZCMRa17_M2_Q1_17_1.fits,833672,149.738297,2.328826,6.579598316928585,2009ApJS..184..218L,,
074801.75+291028.9_543896_0.01,543896,0.35260000824928284,0.01,1.0,9.0152,9.0152,0.0004661221173591912,3.2922704122029245e-05,0.0037739239633083344,6.976768054300919e-05,0.004512408748269081,6.948122609173879e-05,0.006763591896742582,9.205157402902842e-05,,,0.010987916961312294,0.0010531289735808969,0.010925116017460823,0.0010212046327069402,0.007715252693742514,0.00015690084546804428,0.008230728097259998,0.0002445658901706338,543896,149.81141897303002,2.1280672021669034,12062,0.061827470855742354,ADP.2015-10-15T12_55_24.737.fits,zCOSMOS_BRIGHT_DR3_000826312_ZCMRa35_M1_Q4_11_1.fits,826312,149.811432,2.128056,3.205396702627729,2009ApJS..184..218L,,
034430.03-005842.7_556579_0.001,556579,0.2847000062465668,0.001,35.0,10.1007,10.1007,0.0014192452654242516,2.6938465452985838e-05,0.014161283150315285,0.00013656224473379552,0.022971970960497856,0.00013664935249835253,0.03622640296816826,8.259293826995417e-05,0.059054963290691376,0.0002007532020797953,,,0.09995516389608383,0.000785314419772476,0.059858519583940506,0.0002100184210576117,0.060329947620630264,0.0002736901806201786,556579,149.5739208701467,2.144380744419259,11834,0.061834081577909455,ADP.2015-10-15T12_55_17.230.fits,zCOSMOS_BRIGHT_DR3_000827511_ZCMRa15_M1_Q4_5_1.fits,827511,149.573914,2.144365,9.871989380136583,2009ApJS..184..218L,,
075209.09+414235.5_627857_0.001,627857,0.25999999046325684,0.001,35.0,9.81191,9.81191,0.0022569948341697454,2.8108866899856366e-05,0.013552077114582062,0.0001332911051576957,0.019506720826029778,0.00012644338130485266,0.02851022593677044,8.899150270735845e-05,0.04239530861377716,0.00014310171536635607,,,,,0.04493812844157219,0.00019726627215277404,0.04394877701997757,0.00025983230443671346,627857,150.56716440899186,2.248950690215186,18027,0.06189511536178705,ADP.2015-10-15T13_00_31.403.fits,zCOSMOS_BRIGHT_DR3_000822544_ZCMRa96_M1_Q4_5_1.fits,822544,150.567154,2.248937,7.463549226753274,2009ApJS..184..218L,,
074820.86+233838.4_340092_0.03,340092,0.9860000014305115,0.03,32.0,10.9441,10.9441,0.0026962868869304657,7.796100544510409e-05,0.004670343361794949,8.560639253119007e-05,0.005469438619911671,7.250935595948249e-05,0.01023043692111969,0.00014370825374498963,0.017420506104826927,0.0014284694334492087,,,,,0.06187105178833008,0.0005362569354474545,0.06785180419683456,0.0009157382883131504,340092,150.3097400215023,1.804342735570887,13697,0.06203371936413544,ADP.2015-10-15T12_56_40.667.fits,zCOSMOS_BRIGHT_DR3_000811105_ZCMRa61_M2_Q2_8_1.fits,811105,150.309723,1.80434,1.416352749938758,2009ApJS..184..218L,,
030000.57+004828.0_713796_0.3,713796,0.8962000012397766,0.3,80.0,10.4743,10.4743,0.02025730349123478,0.0007784587214700878,0.31965699791908264,0.005573817528784275,0.2801222503185272,0.004295669496059418,0.45253971219062805,0.007746584713459015,0.4549463391304016,0.01956438086926937,0.4662007689476013,0.031049242243170738,0.48462051153182983,0.030028682202100754,0.8173313736915588,0.01803002692759037,1.5123889446258545,0.03308316320180893,713796,150.22537819348784,2.3798600922783417,9345,0.06206786009034715,ADP.2015-10-15T12_53_28.950.fits,zCOSMOS_BRIGHT_DR3_000831108_ZCMRa78_M1_Q4_22_2.fits,831108,150.225372,2.379844,2.972521060846613,2009ApJS..184..218L,,
152259.51+032347.7_291874_0.1,291874,0.5663999915122986,0.1,13.0,9.35919,9.35919,0.0031595034524798393,0.00018232985166832805,0.02058737352490425,0.00028292962815612555,0.014348411001265049,0.00014806483522988856,0.024054039269685745,0.0005483516142703593,0.03381289169192314,0.004518723580986261,0.058859530836343765,0.00633554020896554,0.09502562880516052,0.007371826563030481,0.2845573425292969,0.0064874873496592045,0.6064960956573486,0.012324231676757336,291874,149.8703750054762,1.7280258573047906,709,0.0621296284134343,ADP.2015-10-15T12_45_28.420.fits,zCOSMOS_BRIGHT_DR3_000806728_ZCMRa22_M1_Q1_29_1.fits,806728,149.870377,1.728043,2.138579892015781,2009ApJS..184..218L,,
034621.27-000141.5_283958_0.3,283958,0.6800000071525574,0.3,10.0,9.31837,9.31837,0.007401377893984318,0.0010045216185972095,0.014646468684077263,0.0040644253604114056,0.013833966106176376,0.0016012681880965829,0.021103719249367714,0.006819502450525761,0.12685556709766388,0.013007833622395992,0.13950997591018677,0.02011212892830372,0.1524440050125122,0.025921959429979324,0.1664365530014038,0.004976988770067692,0.16718122363090515,0.006762853357940912,283958,150.1021893189895,1.7163007801599153,456,0.062172851028533246,ADP.2015-10-15T12_45_09.937.fits,zCOSMOS_BRIGHT_DR3_000805728_ZCMRa41_M2_Q1_2_2.fits,805728,150.102188,1.716318,1.988128508186761,2009ApJS..184..218L,,
205707.66+752603.8_673696_0.1,673696,0.7261999845504761,0.1,7.0,9.67772,9.67772,0.005165901035070419,0.004901835694909096,0.02426939085125923,0.0004841341869905591,0.0210440494120121,0.0005194999394007027,0.024981778115034103,0.0010649228934198618,,,,,0.040035977959632874,0.007871467620134354,0.012372493743896484,0.0005038126255385578,,,673696,150.29109608814545,2.3224038064536527,10116,0.06226463817795323,ADP.2015-10-15T12_54_00.677.fits,zCOSMOS_BRIGHT_DR3_000830774_ZCMRa66_M1_Q2_31_2.fits,830774,150.291092,2.322387,1.899470838792984,2009ApJS..184..218L,,
023030.37-004513.8_827783_0.3,827783,0.5052000284194946,0.3,7.0,9.74869,9.74869,0.003371910424903035,0.0004944498068653047,0.026202712208032608,0.0004590283497236669,0.020072277635335922,0.00032128719612956047,0.03674433007836342,0.0011731357080861926,0.0723794549703598,0.018642397597432137,0.10782021284103394,0.021663377061486244,,,0.1669120192527771,0.004830037709325552,0.2670689523220062,0.008073016069829464,827783,150.527428972709,2.5545518070716886,16836,0.06231213623996946,ADP.2015-10-15T12_59_31.380.fits,zCOSMOS_BRIGHT_DR3_000836585_ZCMRa89_M1_Q1_11_1.fits,836585,150.52742,2.554537,4.919467383048818,2009ApJS..184..218L,,
085706.35+190853.5_624768_0.3,624768,0.32409998774528503,0.3,58.0,8.9879,8.9879,0.16498152911663055,0.0033402363769710064,0.16624940931797028,0.0022423393093049526,0.19550855457782745,0.003355103312060237,0.27787744998931885,0.0062919799238443375,0.2919028401374817,0.0158519446849823,0.5627179741859436,0.026094941422343254,1.2649565935134888,0.032801538705825806,2.6842777729034424,0.06491357833147049,4.313079833984375,0.08414369821548462,624768,150.3801567091093,2.247475167746449,8510,0.06236138799192828,ADP.2015-10-15T12_52_50.180.fits,zCOSMOS_BRIGHT_DR3_000823536_ZCMRa66_M1_Q1_7_1.fits,823536,150.380142,2.247466,3.153986065149002,2009ApJS..184..218L,,
080644.63+261128.6_791514_0.0003,791514,0.42910000681877136,0.0003,586.0,10.75,10.75,0.0002840345841832459,2.101940663123969e-05,0.00972842052578926,0.00011195465049240738,0.018616527318954468,0.00012072832032572478,0.03318595141172409,7.392297993646935e-05,0.05461682006716728,0.00012481115118134767,0.07682929933071136,0.0006879693828523159,0.09434249997138977,0.0007924221572466195,0.06344801187515259,0.0002785112301353365,0.05038375034928322,0.00026050760061480105,791514,150.0927010471039,2.498614855384666,19418,0.06240077561950553,ADP.2015-10-15T13_01_44.837.fits,zCOSMOS_BRIGHT_DR3_000839012_ZCMRa57_M1_Q3_10_1.fits,839012,150.092697,2.498598,6.636938185369503,2009ApJS..184..218L,,
041920.33+075840.6_897140_1,897140,0.7365000247955322,1.0,19.0,10.9501,10.9501,0.004383152350783348,0.004141274373978376,0.04619336128234863,0.0015556822763755918,0.0520121268928051,0.0012450165813788772,0.07219869643449783,0.0043235765770077705,,,0.23799774050712585,0.06291306763887405,,,0.24074074625968933,0.009744081646203995,0.29878994822502136,0.01936608925461769,897140,149.9019320104567,2.6603203595104143,16167,0.0624942488078542,ADP.2015-10-15T12_59_03.017.fits,zCOSMOS_BRIGHT_DR3_000847050_ZCMRa39_M1_Q2_24_1.fits,847050,149.901932,2.660303,3.531602380987037,2009ApJS..184..218L,,
081250.86+360039.9_442496_0.3,442496,0.6657999753952026,0.3,2.0,10.2593,10.2593,0.007097573950886726,0.0004570334276650101,0.014474635943770409,0.0004594847559928894,0.01505831815302372,0.00035370554542168975,0.022118113934993744,0.0009735380299389362,,,,,0.1128327026963234,0.022059837356209755,0.23137149214744568,0.005941665731370449,0.36438027024269104,0.010059120133519173,442496,150.07851957002643,1.9678228657549053,19228,0.06256061721221023,ADP.2015-10-15T13_01_37.220.fits,zCOSMOS_BRIGHT_DR3_000818716_ZCMRa52_M1_Q3_1_1.fits,818716,150.078506,1.967812,2.387549178789074,2009ApJS..184..218L,,
090933.49+425346.5_621093_0.03,621093,0.6754999756813049,0.03,27.0,10.2341,10.2341,0.0013940066564828157,6.603394285775721e-05,0.006499896291643381,9.895404946291819e-05,0.006988925859332085,0.00010682394349714741,0.013290821574628353,0.00019485296797938645,0.025340698659420013,0.002164616947993636,0.038701996207237244,0.0030348477885127068,0.050524305552244186,0.0031703999266028404,0.08641674369573593,0.0015214408049359918,0.11750850081443787,0.002299963030964136,621093,150.21577312422457,2.242481216801244,17086,0.06272387280358785,ADP.2015-10-15T12_59_41.613.fits,zCOSMOS_BRIGHT_DR3_000824301_ZCMRa65_M2_Q3_18_2.fits,824301,150.215759,2.242471,1.95671884342491,2009ApJS..184..218L,,
032234.07+002149.9_887412_0.1,887412,0.34470000863075256,0.1,6.0,10.1445,10.1445,0.010023795068264008,0.0003866954066324979,0.01808857172727585,0.0002599214785732329,0.021759524941444397,0.00024008752370718867,0.03449112921953201,0.0007272837101481855,,,,,0.1348569244146347,0.012210908345878124,0.11188915371894836,0.0020462132524698973,0.15939360857009888,0.003429427742958069,887412,149.58092127296618,2.6445979036651885,14287,0.06276331993540941,ADP.2015-10-15T12_57_15.463.fits,zCOSMOS_BRIGHT_DR3_000848359_ZCMRa10_M2_Q4_12_1.fits,848359,149.580917,2.644581,3.907607753648126,2009ApJS..184..218L,,
033431.31+005121.5_468127_1,468127,0.42410001158714294,1.0,2.0,9.69945,9.69945,0.02310856059193611,0.0021082356106489897,0.06152339279651642,0.0013682607095688581,0.0442483089864254,0.0008727183449082077,0.08486376702785492,0.004003982525318861,,,,,0.45370593667030334,0.09702272713184357,0.3691600561141968,0.013010134920477867,0.391827255487442,0.020509127527475357,468127,150.73997813243457,2.0075001981492018,15361,0.06293068159138272,ADP.2015-10-15T12_58_10.977.fits,zCOSMOS_BRIGHT_DR3_000815407_ZCMRa93_M1_Q2_24_1.fits,815407,150.739975,2.007483,3.67322357110207,2009ApJS..184..218L,,
154022.42+314829.9_419118_0.3,419118,0.6654999852180481,0.3,4.0,10.5024,10.5024,0.007774107623845339,0.0004721583391074091,0.016918178647756577,0.0003393192891962826,0.020696520805358887,0.000282767548924312,0.026323355734348297,0.0009608229156583548,,,0.11026693135499954,0.02086377702653408,,,0.12636736035346985,0.0030672226566821337,0.17934371531009674,0.005599735304713249,419118,150.0781114206994,1.928132347740264,728,0.0629606114306045,ADP.2015-10-15T12_45_29.083.fits,zCOSMOS_BRIGHT_DR3_000812202_ZCMRa42_M2_Q2_12_1.fits,812202,150.078094,1.928134,3.526360479585869,2009ApJS..184..218L,,
164409.29+255128.9_557557_0.1,557557,0.6061000227928162,0.1,258.0,9.65466,9.65466,0.0013629896566271782,0.00017552899953443557,0.005907105281949043,0.00011846772395074368,0.005328375846147537,9.470542136114091e-05,0.010348751209676266,0.00047504520625807345,,,,,0.045920707285404205,0.007997271604835987,0.04199191927909851,0.0010730596259236336,0.04549412429332733,0.0016272896900773048,557557,150.2552055458518,2.148190562043348,3654,0.0631530966808393,ADP.2015-10-15T12_48_16.950.fits,zCOSMOS_BRIGHT_DR3_000824099_ZCMRa55_M1_Q1_4_1.fits,824099,150.255188,2.14819,1.583534864815728,2009ApJS..184..218L,,
034025.48-000819.8_396922_0.0001,396922,0.6172000169754028,0.0001,29.0,10.3211,10.3211,7.604600978083909e-05,2.5747815016075037e-05,0.0022763111628592014,6.033067256794311e-05,0.0057131452485919,8.053788042161614e-05,0.010032325983047485,8.00205598352477e-05,0.016003374010324478,0.00011662329052342102,0.022227738052606583,0.0006775228539481759,,,0.02530555985867977,0.00023615987447556108,0.01668713614344597,0.00021099497098475695,396922,149.7166742336864,1.8937382722254752,18531,0.06316899416548928,ADP.2015-10-15T13_00_59.897.fits,zCOSMOS_BRIGHT_DR3_000813760_ZCMRa33_M1_Q4_17_1.fits,813760,149.71666,1.893728,3.589060438720617,2009ApJS..184..218L,,
142715.08+232911.0_502086_0.001,502086,0.22779999673366547,0.001,17.0,9.35069,9.35069,0.003931371029466391,3.381952046765946e-05,0.015163318254053593,0.00014193372044246644,0.018806297332048416,0.00012723362306132913,0.024455895647406578,8.393172174692154e-05,,,0.03281833976507187,0.000638483208604157,,,0.026646502315998077,0.0001812330592656508,0.024201732128858566,0.00019925495143979788,502086,150.73831659179746,2.0608710398206993,6032,0.06325201215660725,ADP.2015-10-15T12_50_33.997.fits,zCOSMOS_BRIGHT_DR3_000815415_ZCMRa95_M2_Q1_25_1.fits,815415,150.738312,2.060888,7.080289187739805,2009ApJS..184..218L,,
044428.77+122111.7_247669_0.0003,247669,0.09160000085830688,0.0003,14.0,9.25563,9.25563,0.029775425791740417,6.253930041566491e-05,0.0831739604473114,0.00032991316402330995,0.10112615674734116,0.00028199676307849586,0.12435883283615112,0.00010161117825191468,0.1397215873003006,0.00023265743220690638,0.16721926629543304,0.0007195996586233377,0.1597088724374771,0.0007576425559818745,0.16149812936782837,0.0007509053102694452,0.12453019618988037,0.0004544114344753325,247669,150.02828858130724,1.6587765681258977,19571,0.06345096256911319,ADP.2015-10-15T13_01_50.003.fits,zCOSMOS_BRIGHT_DR3_000806060_ZCMRa41_M1_Q1_17_1.fits,806060,150.02829,1.658759,13.2006027528075,2009ApJS..184..218L,,
162010.98+360316.0_391133_0.1,391133,0.6575000286102295,0.1,8.0,9.45829,9.45829,0.0024271467700600624,0.00013907047105021775,0.011511649005115032,0.0001800700993044302,0.00981813482940197,0.00011558421101653948,0.01707734540104866,0.0004440487828105688,0.031395431607961655,0.006637903396040201,,,,,0.14882460236549377,0.003270727349445224,0.2567026615142822,0.005601468030363321,391133,150.01780349865638,1.8861006916837366,1235,0.06357073421932431,ADP.2015-10-15T12_45_54.947.fits,zCOSMOS_BRIGHT_DR3_000812473_ZCMRa53_M2_Q4_20_1.fits,812473,150.017807,1.886118,2.359401474288522,2009ApJS..184..218L,,
033248.49-001012.3_423644_1,423644,0.3084999918937683,1.0,15.0,9.35683,9.35683,0.018588224425911903,0.002109766937792301,0.14275065064430237,0.0029275144916027784,0.09548178315162659,0.0017532851779833436,0.21898077428340912,0.0059954263269901276,0.38692522048950195,0.038662537932395935,0.5127580761909485,0.05427924543619156,0.8978208303451538,0.09481989592313766,0.9695706963539124,0.025773312896490097,1.1142984628677368,0.03077423945069313,423644,149.4734014629511,1.9354244366681312,1388,0.06388350901757636,ADP.2015-10-15T12_46_00.887.fits,zCOSMOS_BRIGHT_DR3_000814824_ZCMRa13_M1_Q4_1_1.fits,814824,149.473404,1.935442,5.715079967948639,2009ApJS..184..218L,,
073940.21+273253.8_259740_0.0001,259740,0.8349999785423279,0.0001,210.0,9.90293,9.90293,0.0022712084464728832,5.321367279975675e-05,0.003578407224267721,7.053104491205886e-05,0.006984489504247904,8.437874930677935e-05,0.009585103020071983,7.760265725664794e-05,0.011342773213982582,0.00016743986634537578,0.013322971761226654,0.0008140313439071178,0.013949400745332241,0.0008568452321924269,0.014985396526753902,0.00012210530985612422,0.0111458171159029,0.00015521141176577657,259740,150.4894646430298,1.6767025408350174,15200,0.064010749846334,ADP.2015-10-15T12_58_01.040.fits,zCOSMOS_BRIGHT_DR3_000804010_ZCMRa91_M1_Q4_9_2.fits,804010,150.489456,1.676687,3.202611294722219,2009ApJS..184..218L,,
134526.18+002857.3_540557_0.03,540557,0.9580000042915344,0.03,1.0,10.9495,10.9495,0.0007968881982378662,3.611611100495793e-05,0.0016416963189840317,4.9051417590817437e-05,0.0035989503376185894,5.516834062291309e-05,0.008899115957319736,0.00010796038986882195,,,0.0308091901242733,0.0021214489825069904,0.0454152375459671,0.0024147669319063425,0.054555997252464294,0.0004487387486733496,0.041328687220811844,0.0005942631396465003,540557,150.118456102346,2.1217540902113514,14328,0.06401477668696129,ADP.2015-10-15T12_57_17.230.fits,zCOSMOS_BRIGHT_DR3_000818503_ZCMRa44_M1_Q2_27_1.fits,818503,150.118439,2.121759,0.8164163727053957,2009ApJS..184..218L,,
165447.38+311528.6_777332_0.01,777332,0.6938999891281128,0.01,10.0,10.7,10.7,0.0019938882905989885,5.158067142474465e-05,0.0038248486816883087,6.01905194343999e-05,0.007638294715434313,7.480040949303657e-05,0.01221400685608387,8.496279042446986e-05,0.021311691030859947,0.0007804095512256026,,,0.03703506290912628,0.0010865747462958097,0.04103091359138489,0.00029821498901583254,0.03623474761843681,0.0004792522231582552,777332,149.98620349734358,2.4782636820621113,11987,0.06406849884202608,ADP.2015-10-15T12_55_21.903.fits,zCOSMOS_BRIGHT_DR3_000839586_ZCMRa57_M1_Q3_17_1.fits,839586,149.986191,2.478251,2.515314349740732,2009ApJS..184..218L,,
034515.09+010206.3_327960_0.003,327960,0.5852000117301941,0.003,777.0,10.0189,10.0189,0.0002595030819065869,2.986000254168175e-05,0.0020853837486356497,5.313470319379121e-05,0.004543809220194817,6.893103272886947e-05,0.007381282281130552,7.721693691564724e-05,,,0.0159956905990839,0.0006540180766023695,0.020709462463855743,0.00108935940079391,0.015144707635045052,0.00014916998043190688,0.010492969304323196,0.00013932448928244412,327960,149.65314646121556,1.7868729120678246,17895,0.06410358389179244,ADP.2015-10-15T13_00_23.763.fits,zCOSMOS_BRIGHT_DR3_000807706_ZCMRa12_M1_Q1_8_2.fits,807706,149.653137,1.786888,4.256378936010741,2009ApJS..184..218L,,
074305.47+422013.5_396747_0.0001,396747,0.34529998898506165,0.0001,450.0,9.85,9.85,0.0010163187980651855,2.7976038836641237e-05,0.008125272579491138,0.00010538180504227057,0.011437180452048779,9.767051233211532e-05,0.018102377653121948,8.163464372046292e-05,0.023840323090553284,0.00010281580034643412,0.02900695614516735,0.0005432204925455153,0.03748089447617531,0.0007565297419205308,0.022456401959061623,0.0002345944958506152,0.02078641951084137,0.00017619055870454758,396747,150.22693019360014,1.893353932822636,4842,0.06436150937029751,ADP.2015-10-15T12_49_21.003.fits,zCOSMOS_BRIGHT_DR3_000811514_ZCMRa52_M2_Q2_14_1.fits,811514,150.226913,1.893349,7.209743085795904,2009ApJS..184..218L,,
023044.94-093123.0_722181_0.0003,722181,0.7495999932289124,0.0003,45.0,11.0592,11.0592,7.961973460623994e-05,2.469997161824722e-05,0.0035080767702311277,6.718099757563323e-05,0.011825497262179852,9.671481529949233e-05,0.024047909304499626,7.922559598227963e-05,0.041935939341783524,0.00016591318126302212,,,0.08462747931480408,0.0008037763182073832,0.09339112043380737,0.0003996963787358254,0.058390479534864426,0.0003632089064922184,722181,150.37530584696717,2.3923833913301737,19557,0.06450967091020636,ADP.2015-10-15T13_01_49.777.fits,zCOSMOS_BRIGHT_DR3_000830378_ZCMRa66_M1_Q2_5_1.fits,830378,150.37529,2.392375,7.428002447213098,2009ApJS..184..218L,,
031027.82-004950.7_506935_0.03,506935,0.0778999999165535,0.03,1.0,8.32729,8.32729,0.053729474544525146,0.0012750423047691584,0.08878831565380096,0.0013420648174360394,0.07126346975564957,0.000795253028627485,0.08185449242591858,0.0014189815847203135,0.06169566512107849,0.0021459031850099564,0.06717751920223236,0.003269936889410019,0.0758400410413742,0.0034319155383855104,0.09273842722177505,0.0019531489815562963,0.12598095834255219,0.0025556720793247223,506935,149.96812473111115,2.067243040524213,14063,0.06470759396630306,ADP.2015-10-15T12_57_06.400.fits,zCOSMOS_BRIGHT_DR3_000819133_ZCMRa55_M2_Q4_26_1.fits,819133,149.968124,2.067261,3.712964929855771,2009ApJS..184..218L,,
032234.07+002149.9_558674_0.0003,558674,0.3393999934196472,0.0003,411.0,10.405,10.405,0.00040054417331703007,1.5215507119137328e-05,0.015069767832756042,0.0001421760825905949,0.024577273055911064,0.00014346773969009519,0.03894006833434105,8.706058724783361e-05,,,,,0.09780805557966232,0.0007669711485505104,0.054537832736968994,0.0002321417850907892,0.04624541476368904,0.0003871343214996159,558674,149.7743731415189,2.147433385901053,19480,0.06486948393459409,ADP.2015-10-15T13_01_46.347.fits,zCOSMOS_BRIGHT_DR3_000826513_ZCMRa24_M1_Q2_12_1.fits,826513,149.774384,2.147419,13.4536308870293,2009ApJS..184..218L,,
081916.61+264203.2_607613_0.003,607613,0.5291000008583069,0.003,43.0,9.37966,9.37966,0.0014391165459528565,3.1905085052130744e-05,0.003625280689448118,7.090502185747027e-05,0.004714226350188255,6.664889224339277e-05,0.00582016259431839,6.576698797289282e-05,0.0063141100108623505,0.00023790693376213312,,,0.009076166898012161,0.0009418177651241422,0.00764251546934247,0.00011383586388546973,0.007457831874489784,0.0001469694689149037,607613,149.9515070709882,2.2222705456162326,6111,0.06488279789772558,ADP.2015-10-15T12_50_37.333.fits,zCOSMOS_BRIGHT_DR3_000825635_ZCMRa46_M1_Q4_17_1.fits,825635,149.951523,2.222279,2.102814718690949,2009ApJS..184..218L,,
084309.86+294404.6_344572_0.3,344572,0.3935999870300293,0.3,26.0,9.93414,9.93414,0.0074414899572730064,0.0005551489302888513,0.03608475252985954,0.0007125624106265604,0.025557078421115875,0.0004888318944722414,0.05385739356279373,0.0012782582780346274,0.09286457300186157,0.012483231723308563,,,0.1827567219734192,0.020133471116423607,0.41023144125938416,0.009403535164892673,0.7106353640556335,0.016735125333070755,344572,150.29990868239167,1.8115138522020762,10976,0.06498587627708081,ADP.2015-10-15T12_54_29.087.fits,zCOSMOS_BRIGHT_DR3_000811153_ZCMRa61_M2_Q2_7_1.fits,811153,150.299896,1.811501,5.143672498491023,2009ApJS..184..218L,,
083406.94+350602.9_304627_0.1,304627,0.4731999933719635,0.1,3.0,10.2488,10.2488,0.00039057747926563025,0.00011184799222974107,0.010949875228106976,0.00015437122783623636,0.011949390172958374,0.00012762211554218084,0.023266056552529335,0.0003557048039510846,0.05858822911977768,0.00450038630515337,0.0818081721663475,0.006233515217900276,0.12489281594753265,0.007604506798088551,0.1388714760541916,0.0030826616566628218,0.2501959204673767,0.005362257827073336,304627,150.2106772558066,1.7481078978613231,6034,0.06502923274048841,ADP.2015-10-15T12_50_34.023.fits,zCOSMOS_BRIGHT_DR3_000805171_ZCMRa62_M1_Q4_24_1.fits,805171,150.210663,1.748119,6.270051481433546,2009ApJS..184..218L,,
093139.21+512700.4_846832_1,846832,0.5777999758720398,1.0,1.0,10.6457,10.6457,0.00460200197994709,0.0018517256248742342,0.0517766997218132,0.0014301209012046456,0.038250114768743515,0.0010159414960071445,0.08456198871135712,0.0045019290409982204,,,,,0.325304239988327,0.06930200755596161,0.5040825605392456,0.013061359524726868,0.7023717761039734,0.020057791844010353,846832,150.366036319861,2.582794934847167,5474,0.0651160948596027,ADP.2015-10-15T12_50_10.910.fits,zCOSMOS_BRIGHT_DR3_000837495_ZCMRa68_M2_Q2_14_2.fits,837495,150.366028,2.582811,6.860118627083146,2009ApJS..184..218L,,
023633.36+280741.5_677906_1,677906,0.8690000176429749,1.0,6.0,11.05,11.05,0.033026061952114105,0.0028826266061514616,0.09200392663478851,0.0016667046584188938,0.08328843861818314,0.0015122831100597978,0.14864665269851685,0.005459895823150873,0.18116343021392822,0.052611980587244034,0.2960478961467743,0.06602448970079422,,,0.4029752016067505,0.01247226819396019,0.606386125087738,0.02307201735675335,677906,149.6066092578788,2.327566265654075,16530,0.0654011793949636,ADP.2015-10-15T12_59_20.533.fits,zCOSMOS_BRIGHT_DR3_000834359_ZCMRa26_M2_Q3_26_1.fits,834359,149.606598,2.327552,2.178904163352992,2009ApJS..184..218L,,
095613.83+555604.3_899821_0.3,899821,0.8601999878883362,0.3,13.0,10.2985,10.2985,0.001165048684924841,0.0002741067437455058,0.012836203910410404,0.0004167294246144593,0.010289670899510384,0.00021285707771312445,0.028865719214081764,0.001307138823904097,,,0.08771630376577377,0.02236214093863964,0.13830827176570892,0.0256208386272192,0.2312622368335724,0.005668296944350004,0.4584334194660187,0.01143448706716299,899821,149.70458407481567,2.665365776079183,9157,0.06550208343967383,ADP.2015-10-15T12_53_17.493.fits,zCOSMOS_BRIGHT_DR3_000847891_ZCMRa29_M1_Q3_20_2.fits,847891,149.704575,2.66535,2.208014229449375,2009ApJS..184..218L,,
093228.56+555344.8_400224_0.03,400224,0.869700014591217,0.03,1.0,9.99782,9.99782,0.0034860284067690372,5.9146223065909e-05,0.008728672750294209,0.00010835267312359065,0.011125786229968071,9.729262092150748e-05,0.01662302576005459,0.00019341158622410148,0.024439532309770584,0.0012121188919991255,0.02818264067173004,0.0017417847411707044,0.039268456399440765,0.002361823571845889,0.10557647049427032,0.0019613245967775583,0.2035217583179474,0.003904032288119197,400224,149.8738341610137,1.9001392520653702,13312,0.06556449408792248,ADP.2015-10-15T12_56_20.910.fits,zCOSMOS_BRIGHT_DR3_000813088_ZCMRa42_M2_Q3_17_2.fits,813088,149.87384,1.900122,3.110564447047313,2009ApJS..184..218L,,
093617.24+434442.1_622608_0.3,622608,0.8777999877929688,0.3,13.0,9.8607,9.8607,0.031426943838596344,0.0007976890192367136,0.036502234637737274,0.0005823856918141246,0.042921602725982666,0.0005540491547435522,0.019628964364528656,0.00590472063049674,0.06458241492509842,0.017143111675977707,0.05845164507627487,0.015488934703171253,0.10781124979257584,0.02197997272014618,0.168958380818367,0.005018929950892925,0.290156751871109,0.00871245376765728,622608,150.6226129844785,2.2447698415789414,9732,0.06567221151872302,ADP.2015-10-15T12_53_43.277.fits,zCOSMOS_BRIGHT_DR3_000822268_ZCMRa86_M2_Q1_8_1.fits,822268,150.62262,2.244753,2.063594865048641,2009ApJS..184..218L,,
142748.28+050222.0_495013_0.03,495013,0.0997999981045723,0.03,1.0,8.96767,8.96767,0.040622349828481674,0.00030266816611401737,0.07221123576164246,0.001230123220011592,0.05547191947698593,0.0006893464596942067,0.06837170571088791,0.001002485048957169,0.04893922433257103,0.0017719627358019352,0.05774826556444168,0.0019702313002198935,0.07993565499782562,0.002981452038511634,0.09759988635778427,0.001926978351548314,0.12348485738039017,0.0023590701166540384,495013,150.41276827397843,2.049469008085695,17750,0.06584114520997658,ADP.2015-10-15T13_00_17.867.fits,zCOSMOS_BRIGHT_DR3_000817042_ZCMRa85_M2_Q4_21_1.fits,817042,150.41275,2.04947,7.717777940340676,2009ApJS..184..218L,,
154735.22+361325.9_456199_0.1,456199,0.5300999879837036,0.1,1.0,9.8169,9.8169,0.00973601546138525,0.0002219566231360659,0.013615942560136318,0.0015865291934460402,0.015663644298911095,0.001798924058675766,0.01906311884522438,0.0005473544006235898,0.07394056022167206,0.00960154552012682,0.07365189492702484,0.008534607477486134,0.09981706738471985,0.011929350905120373,0.21530571579933167,0.0045524220913648605,0.2008853405714035,0.004454623442143202,456199,149.89338092430862,1.9882419853831572,5568,0.06589867534966715,ADP.2015-10-15T12_50_15.397.fits,zCOSMOS_BRIGHT_DR3_000819472_ZCMRa34_M2_Q1_10_3.fits,819472,149.893372,1.988226,4.639940246455811,2009ApJS..184..218L,,
091127.27+325336.9_518524_0.03,518524,0.2831000089645386,0.03,2.0,9.07179,9.07179,0.005143286660313606,0.0001161485561169684,0.009205739945173264,0.00010478592594154179,0.01179623231291771,0.000152610256918706,0.0160615723580122,0.00021398278477136046,0.01719140261411667,0.0022450925316661596,0.016783056780695915,0.001905152341350913,,,0.01874512806534767,0.0004438281466718763,0.025529954582452774,0.0008062637061811984,518524,150.28564729701873,2.0857260496050483,8674,0.06619904624737798,ADP.2015-10-15T12_53_00.603.fits,zCOSMOS_BRIGHT_DR3_000817698_ZCMRa73_M2_Q3_1_1.fits,817698,150.285629,2.085728,3.455452170781946,2009ApJS..184..218L,,
081109.38+172928.9_338583_0.003,338583,0.3856000006198883,0.003,55.0,9.44018,9.44018,0.0101582957431674,4.313706449465826e-05,0.02255549654364586,0.00017427631246391684,0.023352917283773422,0.0001406519440934062,0.03257081285119057,9.411449718754739e-05,0.032206252217292786,0.0002442752302158624,,,,,0.027155041694641113,0.00015817309031262994,0.02655489556491375,0.00019990894361399114,338583,149.63141619086323,1.8010919367072202,9272,0.06623505830282685,ADP.2015-10-15T12_53_24.740.fits,zCOSMOS_BRIGHT_DR3_000814117_ZCMRa11_M2_Q2_16_1.fits,814117,149.631409,1.801075,12.99031802858673,2009ApJS..184..218L,,
074500.24+292702.7_713591_0.3,713591,0.32510000467300415,0.3,97.0,8.72623,8.72623,0.07461307942867279,0.001633859588764608,0.06234879419207573,0.001093901228159666,0.08045033365488052,0.0010564394760876894,0.14941498637199402,0.0026611255016177893,0.11611746996641159,0.016023442149162292,0.15403318405151367,0.02616400644183159,0.2562343180179596,0.02188367024064064,0.7476458549499512,0.01796477846801281,1.1738548278808594,0.02503203973174095,713591,150.2692432484794,2.380474783605562,3904,0.06667430261973163,ADP.2015-10-15T12_48_25.327.fits,zCOSMOS_BRIGHT_DR3_000830888_ZCMRa68_M1_Q1_44_1.fits,830888,150.269226,2.380468,2.842784120780578,2009ApJS..184..218L,,
081909.89+031904.2_469643_0.03,469643,0.935699999332428,0.03,1.0,10.5604,10.5604,0.003275847528129816,8.575591346016154e-05,0.004288983531296253,0.0006922153988853097,0.006745936349034309,0.0005178161081857979,0.00939601194113493,0.0006823620642535388,0.02455459162592888,0.0015240015927702188,0.0330912321805954,0.002046629087999463,0.04287373274564743,0.002805700758472085,0.056063614785671234,0.000432238623034209,0.04926454275846481,0.0006583755603060126,469643,149.95888934847108,2.0114526535910424,9369,0.06670760815608015,ADP.2015-10-15T12_53_30.130.fits,zCOSMOS_BRIGHT_DR3_000819182_ZCMRa44_M1_Q4_14_1.fits,819182,149.958878,2.011438,2.727149038656091,2009ApJS..184..218L,,
163459.82+204936.0_467528_0.1,467528,0.1251000016927719,0.1,1.0,9.87384,9.87384,0.01832512766122818,0.0002763649681583047,0.11945151537656784,0.0013553346507251263,0.09272340685129166,0.0006586271338164806,0.16196009516716003,0.0014608203200623393,0.3037702739238739,0.008974660187959671,0.5265614986419678,0.013051443733274937,0.9379867315292358,0.019464291632175446,1.6195522546768188,0.03288458660244942,2.355846405029297,0.046993181109428406,467528,150.620646074456,2.006900952549144,10228,0.06701467941323994,ADP.2015-10-15T12_54_05.470.fits,zCOSMOS_BRIGHT_DR3_000815927_ZCMRa83_M1_Q2_23_1.fits,815927,150.620651,2.006883,13.11291478289097,2009ApJS..184..218L,,
154511.29+223856.0_820182_0.003,820182,0.22470000386238098,0.003,61.0,8.96314,8.96314,0.00292372889816761,3.518605080898851e-05,0.00926255714148283,0.00010879742330871522,0.011192938312888145,9.756552026374266e-05,0.013885281048715115,7.747022755211219e-05,,,,,0.01825852319598198,0.0008624492911621928,0.011543979868292809,0.00013017885794397444,0.01103978417813778,0.00016177984070964158,820182,149.98057864085652,2.5427116331742594,4665,0.06707975134916674,ADP.2015-10-15T12_49_17.573.fits,zCOSMOS_BRIGHT_DR3_000839622_ZCMRa39_M2_Q1_13_4.fits,839622,149.98056,2.542711,6.469787412784503,2009ApJS..184..218L,,
082054.81+100609.4_804328_1,804328,0.9599999785423279,1.0,1.0,10.9947,10.9947,0.07431787997484207,0.0019281556596979499,0.17858122289180756,0.002449137158691883,0.1521284282207489,0.0017600953578948975,0.2198559045791626,0.005193784367293119,,,,,0.2976427674293518,0.06985103338956833,0.2918364405632019,0.011175477877259254,0.430389404296875,0.021193072199821472,804328,150.35417466586324,2.519079526846509,14721,0.06719094024312072,ADP.2015-10-15T12_57_28.647.fits,zCOSMOS_BRIGHT_DR3_000837554_ZCMRa88_M2_Q3_44_1.fits,837554,150.354172,2.519098,1.722511688701623,2009ApJS..184..218L,,
020632.92+233031.8_666591_0.1,666591,0.4609000086784363,0.1,15.0,10.5078,10.5078,0.0016833390109241009,0.0002055900840787217,0.015062792226672173,0.00017631841183174402,0.019403623417019844,0.00014902636758051813,0.03395157679915428,0.00043776186066679657,0.057142943143844604,0.005738615524023771,0.07233615219593048,0.005785615183413029,0.09883061051368713,0.007780903484672308,0.07921170443296432,0.0017599243437871337,0.08989748358726501,0.003604296362027526,666591,150.1378049686228,2.3095835085515577,17157,0.06748102680181342,ADP.2015-10-15T12_59_43.363.fits,zCOSMOS_BRIGHT_DR3_000831525_ZCMRa57_M2_Q1_24_2.fits,831525,150.137802,2.309565,8.01602836303696,2009ApJS..184..218L,,
025627.76-080134.9_685788_1,685788,0.4722999930381775,1.0,143.0,9.54916,9.54916,0.2978840470314026,0.010288034565746784,0.3348405659198761,0.007071193307638168,0.3321261703968048,0.006365589331835508,0.3282066285610199,0.007128566037863493,,,0.2964085340499878,0.07439366728067398,0.45911353826522827,0.09132170677185059,0.8926680088043213,0.02467079646885395,1.5209232568740845,0.043716009706258774,685788,150.62026842732217,2.338816755211882,6607,0.06775532536388378,ADP.2015-10-15T12_51_12.597.fits,zCOSMOS_BRIGHT_DR3_000829077_ZCMRa87_M2_Q1_9_1.fits,829077,150.62027,2.338798,3.590065182765277,2009ApJS..184..218L,,
030214.27-072021.0_268279_0.03,268279,0.738099992275238,0.03,36.0,10.2627,10.2627,0.0016548421699553728,7.886291859904304e-05,0.003337625414133072,7.563488907180727e-05,0.005591625347733498,7.555772026535124e-05,0.008806690573692322,0.0002116816322086379,,,0.022652745246887207,0.0023217364214360714,0.02865990251302719,0.0025374707765877247,0.040111374109983444,0.0006752652698196471,0.04720586538314819,0.001085807685740292,268279,150.5964567852216,1.6913074250816635,2464,0.06779302618518937,ADP.2015-10-15T12_46_59.280.fits,zCOSMOS_BRIGHT_DR3_000803693_ZCMRa91_M1_Q4_6_1.fits,803693,150.596466,1.691291,2.926040669898891,2009ApJS..184..218L,,
075853.61+111944.1_519610_0.01,519610,0.439300000667572,0.01,7.0,9.58343,9.58343,0.0034797722473740578,4.9403184675611556e-05,0.008238649927079678,9.713428880786523e-05,0.009899823926389217,9.113579289987683e-05,0.01340144407004118,9.407006291439757e-05,0.014202004298567772,0.0005532101495191455,,,0.023050326853990555,0.0012451456859707832,0.02105332724750042,0.00028207231662236154,0.02417185716331005,0.0004224038275424391,519610,150.4141854556805,2.0891396487516736,14839,0.06810334275693898,ADP.2015-10-15T12_57_37.487.fits,zCOSMOS_BRIGHT_DR3_000817037_ZCMRa84_M1_Q3_29_1.fits,817037,150.414169,2.089149,4.236315602852092,2009ApJS..184..218L,,
082345.44+585556.2_821698_0.03,821698,0.5169000029563904,0.03,5.0,9.70169,9.70169,0.000987990410067141,7.387523510260507e-05,0.008008481934666634,0.00012788645108230412,0.007218742277473211,9.061113087227568e-05,0.013736019842326641,0.00021058216225355864,,,0.027350448071956635,0.0023623385932296515,0.03286149352788925,0.00319393677636981,0.04935848340392113,0.0008955260855145752,0.07295823097229004,0.0014784036902710795,821698,150.20936044593543,2.54460612762581,10627,0.0682480293175794,ADP.2015-10-15T12_54_20.087.fits,zCOSMOS_BRIGHT_DR3_000838343_ZCMRa68_M1_Q3_35_1.fits,838343,150.209366,2.544588,2.016619404266379,2009ApJS..184..218L,,
031935.52+002416.1_988150_0.01,988150,0.6977999806404114,0.01,1.0,10.3191,10.3191,0.0010423337807878852,4.693515438702889e-05,0.002111677546054125,5.106806202093139e-05,0.004313679412007332,6.612091237911955e-05,0.007092759013175964,9.198956831824034e-05,0.012296631000936031,0.0007135402993299067,0.019579723477363586,0.000999191077426076,,,0.024211861193180084,0.00019188423175364733,0.0196940116584301,0.00029245635960251093,988150,150.0421357797251,2.80549107671105,18293,0.06831398907210676,ADP.2015-10-15T13_00_43.720.fits,zCOSMOS_BRIGHT_DR3_000851350_ZCMRa40_M2_Q2_12_1.fits,851350,150.04213,2.805473,1.735548845911057,2009ApJS..184..218L,,
025627.76-080134.9_646610_0.001,646610,0.47429999709129333,0.001,8.0,8.90873,8.90873,0.001792045310139656,2.8979917260585353e-05,0.0037846211344003677,7.215374353108928e-05,0.004798183683305979,7.049954001558945e-05,0.00600552698597312,7.158488006098196e-05,,,0.0073284064419567585,0.0007706935866735876,0.008841301314532757,0.0008816707995720208,0.00599816907197237,7.151238969527185e-05,0.006652391981333494,0.00010402553743915632,646610,149.95832135308382,2.2815812224910093,3142,0.06831954929594383,ADP.2015-10-15T12_47_53.057.fits,zCOSMOS_BRIGHT_DR3_000825597_ZCMRa47_M1_Q4_23_1.fits,825597,149.958328,2.281599,3.271783647494176,2009ApJS..184..218L,,
102125.73+630451.4_517648_1,517648,0.8960000276565552,1.0,4.0,11.0982,11.0982,0.006048240698873997,0.0015140487812459469,0.06179087981581688,0.0015523673500865698,0.051757484674453735,0.0010306084295734763,0.09660781919956207,0.004444003105163574,,,,,0.3187335431575775,0.08158866316080093,0.44602322578430176,0.012095355428755283,0.7625983357429504,0.02272961102426052,517648,150.0338404797761,2.085612360526677,15104,0.06869014395282179,ADP.2015-10-15T12_57_55.160.fits,zCOSMOS_BRIGHT_DR3_000818898_ZCMRa53_M1_Q3_1_1.fits,818898,150.033859,2.085617,4.539123751296198,2009ApJS..184..218L,,
083703.29+250815.2_324695_0.01,324695,0.2671000063419342,0.01,30.0,9.93093,9.93093,0.005700442008674145,4.7148838348221034e-05,0.022725485265254974,0.0001687542098807171,0.031011812388896942,0.0001551844907226041,0.044045187532901764,0.00010961127554764971,,,0.08538491278886795,0.0010117917554453015,,,0.07264891266822815,0.0004530552541837096,0.0797896534204483,0.0007680088747292757,324695,149.91094206917506,1.7798746428722654,18914,0.0686937345805708,ADP.2015-10-15T13_01_18.403.fits,zCOSMOS_BRIGHT_DR3_000806573_ZCMRa41_M2_Q3_14_1.fits,806573,149.91095,1.779892,11.83097081052621,2009ApJS..184..218L,,
015222.08+133415.4_690734_0.03,690734,0.3734999895095825,0.03,471.0,8.79784,8.79784,0.003411100246012211,7.350961823249236e-05,0.006599517539143562,0.00010479728371137753,0.006576139014214277,8.568283374188468e-05,0.009203076362609863,0.00018436576647218317,0.011693604290485382,0.002130774548277259,0.016904696822166443,0.0022757817059755325,,,0.014444303698837757,0.00042514444794505835,0.01473928987979889,0.0006628539995290339,690734,150.46066188640148,2.3465930509916664,448,0.06870044285602554,ADP.2015-10-15T12_45_09.730.fits,zCOSMOS_BRIGHT_DR3_000829857_ZCMRa77_M1_Q1_10_1.fits,829857,150.460663,2.346574,2.735462439282712,2009ApJS..184..218L,,
082231.53+231152.0_320911_0.1,320911,0.660099983215332,0.1,14.0,9.47369,9.47369,0.019695907831192017,0.00038360903272405267,0.04036422818899155,0.0004610031028278172,0.036843568086624146,0.00040342117426916957,0.04358435049653053,0.0010127500863745809,0.01976202055811882,0.005035356618463993,,,0.04785972461104393,0.008108463138341904,0.17728763818740845,0.0038003185763955116,0.28171995282173157,0.005935416556894779,320911,149.5961895329131,1.77532895277536,10225,0.0687729139947014,ADP.2015-10-15T12_54_04.920.fits,zCOSMOS_BRIGHT_DR3_000807950_ZCMRa22_M1_Q4_16_1.fits,807950,149.596191,1.775348,1.396923309304812,2009ApJS..184..218L,,
080514.64+465228.8_546864_0.1,546864,0.5738000273704529,0.1,1.0,10.1666,10.1666,0.007926908321678638,0.00023770997358951718,0.0184968039393425,0.00023969804169610143,0.022220004349946976,0.00019187097495887429,0.028624827042222023,0.00048802272067405283,,,0.06817222386598587,0.008725062012672424,0.06996726989746094,0.007997840642929077,0.0832364410161972,0.001627199468202889,0.10892853885889053,0.002585400827229023,546864,150.58418108086042,2.1306210009747493,8270,0.06896813900295659,ADP.2015-10-15T12_52_27.397.fits,zCOSMOS_BRIGHT_DR3_000822445_ZCMRa95_M1_Q4_8_2.fits,822445,150.584167,2.130608,4.14119118518067,2009ApJS..184..218L,,
080002.81+440011.4_918321_0.1,918321,0.8371999859809875,0.1,2.0,10.9,10.9,0.0007896064198575914,0.00014065077994018793,0.007621060591191053,0.00013959936040919274,0.009387606754899025,0.00012487614003475755,0.021147076040506363,0.00039539835415780544,0.041013769805431366,0.005764434114098549,,,,,0.08764377236366272,0.0014115056255832314,0.10070614516735077,0.0025957783218473196,918321,149.73946282978557,2.6924030482461583,11738,0.06946062016492867,ADP.2015-10-15T12_55_13.220.fits,zCOSMOS_BRIGHT_DR3_000847768_ZCMRa39_M1_Q3_14_1.fits,847768,149.739456,2.692385,2.919794922018191,2009ApJS..184..218L,,
015222.08+133415.4_709103_0.1,709103,0.37220001220703125,0.1,252.0,9.65997,9.65997,0.007946636527776718,0.00021968517103232443,0.015501560643315315,0.00026820573839358985,0.01624511554837227,0.00019008094386663288,0.02451545000076294,0.0005383063689805567,0.03701202943921089,0.007091814652085304,0.058769725263118744,0.007110686972737312,,,0.05440734326839447,0.0013778937282040715,0.05685308203101158,0.002198913600295782,709103,149.69302698143392,2.3726532820373967,16883,0.06957418754873833,ADP.2015-10-15T12_59_33.063.fits,zCOSMOS_BRIGHT_DR3_000833893_ZCMRa17_M1_Q1_1_1.fits,833893,149.693008,2.372657,4.990797598042278,2009ApJS..184..218L,,
144016.02+202114.1_386230_0.0001,386230,0.20819999277591705,0.0001,4.0,8.79039,8.79039,0.0009286484564654529,4.9076326831709594e-05,0.0035342371556907892,7.217191159725189e-05,0.004352089948952198,7.574664050480351e-05,0.005506135523319244,8.044673450058326e-05,0.006362713407725096,0.0001664955634623766,0.006409063469618559,0.0007110013393685222,,,0.004653748124837875,0.00011480060493340716,0.0034876603167504072,0.00012936572602484375,386230,149.60088969910603,1.8769973159604958,8728,0.06968740024865162,ADP.2015-10-15T12_53_02.510.fits,zCOSMOS_BRIGHT_DR3_000814252_ZCMRa23_M1_Q4_14_1.fits,814252,149.600876,1.877011,1.929653939527487,2009ApJS..184..218L,,
031841.07-064044.9_324827_0.003,324827,0.39100000262260437,0.003,23.0,8.91296,8.91296,0.0011856229975819588,4.015203012386337e-05,0.0035004415549337864,6.90786910126917e-05,0.0038948452565819025,6.644827226409689e-05,0.0052575645968317986,7.808895315974951e-05,0.006149995606392622,0.0001924434764077887,0.005446197465062141,0.0006599491462111473,,,0.005596403032541275,8.996542601380497e-05,0.005112108308821917,0.0001548713189549744,324827,149.69978996094122,1.7820339142285893,673,0.06976043660390187,ADP.2015-10-15T12_45_27.543.fits,zCOSMOS_BRIGHT_DR3_000807495_ZCMRa12_M1_Q1_10_1.fits,807495,149.699783,1.782052,2.984711607339145,2009ApJS..184..218L,,
011601.41+322234.8_270428_0.3,270428,0.6625000238418579,0.3,1.0,11.3,11.3,0.003773946315050125,0.0004318448482081294,0.017016002908349037,0.0003543794446159154,0.02608068659901619,0.00024029224005062133,0.0431966707110405,0.0008654900011606514,,,0.19345055520534515,0.0229539442807436,,,0.21446363627910614,0.0036231335252523422,0.2000865340232849,0.006319648120552301,270428,149.88582550423396,1.6925514390263543,11709,0.06982837451864113,ADP.2015-10-15T12_55_12.383.fits,zCOSMOS_BRIGHT_DR3_000806657_ZCMRa31_M2_Q1_6_1.fits,806657,149.885834,1.692534,5.128431543784068,2009ApJS..184..218L,,
155905.39+250047.2_335052_0.001,335052,0.9244999885559082,0.001,172.0,10.141,10.141,0.0008143708109855652,3.830180867225863e-05,0.0017921997932717204,5.457540828501806e-05,0.0033947117626667023,5.813687312183902e-05,0.005817040801048279,7.550288137281314e-05,,,0.010625399649143219,0.0007320247241295874,0.014352659694850445,0.0007561192032881081,0.019762858748435974,0.00010972118616336957,0.014996150508522987,0.00013073300942778587,335052,149.91524330209924,1.7965159797466212,19476,0.0703860895189438,ADP.2015-10-15T13_01_46.273.fits,zCOSMOS_BRIGHT_DR3_000812893_ZCMRa41_M1_Q3_12_1.fits,812893,149.915253,1.796499,1.042239204839439,2009ApJS..184..218L,,
015420.27+124055.5_664030_0.003,664030,0.4731999933719635,0.003,2.0,9.58635,9.58635,0.0037695863284170628,3.196893521817401e-05,0.00990538764744997,0.0001147708244388923,0.012098375707864761,0.00010369697702117264,0.01623253896832466,8.35393657325767e-05,0.017070263624191284,0.0002254113496746868,,,,,0.020959459245204926,0.00019381404854357243,0.019829751923680305,0.00022423066548071802,664030,150.5856979323277,2.3040519467264673,8588,0.07047794034087843,ADP.2015-10-15T12_52_56.503.fits,zCOSMOS_BRIGHT_DR3_000829256_ZCMRa97_M2_Q4_19_1.fits,829256,150.585693,2.304033,4.222489565919569,2009ApJS..184..218L,,
093228.56+555344.8_826652_0.01,826652,0.8801000118255615,0.01,1.0,9.81482,9.81482,0.0013866053195670247,4.538258508546278e-05,0.0034094778820872307,6.135980947874486e-05,0.0045102620497345924,6.24418244115077e-05,0.0070587703958153725,9.313852933701128e-05,0.010502714663743973,0.0004278031992726028,0.011437030509114265,0.0008802968077361584,0.015975138172507286,0.0010775794507935643,0.04052475094795227,0.0006601098575629294,0.0717756450176239,0.001304971519857645,826652,150.3985994168128,2.5526467927298935,13696,0.07059953475099943,ADP.2015-10-15T12_56_40.653.fits,zCOSMOS_BRIGHT_DR3_000837320_ZCMRa79_M2_Q1_14_1.fits,837320,150.39859,2.552664,1.626326617831729,2009ApJS..184..218L,,
033431.31+005121.5_596412_0.3,596412,0.42500001192092896,0.3,24.0,9.99671,9.99671,0.006910733878612518,0.0006329037714749575,0.020211178809404373,0.0004153201880399138,0.01756913587450981,0.0002708490937948227,0.03206291049718857,0.0012028213823214173,,,,,0.16055332124233246,0.029119525104761124,0.1286923736333847,0.0039043889846652746,0.13611948490142822,0.006154146511107683,596412,149.9510240817412,2.2055346817873414,6522,0.07066607300417112,ADP.2015-10-15T12_51_10.137.fits,zCOSMOS_BRIGHT_DR3_000825639_ZCMRa46_M2_Q4_23_1.fits,825639,149.951035,2.205551,3.742211001710653,2009ApJS..184..218L,,
075928.28+301028.3_686767_1,686767,1.0029000043869019,1.0,182.0,9.6453,9.6453,0.28066596388816833,0.00596853019669652,0.3563690185546875,0.006245898548513651,0.3791314363479614,0.004867944400757551,0.33868101239204407,0.007129988167434931,0.36670005321502686,0.0502651184797287,0.37300097942352295,0.07581747323274612,0.5095667839050293,0.07379680126905441,1.0350451469421387,0.027778619900345802,1.9541066884994507,0.04720760136842728,686767,149.9792797306724,2.340419652562634,9351,0.07079802596831249,ADP.2015-10-15T12_53_29.050.fits,zCOSMOS_BRIGHT_DR3_000832430_ZCMRa57_M1_Q4_13_3.fits,832430,149.979279,2.3404,1.968872787243246,2009ApJS..184..218L,,
022754.38-073455.0_707404_0.3,707404,0.9261000156402588,0.3,168.0,9.61706,9.61706,0.003529706969857216,0.0004592649929691106,0.013799509964883327,0.00037679087836295366,0.011811183765530586,0.00023853880702517927,0.02645299956202507,0.001441514352336526,0.06864358484745026,0.017687421292066574,0.06508154422044754,0.01889817975461483,,,0.10545091331005096,0.00413061399012804,0.14261305332183838,0.006642536260187626,707404,150.35491307429598,2.3709634625093083,6202,0.0708332505970696,ADP.2015-10-15T12_50_45.143.fits,zCOSMOS_BRIGHT_DR3_000830477_ZCMRa86_M2_Q3_11_1.fits,830477,150.354904,2.370946,3.07625200208828,2009ApJS..184..218L,,
075216.55+500251.3_911662_0.03,911662,0.26989999413490295,0.03,15.0,8.97046,8.97046,0.0059866951778531075,0.00010635882063070312,0.01041267067193985,0.00012293389590922743,0.011374024674296379,0.0001178520469693467,0.015356440097093582,0.00017334472795482725,0.01446432713419199,0.0018255600007250905,,,0.021086476743221283,0.0025929801631718874,0.021585851907730103,0.0004717415722552687,0.03158235549926758,0.0008372507872991264,911662,149.77219416629,2.682908074366462,12798,0.07090403384082768,ADP.2015-10-15T12_55_54.290.fits,zCOSMOS_BRIGHT_DR3_000847633_ZCMRa30_M1_Q4_3_1.fits,847633,149.772202,2.68289,2.236507202278613,2009ApJS..184..218L,,
034624.62-002002.9_765906_0.3,765906,0.9776999950408936,0.3,6.0,10.1317,10.1317,0.014278784394264221,0.0009980467148125172,0.013001970946788788,0.0003756238438654691,0.01563720405101776,0.0003461937012616545,0.018191426992416382,0.001259427983313799,0.04813482239842415,0.015364852733910084,,,0.09726034849882126,0.02395015023648739,0.049254655838012695,0.002626231871545315,0.06156924366950989,0.005127754062414169,765906,150.1519207116818,2.4606414879619574,5785,0.07091838369776028,ADP.2015-10-15T12_50_23.117.fits,zCOSMOS_BRIGHT_DR3_000838675_ZCMRa57_M1_Q2_22_1.fits,838675,150.151901,2.460641,1.578745319517007,2009ApJS..184..218L,,
022944.02-084355.8_702797_0.1,702797,0.6360999941825867,0.1,3699.0,9.48511,9.48511,0.0031570119317620993,0.00015977799193933606,0.009120676666498184,0.00018693975289352238,0.009260342456400394,0.00014389152056537569,0.011800836771726608,0.00042674641008488834,,,,,0.03987215831875801,0.008228248916566372,0.03542356565594673,0.0013032450806349516,0.05187468230724335,0.0022650284226983786,702797,150.76359632415003,2.3645047280140563,14308,0.07103042060511179,ADP.2015-10-15T12_57_16.367.fits,zCOSMOS_BRIGHT_DR3_000828348_ZCMRa96_M1_Q2_13_1.fits,828348,150.763596,2.364485,1.632334101870415,2009ApJS..184..218L,,
074832.94+340935.1_338477_0.003,338477,0.5845000147819519,0.003,13.0,9.20632,9.20632,0.0017234815750271082,3.755584839382209e-05,0.003584288526326418,6.850681529613212e-05,0.0046337624080479145,6.516377470688894e-05,0.005602194927632809,7.465599628631026e-05,0.006424655206501484,0.00024121876049321145,,,0.008628948591649532,0.0007887067622505128,0.007072899024933577,0.00013281457358971238,0.007220346014946699,0.00012149804388172925,338477,150.2869854482855,1.8030226764178763,14899,0.07105481291533493,ADP.2015-10-15T12_57_47.640.fits,zCOSMOS_BRIGHT_DR3_000811208_ZCMRa62_M1_Q1_6_1.fits,811208,150.286987,1.803003,3.03972322170001,2009ApJS..184..218L,,
154307.77+193751.7_478850_0.1,478850,0.2215999960899353,0.1,1.0,9.14886,9.14886,0.07232464849948883,0.0022606616839766502,0.09813843667507172,0.0012770660687237978,0.07464086264371872,0.0009812322678044438,0.09203752875328064,0.0013438755413517356,0.17305544018745422,0.008980345912277699,0.27146074175834656,0.01399024948477745,0.5385251641273499,0.017041197046637535,1.2719236612319946,0.028189342468976974,2.1585843563079834,0.041985783725976944,478850,150.15142170797336,2.024853785741164,8881,0.07128242935764904,ADP.2015-10-15T12_53_08.347.fits,zCOSMOS_BRIGHT_DR3_000818313_ZCMRa64_M2_Q4_6_1.fits,818313,150.151413,2.024836,4.916886361220282,2009ApJS..184..218L,,
142734.84+183302.7_259432_0.01,259432,0.3467000126838684,0.01,1.0,9.29762,9.29762,0.0038293818943202496,9.569257235853001e-05,0.007688368204981089,0.00010299139830749482,0.009238660335540771,0.00010811183165060356,0.01308872364461422,0.00010732895316323265,0.012428151443600655,0.0005572913796640933,,,0.018508078530430794,0.0011862883111461997,0.015833912417292595,0.0002275284205097705,0.01980007253587246,0.0003908970102202147,259432,150.3959157760228,1.6750663988612624,12363,0.07147088589209513,ADP.2015-10-15T12_55_36.927.fits,zCOSMOS_BRIGHT_DR3_000804373_ZCMRa71_M1_Q1_11_1.fits,804373,150.39592,1.675047,4.932165840984287,2009ApJS..184..218L,,
082618.74+191752.9_850719_0.03,850719,0.7835000157356262,0.03,1.0,10.789,10.789,0.0005913837230764329,6.936338468221948e-05,0.005116668995469809,8.790713764028624e-05,0.010743720456957817,9.87094099400565e-05,0.01966392993927002,0.000143282552016899,,,0.053182102739810944,0.0017517422093078494,0.07602734863758087,0.0020430623553693295,0.10317742824554443,0.0006395533564500511,0.07929179072380066,0.0007032087305560708,850719,150.74897796622608,2.5871210929055666,10743,0.07166564288824476,ADP.2015-10-15T12_54_22.180.fits,zCOSMOS_BRIGHT_DR3_000835487_ZCMRa98_M2_Q2_9_1.fits,835487,150.748978,2.587141,3.384741257113145,2009ApJS..184..218L,,
080409.24+385348.8_680259_0.03,680259,0.21969999372959137,0.03,1.0,10.3548,10.3548,0.006798692978918552,0.00010116340854438022,0.062148526310920715,0.00036875263322144747,0.07619424164295197,0.0004399789613671601,0.11198855936527252,0.0005408318829722703,0.15896271169185638,0.0017114068614318967,0.20887084305286407,0.0027059500571340322,0.2555810213088989,0.003034687601029873,0.28468286991119385,0.00418948894366622,0.35245615243911743,0.005253433249890804,680259,150.17631036984614,2.327681079759284,13117,0.07191665733187141,ADP.2015-10-15T12_56_10.590.fits,zCOSMOS_BRIGHT_DR3_000831341_ZCMRa57_M2_Q1_17_1.fits,831341,150.1763,2.327664,25.8985712984298,2009ApJS..184..218L,,
075858.29+355643.6_263565_0.3,263565,0.7526000142097473,0.3,26.0,10.3044,10.3044,0.002715915907174349,0.000404438964324072,0.021887943148612976,0.0004030595882795751,0.018809914588928223,0.0002905984583776444,0.033246126025915146,0.0014173155650496483,0.06672901660203934,0.016084304079413414,0.07367397844791412,0.01879848912358284,0.09223366528749466,0.019846294075250626,0.23989520967006683,0.00644401740282774,0.3435627818107605,0.00994849856942892,263565,149.58117011214406,1.683088759384768,16981,0.0719384271242638,ADP.2015-10-15T12_59_38.230.fits,zCOSMOS_BRIGHT_DR3_000808003_ZCMRa11_M2_Q4_10_2.fits,808003,149.581177,1.68307,4.210901696784259,2009ApJS..184..218L,,
143229.91+012332.6_896421_0.3,896421,0.46799999475479126,0.3,3.0,9.80033,9.80033,0.0028710803017020226,0.0006497031426988542,0.036767784506082535,0.0006059204461053014,0.026726851239800453,0.00039562294841744006,0.058598414063453674,0.0015754150226712227,0.11960186064243317,0.01635703630745411,0.13420307636260986,0.02441847324371338,0.22635750472545624,0.02292761579155922,0.5443459153175354,0.012848315760493279,0.9763306975364685,0.020649129524827003,896421,150.3982843311376,2.6598444282487743,18117,0.07195011315108571,ADP.2015-10-15T13_00_36.297.fits,zCOSMOS_BRIGHT_DR3_000844513_ZCMRa79_M1_Q2_22_2.fits,844513,150.3983,2.659832,3.966714734911666,2009ApJS..184..218L,,
152735.81+343236.4_329797_0.03,329797,0.8241999745368958,0.03,3.0,9.95873,9.95873,0.0010664709843695164,5.3444258810486645e-05,0.0039554787799716,6.642620428465307e-05,0.005656289402395487,7.214824290713295e-05,0.01036602258682251,0.0001284471363760531,,,0.022982683032751083,0.0022438347805291414,0.02427222579717636,0.0022873554844409227,0.049699872732162476,0.0008325629751197994,0.06389801949262619,0.0012970949755981565,329797,150.39077662676993,1.7891230596187935,5430,0.0719552313611943,ADP.2015-10-15T12_50_08.817.fits,zCOSMOS_BRIGHT_DR3_000804386_ZCMRa72_M1_Q1_9_1.fits,804386,150.390778,1.789143,2.51693005539019,2009ApJS..184..218L,,
081522.84+134834.1_692003_0.3,692003,0.8784000277519226,0.3,241.0,9.51701,9.51701,0.06259384751319885,0.0014929070603102446,0.07648225873708725,0.0014628609642386436,0.0880407840013504,0.0015087258070707321,0.07135303318500519,0.002270287135615945,0.12404803186655045,0.016782252117991447,,,0.09006620198488235,0.02836698479950428,0.2208632081747055,0.005803857464343309,0.36095279455184937,0.00930270366370678,692003,150.63615237556226,2.3485579059069392,9984,0.0720711821155451,ADP.2015-10-15T12_53_55.930.fits,zCOSMOS_BRIGHT_DR3_000828996_ZCMRa86_M1_Q2_17_1.fits,828996,150.636139,2.348543,1.423565159803262,2009ApJS..184..218L,,
034528.91-004429.4_622725_1,622725,0.7039999961853027,1.0,12.0,10.5782,10.5782,0.027296969667077065,0.0026466127019375563,0.04216903820633888,0.0011906888103112578,0.04338851943612099,0.0010138682555407286,0.06733535975217819,0.003446444869041443,,,0.3096460700035095,0.07150523364543915,0.36796674132347107,0.08353494107723236,0.317688524723053,0.010300874710083008,0.3385895788669586,0.018011024221777916,622725,149.81291602752722,2.242733697050945,16310,0.07210967324056283,ADP.2015-10-15T12_59_11.867.fits,zCOSMOS_BRIGHT_DR3_000826307_ZCMRa35_M2_Q3_27_1.fits,826307,149.812897,2.24274,3.948445949418926,2009ApJS..184..218L,,
153044.77+270741.9_664628_0.01,664628,0.4302000105381012,0.01,7.0,9.44413,9.44413,0.003879284020513296,4.8102949222084135e-05,0.007801687810570002,9.933721594279632e-05,0.009379723109304905,9.016357944346964e-05,0.012834852561354637,8.770056592766196e-05,,,0.0190575048327446,0.0010017089080065489,0.019880780950188637,0.0011038355296477675,0.015780756250023842,0.00021137898147571832,0.01907290518283844,0.00031849631341174245,664628,150.37876577620048,2.3082597899431687,12109,0.0721813803197003,ADP.2015-10-15T12_55_27.150.fits,zCOSMOS_BRIGHT_DR3_000830348_ZCMRa86_M2_Q3_26_1.fits,830348,150.378769,2.30824,5.905281990059286,2009ApJS..184..218L,,
032838.28-000341.6_600741_0.3,600741,0.3010999858379364,0.3,69.0,8.96473,8.96473,0.010498707182705402,0.000728408747818321,0.040880948305130005,0.000867858121637255,0.03690067306160927,0.0006072052055969834,0.09277068078517914,0.0024479792919009924,0.06440366059541702,0.019813012331724167,0.10222496092319489,0.030473006889224052,0.17831170558929443,0.034251853823661804,0.605353057384491,0.013956360518932343,1.059838056564331,0.02356794849038124,600741,150.50021610839624,2.2124596971099204,1722,0.07227532617910894,ADP.2015-10-15T12_46_24.250.fits,zCOSMOS_BRIGHT_DR3_000822934_ZCMRa96_M2_Q4_13_1.fits,822934,150.500198,2.212451,2.227554897109711,2009ApJS..184..218L,,
154830.67+195828.4_605666_0.003,605666,0.7408999800682068,0.003,5.0,9.99566,9.99566,0.0010519095230847597,3.1886807846603915e-05,0.002128198277205229,4.7379777242895216e-05,0.003908183891326189,5.943724681856111e-05,0.005614562891423702,6.758765084668994e-05,,,0.010185941122472286,0.0006928425282239914,0.014383518137037754,0.0008367827977053821,0.019176984205842018,0.00015612984134349972,0.01643519476056099,0.00017999015108216554,605666,150.3795056381103,2.219610261650933,11686,0.07229088301783307,ADP.2015-10-15T12_55_10.810.fits,zCOSMOS_BRIGHT_DR3_000823540_ZCMRa66_M1_Q1_20_1.fits,823540,150.379486,2.219606,1.389689473468445,2009ApJS..184..218L,,
163410.75+463521.5_671685_1,671685,0.3587999939918518,1.0,16.0,9.02165,9.02165,0.2251882553100586,0.004591383505612612,0.19850364327430725,0.0027186498045921326,0.21351487934589386,0.0025288506876677275,0.2947738766670227,0.006749358959496021,,,0.3589732050895691,0.07176315039396286,0.3272469937801361,0.07976782321929932,0.9919869899749756,0.024856096133589745,1.4666330814361572,0.03407534584403038,671685,149.46907359058048,2.3178257800648994,558,0.07237004251073725,ADP.2015-10-15T12_45_23.277.fits,zCOSMOS_BRIGHT_DR3_000834959_ZCMRa17_M2_Q4_12_1.fits,834959,149.46907,2.317806,1.77914632578138,2009ApJS..184..218L,,
083406.94+350602.9_676066_0.1,676066,0.47099998593330383,0.1,5.0,10.1521,10.1521,0.001913412008434534,0.00011304424697300419,0.015244439244270325,0.00017201623995788395,0.016652390360832214,0.0001397801679559052,0.02991354838013649,0.00035589211620390415,0.06471017748117447,0.004502560012042522,0.08875562250614166,0.006232406944036484,0.13524815440177917,0.007619132287800312,0.14502009749412537,0.003082390408962965,0.2569069266319275,0.0053630974143743515,676066,150.27580775448692,2.324269541033227,16456,0.07239670235160475,ADP.2015-10-15T12_59_17.743.fits,zCOSMOS_BRIGHT_DR3_000830853_ZCMRa67_M2_Q1_10_1.fits,830853,150.275803,2.32425,5.51814066865678,2009ApJS..184..218L,,
081719.28+145809.4_553548_1,553548,0.9754999876022339,1.0,28.0,9.49129,9.49129,0.19589270651340485,0.00471739424392581,0.2192082554101944,0.030115433037281036,0.334463506937027,0.004920036531984806,0.38061195611953735,0.008405903354287148,0.6005331873893738,0.050719570368528366,0.4189847707748413,0.07763733714818954,0.5507237911224365,0.0867961198091507,1.0307642221450806,0.02861451730132103,2.01021409034729,0.05044124275445938,553548,149.87947871208132,2.142541787589237,16622,0.07253915424165618,ADP.2015-10-15T12_59_25.090.fits,zCOSMOS_BRIGHT_DR3_000825991_ZCMRa35_M2_Q1_5_1.fits,825991,149.879486,2.142523,2.005682605954472,2009ApJS..184..218L,,
144819.52+093955.8_607106_0.3,607106,0.30329999327659607,0.3,43.0,9.04991,9.04991,0.031218523159623146,0.0007085680263116956,0.044320423156023026,0.0006412416696548462,0.046579763293266296,0.0005844026454724371,0.06526020914316177,0.0013107836712151766,0.07283814996480942,0.01937626302242279,0.1500651240348816,0.02933097630739212,,,0.09059667587280273,0.0034516449086368084,0.09508174657821655,0.005794713739305735,607106,149.78520691804064,2.2213152000099097,5325,0.07257124992402592,ADP.2015-10-15T12_50_03.403.fits,zCOSMOS_BRIGHT_DR3_000826456_ZCMRa35_M2_Q3_34_1.fits,826456,149.785187,2.221312,3.174933000250605,2009ApJS..184..218L,,
020912.02+004719.0_317406_0.3,317406,0.7835000157356262,0.3,8.0,10.7483,10.7483,0.0017118722898885608,0.00035300711169838905,0.015458320267498493,0.0003457303100731224,0.015559418126940727,0.00030021867132745683,0.03520391136407852,0.0009253181633539498,,,0.10675829648971558,0.018891695886850357,,,0.20568859577178955,0.004911057185381651,0.3556381165981293,0.009987742640078068,317406,150.39944146484027,1.7688611398542629,16388,0.07260660291031541,ADP.2015-10-15T12_59_14.653.fits,zCOSMOS_BRIGHT_DR3_000804362_ZCMRa72_M2_Q1_11_1.fits,804362,150.399429,1.768877,3.97676221648447,2009ApJS..184..218L,,
080054.00+391719.1_264338_0.0003,264338,0.20329999923706055,0.0003,113.0,8.46479,8.46479,0.0010045336093753576,4.572569741867483e-05,0.0035236633848398924,7.244723383337259e-05,0.004286224488168955,7.043063669698313e-05,0.005451391451060772,6.808941543567926e-05,0.006578367203474045,0.00018172987620346248,0.007128760684281588,0.0008123692241497338,0.009780737571418285,0.000776645727455616,0.008883637376129627,0.00011889742745552212,0.009967859834432602,0.00012130566028645262,264338,150.4034478841636,1.6852655044785338,13951,0.07277419459416405,ADP.2015-10-15T12_56_53.170.fits,zCOSMOS_BRIGHT_DR3_000804346_ZCMRa81_M2_Q4_6_1.fits,804346,150.403458,1.685248,3.05975347239906,2009ApJS..184..218L,,
080220.61+140111.3_348421_0.03,348421,0.531499981880188,0.03,9.0,10.995,10.995,0.0011930023320019245,5.010391032556072e-05,0.011394421570003033,0.00011699891911121085,0.021338144317269325,0.0001293861132580787,0.03729453682899475,0.0001567096187500283,0.06383009999990463,0.0021729941945523024,0.09060414135456085,0.002798977307975292,0.11687532067298889,0.0032928544096648693,0.11920558661222458,0.001083433860912919,0.11403212696313858,0.0013726027682423592,348421,149.943184055012,1.8171235761324218,14036,0.0728847251147683,ADP.2015-10-15T12_57_04.790.fits,zCOSMOS_BRIGHT_DR3_000812772_ZCMRa42_M1_Q4_3_1.fits,812772,149.943176,1.817105,8.595061090507697,2009ApJS..184..218L,,
080359.23+433258.3_609708_1,609708,0.4578000009059906,1.0,17.0,9.64956,9.64956,0.3218112587928772,0.005058191251009703,0.41929471492767334,0.007321779616177082,0.357195645570755,0.003571190871298313,0.5036371350288391,0.00919174961745739,0.563427746295929,0.07194451242685318,,,0.6816263198852539,0.10668398439884186,0.9728121757507324,0.026020128279924393,1.3436461687088013,0.03485379368066788,609708,149.7643291518234,2.224773223795369,11247,0.07288639264785045,ADP.2015-10-15T12_54_41.080.fits,zCOSMOS_BRIGHT_DR3_000826556_ZCMRa36_M2_Q4_12_1.fits,826556,149.764313,2.224761,2.603599228504314,2009ApJS..184..218L,,
022607.29-010947.4_628334_1,628334,1.0994999408721924,1.0,99.0,9.64529,9.64529,0.0302573349326849,0.0015484566101804376,0.04578031599521637,0.0011205669725313783,0.049714211374521255,0.0008939156541600823,0.043484918773174286,0.0032684477046132088,,,0.18538187444210052,0.06013522669672966,,,0.16088242828845978,0.009622429497539997,0.20064789056777954,0.01882118731737137,628334,149.9161802919675,2.2533318878508064,16911,0.07293534619828672,ADP.2015-10-15T12_59_34.287.fits,zCOSMOS_BRIGHT_DR3_000825788_ZCMRa36_M1_Q1_4_3.fits,825788,149.916168,2.253348,2.079646123402647,2009ApJS..184..218L,,
023951.71-083949.8_462668_0.0001,462668,0.736299991607666,0.0001,26.0,10.85,10.85,3.3262800570810214e-05,2.4357514121220447e-05,0.0011425387347117066,4.092035669600591e-05,0.0038867793045938015,5.86151763855014e-05,0.008059434592723846,6.99266602168791e-05,0.015342743135988712,0.00017531952471472323,0.024715693667531013,0.0006558019085787237,0.037458647042512894,0.0008146403124555945,0.03743826225399971,0.000263490917859599,0.02367471158504486,0.00015116971917450428,462668,149.97125619644777,2.000768834052288,2498,0.07298136251257438,ADP.2015-10-15T12_47_01.027.fits,zCOSMOS_BRIGHT_DR3_000819123_ZCMRa34_M2_Q1_8_1.fits,819123,149.971252,2.000749,3.279791287321189,2009ApJS..184..218L,,
023044.94-093123.0_655522_0.03,655522,0.7479000091552734,0.03,1.0,10.4018,10.4018,0.0004691877111326903,5.029675958212465e-05,0.004268414806574583,7.364434713963419e-05,0.00920826569199562,9.286608110414818e-05,0.016424305737018585,0.00015444257587660104,0.024490611627697945,0.0015641084173694253,,,0.044624943286180496,0.0024342751130461693,0.048825375735759735,0.0005030815955251455,0.04192836582660675,0.0007758689462207258,655522,150.52862689938692,2.292917227823791,6869,0.07300070166524532,ADP.2015-10-15T12_51_23.510.fits,zCOSMOS_BRIGHT_DR3_000829536_ZCMRa95_M2_Q3_4_2.fits,829536,150.52861,2.292906,6.541990429950814,2009ApJS..184..218L,,
150138.79+404948.3_347384_0.1,347384,0.33799999952316284,0.1,10.0,9.01301,9.01301,0.00541921379044652,0.00015477857959922403,0.0133732995018363,0.00020490596944000572,0.012746639549732208,0.00017080976977013052,0.024005377665162086,0.000510204816237092,0.02345176786184311,0.006225289776921272,0.049758430570364,0.0098072849214077,0.06205964460968971,0.00947534665465355,0.053740933537483215,0.0014579730341210961,0.06865917891263962,0.002297933679074049,347384,149.94777695183663,1.817051821917095,14672,0.07355221096477331,ADP.2015-10-15T12_57_26.937.fits,zCOSMOS_BRIGHT_DR3_000812752_ZCMRa42_M2_Q4_3_1.fits,812752,149.947769,1.817033,1.925063542482436,2009ApJS..184..218L,,
152735.81+343236.4_863763_0.1,863763,0.824999988079071,0.1,2.0,10.3479,10.3479,0.0022441421169787645,0.0001250063069164753,0.009628367610275745,0.00012941034219693393,0.012052216567099094,0.00011686520156217739,0.023074837401509285,0.00037275516660884023,,,0.05494119971990585,0.007134635001420975,0.05967368185520172,0.007316051982343197,0.14367793500423431,0.0027602084446698427,0.1984434723854065,0.004314653109759092,863763,150.31854523851374,2.609247683124856,1373,0.07366889229388882,ADP.2015-10-15T12_46_00.653.fits,zCOSMOS_BRIGHT_DR3_000837749_ZCMRa78_M2_Q3_7_1.fits,837749,150.318527,2.609257,2.328487558595357,2009ApJS..184..218L,,
143909.69+091443.8_814009_0.001,814009,0.833299994468689,0.001,1.0,9.78842,9.78842,0.001164668588899076,5.426931238616817e-05,0.002480578375980258,6.116642180131748e-05,0.004372991621494293,7.128528523026034e-05,0.006650953087955713,8.346184768015519e-05,,,0.009062303230166435,0.0007154880440793931,,,0.017472904175519943,0.0001545423292554915,0.016680128872394562,0.00019106120453216136,814009,149.61941127554243,2.532595588639656,13178,0.07373653110146977,ADP.2015-10-15T12_56_13.167.fits,zCOSMOS_BRIGHT_DR3_000841441_ZCMRa28_M1_Q3_26_1.fits,841441,149.619431,2.53259,2.273511405385875,2009ApJS..184..218L,,
110022.09+645812.9_546739_0.03,546739,0.8751000165939331,0.03,1.0,11.15,11.15,0.001736249541863799,5.290209810482338e-05,0.004494871012866497,8.235280984081328e-05,0.009738895110785961,8.735679148230702e-05,0.01875634863972664,0.00015224306844174862,0.08280990272760391,0.00455827172845602,0.07224512100219727,0.0034204476978629827,0.0895136147737503,0.003602232551202178,0.09366578608751297,0.0004436401941347867,0.06862282007932663,0.0004583171976264566,546739,150.31154877824315,2.129764040599294,15729,0.07386101783522217,ADP.2015-10-15T12_58_36.783.fits,zCOSMOS_BRIGHT_DR3_000823872_ZCMRa75_M2_Q4_10_1.fits,823872,150.311539,2.129746,4.203017509743197,2009ApJS..184..218L,,
073814.98+393708.4_691448_0.1,691448,0.7645000219345093,0.1,854.0,10.2234,10.2234,0.0120683079585433,0.0002191223029512912,0.017900288105010986,0.0002306436945218593,0.02445063926279545,0.0002243920898763463,0.02916606143116951,0.0004918929771520197,0.03856319561600685,0.00560306292027235,,,0.07274703681468964,0.008515587076544762,0.09460179507732391,0.0017267155926674604,0.11381380259990692,0.0026526758447289467,691448,149.55313433607708,2.346217955311894,3443,0.07406746939550905,ADP.2015-10-15T12_48_10.010.fits,zCOSMOS_BRIGHT_DR3_000834611_ZCMRa17_M2_Q4_6_2.fits,834611,149.553146,2.346201,3.86058600745749,2009ApJS..184..218L,,
023654.68+002242.4_315911_0.003,315911,0.43560001254081726,0.003,1.0,8.88835,8.88835,0.0012042337330058217,3.7556164897978306e-05,0.003135657636448741,6.849836790934205e-05,0.003779868595302105,6.395499804057181e-05,0.004745324607938528,6.988504173932597e-05,0.00561094144359231,0.00026060675736516714,,,,,0.004362005274742842,9.611820860300213e-05,0.00398731604218483,0.00013806608330924064,315911,150.31993347150964,1.7682706419132697,6131,0.07416354879414491,ADP.2015-10-15T12_50_43.670.fits,zCOSMOS_BRIGHT_DR3_000804655_ZCMRa71_M2_Q3_24_1.fits,804655,150.319946,1.768287,1.961114872516212,2009ApJS..184..218L,,
024320.38-001825.5_698607_1,698607,0.36640000343322754,1.0,2688.0,10.155,10.155,0.03263123333454132,0.0015634663868695498,0.10947542637586594,0.0017506481381133199,0.100733682513237,0.001656035427004099,0.17105399072170258,0.004850826691836119,0.3595418930053711,0.08218175172805786,0.4164561927318573,0.08647608011960983,0.5096178650856018,0.09472915530204773,0.9331080913543701,0.02294490486383438,1.2890498638153076,0.03447350859642029,698607,150.5400946702422,2.355429316203225,13903,0.07455033593096494,ADP.2015-10-15T12_56_51.203.fits,zCOSMOS_BRIGHT_DR3_000829472_ZCMRa86_M1_Q2_14_1.fits,829472,150.540085,2.355411,6.313229997050665,2009ApJS..184..218L,,
023913.60-005122.3_707181_0.001,707181,0.59579998254776,0.001,486.0,10.3493,10.3493,0.0006254044128581882,3.240694059059024e-05,0.004686808213591576,7.990696758497506e-05,0.008699338883161545,8.918430103221908e-05,0.01422414556145668,7.825282955309376e-05,0.02214670181274414,0.00013439581380225718,,,,,0.042791947722435,0.00035190803464502096,0.034868620336055756,0.00029389371047727764,707181,150.42199640315664,2.3696969223871935,9710,0.07463156049063918,ADP.2015-10-15T12_53_42.567.fits,zCOSMOS_BRIGHT_DR3_000830079_ZCMRa87_M1_Q4_1_1.fits,830079,150.421982,2.369682,4.04692330775919,2009ApJS..184..218L,,
084843.12+264914.7_981290_1,981290,0.611299991607666,1.0,9.0,9.24646,9.24646,0.03719525784254074,0.0016207316657528281,0.09440000355243683,0.0015820316039025784,0.0767822265625,0.001226587570272386,0.08983372151851654,0.004568814300000668,0.21091552078723907,0.06254415214061737,,,,,0.6534085273742676,0.016790183261036873,1.0976216793060303,0.03358786925673485,981290,150.75143293025945,2.794969376043258,11937,0.07465235479622416,ADP.2015-10-15T12_55_20.163.fits,zCOSMOS_BRIGHT_DR3_000849272_ZCMRa90_M1_Q2_17_1.fits,849272,150.751419,2.794954,3.444370034948488,2009ApJS..184..218L,,
023030.37-004513.8_490469_0.1,490469,0.5041000247001648,0.1,1.0,9.69877,9.69877,0.001538771903142333,0.00016777975542936474,0.011491015553474426,0.00016891029372345656,0.010479144752025604,0.0001306195044890046,0.01761748269200325,0.00039635205757804215,0.03122510015964508,0.006217684596776962,0.046095989644527435,0.007263698149472475,,,0.06499683111906052,0.0016134274192154408,0.09716998785734177,0.0026986710727214813,490469,149.5602956185913,2.0449683948369946,11103,0.07470112934625578,ADP.2015-10-15T12_54_34.453.fits,zCOSMOS_BRIGHT_DR3_000820795_ZCMRa13_M2_Q3_14_1.fits,820795,149.560303,2.044949,2.570135685308781,2009ApJS..184..218L,,
021227.22+011224.0_688498_0.0001,688498,0.8392000198364258,0.0001,881.0,10.5588,10.5588,0.00010670885239960626,2.064248656097334e-05,0.002598005812615156,6.278908404055983e-05,0.007671339903026819,8.361255459021777e-05,0.015749750658869743,8.601455920143053e-05,0.02275943197309971,0.00012972352851647884,0.031576309353113174,0.0007137855282053351,,,0.042087141424417496,0.0003597303293645382,0.02794010005891323,0.0002390129229752347,688498,150.5099723417684,2.3419460318070864,7949,0.07479675461659414,ADP.2015-10-15T12_52_05.920.fits,zCOSMOS_BRIGHT_DR3_000829619_ZCMRa77_M2_Q1_13_2.fits,829619,150.509964,2.341927,3.766979672468917,2009ApJS..184..218L,,
085706.35+190853.5_621702_0.03,621702,0.32679998874664307,0.03,20.0,8.7395,8.7395,0.01768660545349121,0.0003356181550770998,0.019840344786643982,0.00023605424212291837,0.022944485768675804,0.00034217824577353895,0.03241497278213501,0.0006346761947497725,0.03364355117082596,0.0015934393741190434,0.06160907447338104,0.0027001784183084965,0.1331750601530075,0.003366741118952632,0.2714998722076416,0.006492098327726126,0.43381214141845703,0.008414903655648232,621702,150.67749555953907,2.243151132995599,13501,0.07525643196030377,ADP.2015-10-15T12_56_28.850.fits,zCOSMOS_BRIGHT_DR3_000822025_ZCMRa96_M1_Q1_6_1.fits,822025,150.677475,2.243155,2.750859755410118,2009ApJS..184..218L,,
071948.85+410557.0_684249_0.1,684249,0.21410000324249268,0.1,45.0,10.15,10.15,0.013888819143176079,0.0002610555966384709,0.06195760518312454,0.0003435740654822439,0.07481716573238373,0.0004010411794297397,0.1121959239244461,0.0006240866496227682,0.1916358470916748,0.006161268334835768,0.26564493775367737,0.008964826352894306,0.31242674589157104,0.008919848129153252,0.2429891675710678,0.003652115585282445,0.282459557056427,0.004969842731952667,684249,150.64315521130254,2.3338497274763985,3506,0.07529012624140123,ADP.2015-10-15T12_48_12.507.fits,zCOSMOS_BRIGHT_DR3_000828953_ZCMRa97_M2_Q1_9_1.fits,828953,150.643158,2.333829,18.78062354624674,2009ApJS..184..218L,,
142533.72+235625.5_907674_0.01,907674,0.3458000123500824,0.01,2.0,9.49939,9.49939,0.007312444970011711,9.929144289344549e-05,0.015155414119362831,0.00013529424904845655,0.01816006749868393,0.00012183342187199742,0.026344161480665207,0.0001346229255432263,0.028088005259633064,0.0005976257380098104,0.03441401571035385,0.0010201996192336082,0.04072900116443634,0.0013255823869258165,0.02729547955095768,0.00026960799004882574,0.033487193286418915,0.0004016230523120612,907674,149.91584586933396,2.677469536260935,11805,0.07540313869904665,ADP.2015-10-15T12_55_15.943.fits,zCOSMOS_BRIGHT_DR3_000846972_ZCMRa39_M1_Q2_19_1.fits,846972,149.915833,2.677453,7.222690616321166,2009ApJS..184..218L,,
075057.26+353037.6_477589_0.03,477589,0.16920000314712524,0.03,1.0,9.65429,9.65429,0.007405125070363283,7.384089985862374e-05,0.04178055375814438,0.009239437058568,0.052719227969646454,0.003008253639563918,0.07467849552631378,0.0435231551527977,0.24679332971572876,0.00930413231253624,0.27303189039230347,0.009946689009666443,0.2695266008377075,0.011281212791800499,0.46005651354789734,0.008719018660485744,0.37172698974609375,0.006783697288483381,477589,149.93637187975102,2.021816695937576,13160,0.0754654231534996,ADP.2015-10-15T12_56_12.320.fits,zCOSMOS_BRIGHT_DR3_000819278_ZCMRa44_M1_Q4_10_1.fits,819278,149.936356,2.021803,21.23737362971732,2009ApJS..184..218L,,
075100.75+150953.9_339892_0.003,339892,0.7128999829292297,0.003,5.0,10.5002,10.5002,0.0007728991913609207,3.620899224188179e-05,0.003988110926002264,6.88992950017564e-05,0.009937506169080734,9.18134392122738e-05,0.017347710207104683,8.23400987428613e-05,0.025843821465969086,0.00021888072660658509,0.036876216530799866,0.0008604176691733301,,,0.04614812508225441,0.00031899611349217594,0.03034382499754429,0.00031446831417270005,339892,150.47301244563428,1.8040606846165845,13927,0.07547606654729301,ADP.2015-10-15T12_56_52.230.fits,zCOSMOS_BRIGHT_DR3_000810348_ZCMRa71_M2_Q2_17_1.fits,810348,150.472992,1.804056,4.647671668415099,2009ApJS..184..218L,,
022959.58+004632.0_777329_0.3,777329,0.7829999923706055,0.3,9.0,9.95105,9.95105,0.005199013277888298,0.0004183437267784029,0.012067555449903011,0.00034620356746017933,0.011246707290410995,0.00027722990489564836,0.018078574910759926,0.0010285871103405952,0.04549865424633026,0.013621988706290722,,,0.09734148532152176,0.022591136395931244,0.0552835613489151,0.0026709961239248514,0.0822719931602478,0.006105222273617983,777329,149.72908184604873,2.4782815329189853,16963,0.07554278994514514,ADP.2015-10-15T12_59_37.033.fits,zCOSMOS_BRIGHT_DR3_000840925_ZCMRa37_M2_Q3_13_1.fits,840925,149.729065,2.478269,1.595517801867298,2009ApJS..184..218L,,
090237.61+612207.0_264222_1,264222,0.21789999306201935,1.0,188.0,8.48973,8.48973,0.03995160385966301,0.0021924520842731,0.28834277391433716,0.0042190696112811565,0.17403213679790497,0.003623679745942354,0.34168875217437744,0.007505711168050766,0.772903323173523,0.06011778488755226,1.237882375717163,0.10028856247663498,2.112961769104004,0.1299804002046585,3.219278335571289,0.07489210367202759,5.3490424156188965,0.11446192115545273,264222,150.137778954306,1.6846844698303611,10315,0.07583547937609957,ADP.2015-10-15T12_54_07.893.fits,zCOSMOS_BRIGHT_DR3_000805589_ZCMRa51_M2_Q1_9_1.fits,805589,150.137787,1.684665,1.834809766980909,2009ApJS..184..218L,,
024706.65+002318.2_707524_0.01,707524,0.3605000078678131,0.01,19214.0,9.03854,9.03854,0.00294256373308599,4.2663257772801444e-05,0.008446154184639454,0.00010613733320496976,0.00891592912375927,8.832152525428683e-05,0.013138998299837112,9.817843965720385e-05,0.014121349900960922,0.00046985375229269266,0.015132934786379337,0.0010143328690901399,0.018503740429878235,0.00112592161167413,0.014998773112893105,0.00023011154553387314,0.018562093377113342,0.00039651861879974604,707524,149.86347181029038,2.370713498401509,4409,0.07612482769425148,ADP.2015-10-15T12_49_01.560.fits,zCOSMOS_BRIGHT_DR3_000833005_ZCMRa46_M1_Q3_15_1.fits,833005,149.86348,2.370694,3.770175613856009,2009ApJS..184..218L,,
024727.53-001041.5_694124_0.0003,694124,0.3449999988079071,0.0003,5424.0,8.80393,8.80393,0.0012430233182385564,2.5661789550213143e-05,0.00353659363463521,7.238432590384036e-05,0.003896486945450306,6.605006637983024e-05,0.005564977414906025,7.791908865328878e-05,0.0057507953606545925,0.0001179086320917122,0.006260999012738466,0.0006964842323213816,0.006505146156996489,0.0008303636568598449,0.004072412848472595,3.947771620005369e-05,0.0036888974718749523,3.558319076546468e-05,694124,150.15940374074387,2.351211503625298,9564,0.07619864749396982,ADP.2015-10-15T12_53_38.893.fits,zCOSMOS_BRIGHT_DR3_000831419_ZCMRa57_M2_Q1_7_1.fits,831419,150.159409,2.351191,2.86821886479598,2009ApJS..184..218L,,
075947.73+112507.3_269177_0.3,269177,0.3409000039100647,0.3,87.0,9.02358,9.02358,0.008620047010481358,0.0005237578297965229,0.03554442897439003,0.0005480485851876438,0.025818219408392906,0.0003519099554978311,0.05736246332526207,0.0016088912962004542,0.11509089916944504,0.013730046339333057,0.13599936664104462,0.020569102838635445,0.2437475323677063,0.024128668010234833,0.23559054732322693,0.0066834017634391785,0.2842142581939697,0.008391233161091805,269177,150.37590074139865,1.6928411794908915,8142,0.07625148002877916,ADP.2015-10-15T12_52_23.563.fits,zCOSMOS_BRIGHT_DR3_000804468_ZCMRa61_M1_Q1_7_1.fits,804468,150.375885,1.692827,1.535281979150201,2009ApJS..184..218L,,
083137.40+414853.2_305096_0.03,305096,0.5490000247955322,0.03,28.0,9.73265,9.73265,0.0016288895858451724,6.963201303733513e-05,0.005189368035644293,8.31167126307264e-05,0.005713989958167076,7.8821241913829e-05,0.009599845856428146,0.00014204088074620813,,,0.027858663350343704,0.0022904090583324432,0.03779388964176178,0.002599952043965459,0.06318356096744537,0.0011014037299901247,0.08197079598903656,0.0016686696326360106,305096,149.59559900746342,1.7502437866999663,748,0.07634244037947666,ADP.2015-10-15T12_45_29.920.fits,zCOSMOS_BRIGHT_DR3_000807953_ZCMRa22_M2_Q4_20_1.fits,807953,149.595581,1.750255,2.468883852357984,2009ApJS..184..218L,,
074516.29+340457.4_541235_0.03,541235,0.7868000268936157,0.03,2.0,10.7492,10.7492,0.00042897890671156347,5.1749411795753986e-05,0.003890381660312414,6.82203535689041e-05,0.008043574169278145,7.87213139119558e-05,0.015951063483953476,0.00013137373025529087,,,0.03924883157014847,0.002634585602208972,,,0.06406273692846298,0.00045566889457404613,0.05291922390460968,0.0006870417855679989,541235,149.8823644968661,2.1225284785542358,883,0.07635195342493328,ADP.2015-10-15T12_45_34.563.fits,zCOSMOS_BRIGHT_DR3_000819510_ZCMRa25_M1_Q1_9_1.fits,819510,149.882385,2.122523,4.13316023779957,2009ApJS..184..218L,,
074801.75+291028.9_698976_0.3,698976,0.3402000069618225,0.3,1.0,9.42811,9.42811,0.0042318133637309074,0.0005551263457164168,0.03228968381881714,0.0005757070030085742,0.02625834010541439,0.0004962871316820383,0.05184638500213623,0.0014588611666113138,,,0.11803305894136429,0.026161620393395424,0.10657962411642075,0.02216303162276745,0.10044418275356293,0.003619289956986904,0.1258566975593567,0.006318888161331415,698976,150.28585968242723,2.358215150817169,18250,0.07643336542853256,ADP.2015-10-15T13_00_41.597.fits,zCOSMOS_BRIGHT_DR3_000830802_ZCMRa66_M1_Q2_16_1.fits,830802,150.285843,2.358202,5.346349100703788,2009ApJS..184..218L,,
024259.00-001038.3_778198_0.0001,778198,0.7343000173568726,0.0001,4.0,10.5845,10.5845,3.2893771276576445e-05,2.222239345428534e-05,0.0009833353105932474,4.153230111114681e-05,0.0032320446334779263,5.692007835023105e-05,0.006402632687240839,6.807638419559225e-05,,,0.01721579022705555,0.0007221075939014554,,,0.023233896121382713,0.00016282622527796775,0.014478573575615883,0.0001462513318983838,778198,149.95168591610374,2.479694240493436,18519,0.0765077389150206,ADP.2015-10-15T13_00_58.397.fits,zCOSMOS_BRIGHT_DR3_000839773_ZCMRa47_M2_Q3_14_2.fits,839773,149.951675,2.479676,2.447905339247651,2009ApJS..184..218L,,
034605.50-053158.9_701191_1,701191,0.2833000123500824,1.0,967.0,9.45105,9.45105,0.16899745166301727,0.0039045175071805716,0.19755199551582336,0.003533140989020467,0.18462765216827393,0.00340464198961854,0.3209182620048523,0.007701453287154436,0.3791755735874176,0.050265122205019,0.5313963890075684,0.0649273470044136,0.6914400458335876,0.08351042121648788,0.985180139541626,0.025226186960935593,1.26148521900177,0.03481639176607132,701191,150.26536424825827,2.3606247970822682,652,0.07655535688636217,ADP.2015-10-15T12_45_26.633.fits,zCOSMOS_BRIGHT_DR3_000830913_ZCMRa77_M1_Q4_5_1.fits,830913,150.26535,2.360609,4.907071007586226,2009ApJS..184..218L,,
100123.19+545801.7_941538_0.1,941538,0.6061000227928162,0.1,7.0,10.1899,10.1899,0.010479011572897434,0.0002951483184006065,0.014621539041399956,0.06913326680660248,0.015086999163031578,0.027568094432353973,0.017907671630382538,0.057382725179195404,0.03800416737794876,0.006643842440098524,0.04341191053390503,0.008210795931518078,0.05719878524541855,0.008476350456476212,0.21587717533111572,0.004873491823673248,0.1474021077156067,0.003323049284517765,941538,149.73224462714603,2.7302017028553864,3948,0.07658559167626049,ADP.2015-10-15T12_48_27.093.fits,zCOSMOS_BRIGHT_DR3_000847802_ZCMRa39_M1_Q3_3_1.fits,847802,149.732224,2.730207,2.628955041283311,2009ApJS..184..218L,,
085706.35+190853.5_680562_0.03,680562,0.3393000066280365,0.03,3.0,9.84778,9.84778,0.017363619059324265,0.00033515490940771997,0.02326652780175209,0.0002452311455272138,0.029651299118995667,0.0003488538786768913,0.04410339891910553,0.0006361936684697866,0.051114510744810104,0.0015909293433651328,0.08836957812309265,0.0026856032200157642,0.16328242421150208,0.003360169008374214,0.2877829372882843,0.006496940273791552,0.4497595429420471,0.008416478522121906,680562,150.3984376674056,2.3309925469250103,15157,0.07693180348736214,ADP.2015-10-15T12_57_58.340.fits,zCOSMOS_BRIGHT_DR3_000830227_ZCMRa77_M2_Q1_18_1.fits,830227,150.398422,2.330978,5.411006191208287,2009ApJS..184..218L,,
034621.27-000141.5_545827_0.1,545827,0.6901999711990356,0.1,1.0,9.89936,9.89936,0.0045449864119291306,0.0003355318622197956,0.010055586695671082,0.001357564120553434,0.013349216431379318,0.000541204703040421,0.01846507377922535,0.0022744417656213045,0.05589417740702629,0.0043388777412474155,0.06328608095645905,0.006724230013787746,0.07088276743888855,0.008668164722621441,0.07442605495452881,0.0016631509643048048,0.06979306787252426,0.0022587471175938845,545827,150.00859627222454,2.130120042756693,2737,0.07696977341294338,ADP.2015-10-15T12_47_34.497.fits,zCOSMOS_BRIGHT_DR3_000825335_ZCMRa35_M2_Q1_8_1.fits,825335,150.008606,2.130101,4.301435477327446,2009ApJS..184..218L,,
032948.44+010333.6_677421_0.03,677421,0.7339000105857849,0.03,4.0,9.45363,9.45363,0.009578597731888294,0.00018159077444579452,0.012716276571154594,0.00018390985496807843,0.015397777780890465,0.00018459335842635483,0.01681501790881157,0.00028734043007716537,0.019621077924966812,0.001993080833926797,,,0.020912429317831993,0.0036819553934037685,0.019735518842935562,0.0004371410177554935,0.030404023826122284,0.0008334778831340373,677421,149.93877014770686,2.3275598826260313,3307,0.07721420707673811,ADP.2015-10-15T12_47_59.707.fits,zCOSMOS_BRIGHT_DR3_000832625_ZCMRa47_M2_Q4_9_1.fits,832625,149.938782,2.327542,2.096533066883111,2009ApJS..184..218L,,
075117.24+391421.7_284729_0.01,284729,0.8274999856948853,0.01,16.0,10.8481,10.8481,0.00194157799705863,4.077222911291756e-05,0.003803710453212261,6.124292121967301e-05,0.008119024336338043,7.928744162200019e-05,0.01595992036163807,9.015073737828061e-05,0.024864807724952698,0.0005629024817608297,0.04001174494624138,0.000985093880444765,0.05012231692671776,0.0010942964581772685,0.05848760902881622,0.00037760959821753204,0.04380771517753601,0.00037398311542347074,284729,150.40504703604253,1.7164393341794766,15851,0.07730352209283503,ADP.2015-10-15T12_58_49.167.fits,zCOSMOS_BRIGHT_DR3_000804342_ZCMRa81_M2_Q4_1_1.fits,804342,150.405029,1.716451,4.533799809202856,2009ApJS..184..218L,,
082231.53+231152.0_681937_0.3,681937,0.6567000150680542,0.3,30.0,9.51062,9.51062,0.056715209037065506,0.0011416677152737975,0.11607475578784943,0.0013728732010349631,0.10284923762083054,0.0011950806947425008,0.12081226706504822,0.003030611202120781,0.04760022088885307,0.015096306800842285,,,0.12621966004371643,0.024080192670226097,0.5162128806114197,0.011397898197174072,0.8370653390884399,0.017803456634283066,681937,150.523790636934,2.3332222839150427,13968,0.07733219480402714,ADP.2015-10-15T12_56_54.793.fits,zCOSMOS_BRIGHT_DR3_000829557_ZCMRa97_M1_Q4_13_2.fits,829557,150.523773,2.33321,2.802199163480148,2009ApJS..184..218L,,
154511.29+223856.0_899764_0.1,899764,0.22050000727176666,0.1,6.0,8.85421,8.85421,0.01710120402276516,0.00038161943666636944,0.03633861243724823,0.0005079327966086566,0.03118342161178589,0.0003500732418615371,0.03729991242289543,0.0005925503792241216,,,,,0.0564015656709671,0.008641391061246395,0.07680937647819519,0.0016191399190574884,0.10971302539110184,0.0025559645146131516,899764,149.84046854324268,2.6653769292731746,8315,0.07761238239697826,ADP.2015-10-15T12_52_31.560.fits,zCOSMOS_BRIGHT_DR3_000847333_ZCMRa40_M1_Q4_9_2.fits,847333,149.840454,2.665361,3.393110212395723,2009ApJS..184..218L,,
090939.38+423259.8_774878_0.0003,774878,0.3476000130176544,0.0003,13.0,9.56404,9.56404,0.00014834434841759503,1.809189052437432e-05,0.003910010680556297,7.512016600230709e-05,0.006153375841677189,7.447192183462903e-05,0.009127276949584484,6.865196337457746e-05,0.013680955395102501,0.00016684825823176652,,,,,0.01051652804017067,9.660880459705368e-05,0.008703682571649551,0.00010104082321049646,774878,149.96688530593946,2.4747994172374583,178,0.07770852381146445,ADP.2015-10-15T12_44_51.190.fits,zCOSMOS_BRIGHT_DR3_000839696_ZCMRa57_M1_Q3_19_1.fits,839696,149.966888,2.474778,3.14009507678215,2009ApJS..184..218L,,
021833.19+002525.8_668295_0.1,668295,0.8373000025749207,0.1,3.0,10.4106,10.4106,0.0014079202665016055,0.00013309622590895742,0.006694545969367027,0.000118559917609673,0.009085123427212238,0.00010903931251959875,0.01671932078897953,0.0003414442471694201,0.038717929273843765,0.005832693073898554,,,0.06627851724624634,0.008397124707698822,0.06691884994506836,0.0011823007371276617,0.0643964633345604,0.0021031827200204134,668295,149.59489735223042,2.3135984853170712,13445,0.07789388465484223,ADP.2015-10-15T12_56_26.577.fits,zCOSMOS_BRIGHT_DR3_000834412_ZCMRa27_M1_Q4_16_1.fits,834412,149.594879,2.313587,1.753219760152638,2009ApJS..184..218L,,
073326.29+363115.8_318995_0.03,318995,0.7409999966621399,0.03,13.0,10.85,10.85,0.002748931758105755,7.075757457641885e-05,0.005184191279113293,7.66311859479174e-05,0.010179451666772366,9.665758989285678e-05,0.016557354480028152,0.0001418736792402342,,,0.045357078313827515,0.0023096997756510973,,,0.058049388229846954,0.0005364769604057074,0.0454329214990139,0.0006540066096931696,318995,150.2254228001229,1.7718611512036515,4059,0.07804375328942512,ADP.2015-10-15T12_48_35.800.fits,zCOSMOS_BRIGHT_DR3_000805101_ZCMRa71_M2_Q3_22_1.fits,805101,150.225403,1.77187,2.807738265043465,2009ApJS..184..218L,,
073941.87+390158.8_316613_0.3,316613,0.37619999051094055,0.3,37.0,9.05047,9.05047,0.018518924713134766,0.0005794950411655009,0.02960197441279888,0.0005048215389251709,0.02766682393848896,0.0003933026164304465,0.04805018752813339,0.0013906187377870083,,,0.08590356260538101,0.019856825470924377,0.11186948418617249,0.024239763617515564,0.3865707218647003,0.00926507730036974,0.5995736122131348,0.014442245475947857,316613,149.48194285472758,1.7678341899154646,13176,0.0781101308851935,ADP.2015-10-15T12_56_12.763.fits,zCOSMOS_BRIGHT_DR3_000808463_ZCMRa12_M2_Q4_13_1.fits,808463,149.481934,1.767854,2.480075575489688,2009ApJS..184..218L,,
084309.86+294404.6_516313_1,516313,0.3889000117778778,1.0,1.0,10.5001,10.5001,0.01942739076912403,0.001846888568252325,0.10950625687837601,0.002349046291783452,0.07611718028783798,0.0016003254568204284,0.1720755249261856,0.004254460800439119,0.3122286796569824,0.041607413440942764,,,0.6409083604812622,0.06706701219081879,1.3843750953674316,0.03134144842624664,2.394545316696167,0.05578278377652168,516313,149.89619343131852,2.0821022357030676,12522,0.07817772033069315,ADP.2015-10-15T12_55_41.567.fits,zCOSMOS_BRIGHT_DR3_000819458_ZCMRa43_M1_Q3_2_1.fits,819458,149.896179,2.082086,13.99642550427138,2009ApJS..184..218L,,
034621.27-000141.5_668517_0.1,668517,0.6958000063896179,0.1,3.0,9.85212,9.85212,0.004266935400664806,0.0003358206304255873,0.008899209089577198,0.0013569964794442058,0.011326886713504791,0.000540038279723376,0.015819737687706947,0.0022744021844118834,0.05264488607645035,0.004337150137871504,0.05932841822504997,0.00672747241333127,0.06527698040008545,0.008668842725455761,0.06969531625509262,0.0016607443103566766,0.06624331325292587,0.0022553354501724243,668517,150.22389883857355,2.313610615222931,1742,0.07818527805495308,ADP.2015-10-15T12_46_24.797.fits,zCOSMOS_BRIGHT_DR3_000831113_ZCMRa76_M1_Q3_26_1.fits,831113,150.223892,2.31359,2.571617074928993,2009ApJS..184..218L,,
085341.18+405221.7_392696_0.0001,392696,0.571399986743927,0.0001,124.0,10.3736,10.3736,7.25335703464225e-05,1.9200797396479174e-05,0.0024336010683327913,5.9508776757866144e-05,0.005892996210604906,7.264824671437964e-05,0.010139643214643002,7.268270564964041e-05,,,,,0.030935902148485184,0.0007616482907906175,0.026054292917251587,0.00017373546143062413,0.01825088821351528,0.00013036842574365437,392696,150.1370873342567,1.8872871172650196,5537,0.07822968151207194,ADP.2015-10-15T12_50_14.313.fits,zCOSMOS_BRIGHT_DR3_000811929_ZCMRa53_M2_Q1_19_1.fits,811929,150.13707,1.887274,3.389914192024741,2009ApJS..184..218L,,
092757.65+392901.8_492641_0.1,492641,0.32429999113082886,0.1,23064.0,9.09268,9.09268,0.015507245436310768,0.0007692449726164341,0.022235557436943054,0.00033077155239880085,0.02092364802956581,0.000233856204431504,0.034717805683612823,0.0007530276197940111,0.04131384938955307,0.004536850843578577,0.05591301620006561,0.008346914313733578,0.07795163989067078,0.007797487545758486,0.10881541669368744,0.002690305467694998,0.14084498584270477,0.0035556561779230833,492641,150.68218055603106,2.04817700128308,17868,0.07829989631659207,ADP.2015-10-15T13_00_22.210.fits,zCOSMOS_BRIGHT_DR3_000815629_ZCMRa95_M2_Q1_27_1.fits,815629,150.682159,2.04818,2.79718345837719,2009ApJS..184..218L,,
082930.59+081238.0_682041_0.0003,682041,0.13830000162124634,0.0003,231.0,8.28492,8.28492,0.002206008182838559,3.7724475987488404e-05,0.00659885723143816,9.543189662508667e-05,0.007938120514154434,8.967199391918257e-05,0.008954291231930256,7.715640822425485e-05,0.009614316746592522,0.00020547323219943792,0.012079806998372078,0.0007739489083178341,0.010753310285508633,0.0010075694881379604,0.007230908144265413,0.00010830943210748956,0.007050031796097755,0.00015517709834966809,682041,149.5901046239516,2.333348701128291,3952,0.07834213899286635,ADP.2015-10-15T12_48_27.343.fits,zCOSMOS_BRIGHT_DR3_000834430_ZCMRa26_M2_Q3_24_1.fits,834430,149.590103,2.333327,2.892005464055797,2009ApJS..184..218L,,
091056.67+381128.8_448737_0.1,448737,0.8468000292778015,0.1,3.0,10.2519,10.2519,0.006928982213139534,0.00019861735927406698,0.016313869506120682,0.0002482363779563457,0.019815925508737564,0.00038365251384675503,0.025274217128753662,0.00044602336129173636,0.03565306216478348,0.0057295444421470165,,,,,0.08669407665729523,0.0016163958935067058,0.11062343418598175,0.002835188526660204,448737,149.60663518865644,1.977370555380524,15216,0.07838903284803037,ADP.2015-10-15T12_58_01.540.fits,zCOSMOS_BRIGHT_DR3_000820586_ZCMRa23_M1_Q3_26_1.fits,820586,149.606628,1.97735,3.852034685413926,2009ApJS..184..218L,,
150118.32+155623.0_896330_0.01,896330,0.32030001282691956,0.01,7.0,9.05138,9.05138,0.004313957411795855,6.682996172457933e-05,0.008266696706414223,9.81956982286647e-05,0.010017309337854385,8.803133823676035e-05,0.014765252359211445,0.00011062624980695546,0.014540163800120354,0.0005008253501728177,,,0.01776697300374508,0.0012813248904421926,0.016863303259015083,0.0002820275549311191,0.02019462361931801,0.0003998092142865062,896330,149.84247880167266,2.660165940223611,8961,0.07847313622804966,ADP.2015-10-15T12_53_10.803.fits,zCOSMOS_BRIGHT_DR3_000847326_ZCMRa40_M2_Q4_11_1.fits,847326,149.842468,2.660147,3.218535442221716,2009ApJS..184..218L,,
033248.49-001012.3_677324_1,677324,0.30730000138282776,1.0,15.0,9.80073,9.80073,0.016496842727065086,0.0021095348056405783,0.14049899578094482,0.0029269626829773188,0.09532557427883148,0.0017526651499792933,0.22135286033153534,0.005995498038828373,0.3943672478199005,0.03866269439458847,0.5283172130584717,0.05428050830960274,0.9173290729522705,0.09482036530971527,0.9763128757476807,0.025773314759135246,1.1220122575759888,0.030774319544434547,677324,149.99359420973727,2.326588578566794,19376,0.07853612506910058,ADP.2015-10-15T13_01_41.017.fits,zCOSMOS_BRIGHT_DR3_000832357_ZCMRa37_M2_Q1_12_2.fits,832357,149.993591,2.326567,5.662782278200892,2009ApJS..184..218L,,
033248.49-001012.3_332602_0.3,332602,0.30820000171661377,0.3,4.0,9.35,9.35,0.005722029600292444,0.000633802788797766,0.04512139782309532,0.0008824534015730023,0.03220602869987488,0.0005332469590939581,0.0708838701248169,0.001800099853426218,0.12161193788051605,0.011599225923418999,0.15967124700546265,0.016301201656460762,0.2763488292694092,0.02845604531466961,0.2952173352241516,0.007733022328466177,0.33772122859954834,0.009232941083610058,332602,150.45546577193932,1.7919851600866272,4821,0.07872565309211509,ADP.2015-10-15T12_49_20.663.fits,zCOSMOS_BRIGHT_DR3_000804118_ZCMRa82_M1_Q4_11_1.fits,804118,150.455444,1.791983,2.615249414578694,2009ApJS..184..218L,,
145251.84+024751.8_295587_0.1,295587,0.6635000109672546,0.1,10.0,9.70105,9.70105,0.00449006212875247,0.00017271246179006994,0.007236979901790619,0.00016149354632943869,0.008805729448795319,0.00012153601710451767,0.011063015088438988,0.00044413015712052584,0.04640946537256241,0.00594294024631381,,,,,0.03148042783141136,0.0010726859327405691,0.04101603478193283,0.002022922271862626,295587,150.6423893035987,1.7351958623463744,1654,0.07880790875396398,ADP.2015-10-15T12_46_22.380.fits,zCOSMOS_BRIGHT_DR3_000803518_ZCMRa82_M1_Q1_26_3.fits,803518,150.642395,1.735217,2.019343741525111,2009ApJS..184..218L,,
075216.55+500251.3_239574_0.003,239574,0.2662000060081482,0.003,7.0,8.78739,8.78739,0.0011798758059740067,4.314331090427004e-05,0.0035858675837516785,7.127042044885457e-05,0.004317684564739466,6.820631824666634e-05,0.005490370560437441,6.98383737471886e-05,0.005541837774217129,0.0003224991378374398,,,0.007024508435279131,0.0008436469943262637,0.004915041849017143,0.0001001939526759088,0.0053722430020570755,0.00012809890904463828,239574,150.2885015932729,1.6446146148881164,8225,0.0788806221490324,ADP.2015-10-15T12_52_25.977.fits,zCOSMOS_BRIGHT_DR3_000804783_ZCMRa61_M2_Q1_19_5.fits,804783,150.288498,1.644593,2.316105912534545,2009ApJS..184..218L,,
032219.43+005401.3_246709_1,246709,0.6309999823570251,1.0,16.0,9.99153,9.99153,0.022756414487957954,0.002299961633980274,0.06275657564401627,0.001459074323065579,0.04691712185740471,0.0010625473223626614,0.06912212818861008,0.0042359717190265656,,,,,0.5289427638053894,0.11087656021118164,0.45287054777145386,0.014581985771656036,0.7649893164634705,0.02671947330236435,246709,149.63349537601152,1.6565346117315267,2429,0.07888759580683086,ADP.2015-10-15T12_46_58.240.fits,zCOSMOS_BRIGHT_DR3_000807793_ZCMRa11_M2_Q1_17_1.fits,807793,149.633499,1.656513,3.689717314454273,2009ApJS..184..218L,,
155905.39+250047.2_673479_0.0003,673479,0.9379000067710876,0.0003,60.0,10.9886,10.9886,0.00027806428261101246,2.6854750103666447e-05,0.001505534746684134,4.996248026145622e-05,0.0035999794490635395,5.8207788242725655e-05,0.008815612643957138,7.181883120210841e-05,,,0.02724265865981579,0.0007179165841080248,0.04021923243999481,0.0008382389787584543,0.055155348032712936,0.00021245503739919513,0.04003928229212761,0.00017266061331611127,673479,149.97195382639845,2.3212699437851763,9246,0.07900009465236894,ADP.2015-10-15T12_53_20.447.fits,zCOSMOS_BRIGHT_DR3_000832465_ZCMRa57_M1_Q4_21_1.fits,832465,149.971954,2.321248,1.624412374774747,2009ApJS..184..218L,,
032948.44+010333.6_263890_0.003,263890,0.7512999773025513,0.003,3.0,9.00075,9.00075,0.002476564608514309,5.2940809837309644e-05,0.003951316233724356,6.936814315849915e-05,0.0046579609625041485,6.894550460856408e-05,0.007732344325631857,8.37557963677682e-05,0.0070073590613901615,0.0002507749595679343,,,0.00820104219019413,0.0008599321590736508,0.00802771095186472,0.0001350870297756046,0.007094846107065678,0.00013166556891519576,263890,149.833977768464,1.6843371302874048,4347,0.07904013014642089,ADP.2015-10-15T12_48_57.197.fits,zCOSMOS_BRIGHT_DR3_000806881_ZCMRa21_M1_Q1_10_2.fits,806881,149.833969,1.684317,3.802104680213609,2009ApJS..184..218L,,
085828.69+342343.8_384694_0.003,384694,0.25,0.003,6.0,9.58829,9.58829,0.0070946854539215565,6.72008391120471e-05,0.01606990024447441,0.0001384668576065451,0.01948811672627926,0.0001275072863791138,0.02470473386347294,0.00010472925350768492,0.02772224135696888,0.00020972089259885252,0.030473049730062485,0.000672001508064568,0.03817164525389671,0.0008472824119962752,0.040702372789382935,0.0003981030604336411,0.04742688685655594,0.0005430378951132298,384694,150.02559189270124,1.8734452343381112,2253,0.07909919435608634,ADP.2015-10-15T12_46_50.320.fits,zCOSMOS_BRIGHT_DR3_000812438_ZCMRa53_M1_Q4_26_1.fits,812438,150.025574,1.873458,5.781202659559511,2009ApJS..184..218L,,
032524.44-003311.6_704831_0.3,704831,0.7971000075340271,0.3,6939.0,9.82567,9.82567,0.0322427935898304,0.0010344303445890546,0.050303831696510315,0.0008546225726604462,0.054583147168159485,0.0013324057217687368,0.06458407640457153,0.0015426924219354987,0.10941309481859207,0.01677878387272358,,,0.12071716785430908,0.031199857592582703,0.32559940218925476,0.008350629359483719,0.5108309984207153,0.012547485530376434,704831,150.06229132019064,2.3665395481579496,10012,0.07930442317184602,ADP.2015-10-15T12_53_56.657.fits,zCOSMOS_BRIGHT_DR3_000831965_ZCMRa47_M2_Q1_2_1.fits,831965,150.062271,2.366531,2.308745694630764,2009ApJS..184..218L,,
091833.82+315621.1_265118_1,265118,0.4424999952316284,1.0,5.0,10.0502,10.0502,0.11428426951169968,0.00271987053565681,0.3635154366493225,0.004585114773362875,0.26705580949783325,0.0035190738271921873,0.5331101417541504,0.008548171259462833,0.6394004225730896,0.05167507380247116,1.001599907875061,0.07295109331607819,1.946786642074585,0.0898064598441124,3.543386936187744,0.08143977075815201,6.0461626052856445,0.12278153747320175,265118,149.85217477012486,1.6845473915885472,9926,0.07953571468820911,ADP.2015-10-15T12_53_53.867.fits,zCOSMOS_BRIGHT_DR3_000806806_ZCMRa41_M2_Q4_9_2.fits,806806,149.852158,1.684533,5.47984522303619,2009ApJS..184..218L,,
083754.59+391045.7_986942_1,986942,0.6248000264167786,1.0,1.0,10.7968,10.7968,0.004355818964540958,0.001430860604159534,0.03422457352280617,0.0012614750303328037,0.024945035576820374,0.0006983072380535305,0.0543808750808239,0.004460405092686415,,,,,0.35438522696495056,0.07482372224330902,0.2871975898742676,0.009588618762791157,0.2217007428407669,0.016627781093120575,986942,150.43189178047348,2.802628172187391,10272,0.08002423673733336,ADP.2015-10-15T12_54_06.897.fits,zCOSMOS_BRIGHT_DR3_000850140_ZCMRa80_M2_Q3_14_2.fits,850140,150.431885,2.802607,2.97403089568772,2009ApJS..184..218L,,
173050.72+315815.0_317582_0.1,317582,0.6834999918937683,0.1,45.0,9.90239,9.90239,0.002604070585221052,0.00014544981240760535,0.021594518795609474,0.00026801033527590334,0.017507202923297882,0.00015646955580450594,0.031264178454875946,0.0005059933755546808,0.030323907732963562,0.006107696797698736,,,0.05627639591693878,0.008453360758721828,0.08891646564006805,0.0019244450377300382,0.144648939371109,0.003219243371859193,317582,149.75229885198257,1.7703040222425903,19465,0.08018224966276598,ADP.2015-10-15T13_01_45.973.fits,zCOSMOS_BRIGHT_DR3_000807277_ZCMRa31_M1_Q3_28_2.fits,807277,149.752289,1.770324,3.352508276782286,2009ApJS..184..218L,,
152735.81+343236.4_573095_0.3,573095,0.8306000232696533,0.3,3.0,10.81,10.81,0.0007482271175831556,0.00035396413295529783,0.01663791388273239,0.00030984761542640626,0.014713354408740997,0.0002384366816841066,0.040583956986665726,0.0010932141449302435,,,0.11690033972263336,0.021252576261758804,0.1248818039894104,0.0217996034771204,0.36411067843437195,0.00826402846723795,0.5452428460121155,0.012936891987919807,573095,149.74960957199553,2.168825413121891,13620,0.08063124522601782,ADP.2015-10-15T12_56_37.097.fits,zCOSMOS_BRIGHT_DR3_000826615_ZCMRa16_M2_Q1_20_1.fits,826615,149.749603,2.168804,3.462649173836065,2009ApJS..184..218L,,
090008.87+354848.0_615300_0.03,615300,1.1485999822616577,0.03,61.0,10.3863,10.3863,0.002883409382775426,8.543812873540446e-05,0.006530092563480139,0.00010239551193080842,0.007527609821408987,7.897799514466897e-05,0.010750021785497665,0.00017746501544024795,,,0.023388046771287918,0.002176023554056883,,,0.03452201932668686,0.00041084588156081736,0.0374409556388855,0.0006775553338229656,615300,150.28976917410463,2.2338681164129484,9140,0.08082472496220298,ADP.2015-10-15T12_53_16.910.fits,zCOSMOS_BRIGHT_DR3_000823965_ZCMRa65_M1_Q2_16_2.fits,823965,150.289749,2.233878,1.386598067942358,2009ApJS..184..218L,,
135947.07+031733.2_892820_0.01,892820,0.7958999872207642,0.01,7.0,10.526,10.526,0.00017687460058368742,4.353527401690371e-05,0.001549344277009368,4.453954170458019e-05,0.0030470748897641897,5.674834028468467e-05,0.006184977944940329,9.379640687257051e-05,,,0.02250247448682785,0.0011749659897759557,,,0.03804105520248413,0.0002255295985378325,0.030426956713199615,0.00033504373277537525,892820,150.31632402909196,2.6548015610557028,13811,0.08082834707596999,ADP.2015-10-15T12_56_47.630.fits,zCOSMOS_BRIGHT_DR3_000844925_ZCMRa70_M1_Q4_10_1.fits,844925,150.316315,2.654781,1.534285937380578,2009ApJS..184..218L,,
021859.86+002855.8_879164_0.1,879164,0.3458999991416931,0.1,73.0,10.5,10.5,0.01836216449737549,0.00036734252353198826,0.03063926286995411,0.0003697350330185145,0.03834736347198486,0.00029764679493382573,0.06317520886659622,0.0006780166877433658,0.0964190885424614,0.005052146967500448,0.15522289276123047,0.007915755733847618,0.22871926426887512,0.008172625675797462,0.2836596667766571,0.005095855798572302,0.3806973695755005,0.0073093147948384285,879164,150.51820041992252,2.63060072807692,4195,0.08087353384399493,ADP.2015-10-15T12_48_51.940.fits,zCOSMOS_BRIGHT_DR3_000843892_ZCMRa70_M1_Q1_18_1.fits,843892,150.518188,2.630582,9.141704027697138,2009ApJS..184..218L,,
025042.90-004138.8_446577_0.3,446577,0.44920000433921814,0.3,1.0,10.1779,10.1779,0.003294328460469842,0.0005962510476820171,0.018184112384915352,0.0003566307423170656,0.015878276899456978,0.00024694573949091136,0.03486708551645279,0.001157974125817418,0.10319168865680695,0.020764673128724098,,,,,0.1315721571445465,0.004076226614415646,0.15912413597106934,0.007353971246629953,446577,149.5156467533235,1.9739435051706156,1739,0.08096892253142646,ADP.2015-10-15T12_46_24.723.fits,zCOSMOS_BRIGHT_DR3_000821010_ZCMRa14_M1_Q4_17_1.fits,821010,149.515656,1.973923,5.787848535008421,2009ApJS..184..218L,,
034621.27-000141.5_672329_0.03,672329,0.6909999847412109,0.03,3.0,9.88862,9.88862,0.000993714202195406,0.00010436888987896964,0.0029294367413967848,0.0004095296317245811,0.004403318744152784,0.0001705705071799457,0.006794518791139126,0.0006851400248706341,0.020890679210424423,0.0013128152349963784,0.02787891961634159,0.0021338695660233498,0.03454611822962761,0.002724266843870282,0.0393659882247448,0.0005129178171046078,0.033114947378635406,0.0006896022241562605,672329,149.93355063129806,2.320232018273698,1498,0.08165168096663522,ADP.2015-10-15T12_46_08.797.fits,zCOSMOS_BRIGHT_DR3_000832649_ZCMRa47_M2_Q4_11_1.fits,832649,149.933563,2.320213,2.45123112085008,2009ApJS..184..218L,,
084415.53+185625.2_988031_0.03,988031,0.6930000185966492,0.03,1.0,9.50934,9.50934,0.011002318002283573,0.0001332640094915405,0.014631698839366436,0.00023637742560822517,0.017577486112713814,0.0001756027777446434,0.01870281994342804,0.00023698712175246328,,,0.023830104619264603,0.0023887609131634235,0.022973177954554558,0.0025448177475482225,0.02877047285437584,0.0005231881514191628,0.030243899673223495,0.0008917207596823573,988031,150.76313797736518,2.8040947839422135,13897,0.08202223234715608,ADP.2015-10-15T12_56_51.077.fits,zCOSMOS_BRIGHT_DR3_000849238_ZCMRa90_M2_Q2_14_1.fits,849238,150.763138,2.804072,2.947548588973674,2009ApJS..184..218L,,
085755.39+263337.5_342153_0.0003,342153,0.5288000106811523,0.0003,210.0,10.0791,10.0791,0.0002587466442491859,3.206011388101615e-05,0.0023465813137590885,5.8626741520129144e-05,0.0041628251783549786,6.432196823880076e-05,0.007208297494798899,8.056437945924699e-05,0.012038253247737885,0.00012830291234422475,,,0.024976983666419983,0.000681852048728615,0.022778285667300224,0.00013608948211185634,0.019230909645557404,0.00015460433496627957,342153,149.86858333571885,1.808150620638823,1606,0.08218818288844805,ADP.2015-10-15T12_46_18.380.fits,zCOSMOS_BRIGHT_DR3_000813109_ZCMRa22_M2_Q1_6_1.fits,813109,149.868576,1.808129,2.292917723265379,2009ApJS..184..218L,,
084723.55+202417.8_944383_0.3,944383,0.33180001378059387,0.3,23.0,10.6854,10.6854,0.030229205265641212,0.0007486268295906484,0.06663713604211807,0.000802566297352314,0.08226807415485382,0.0006034044781699777,0.1253313571214676,0.001924980664625764,0.18724492192268372,0.014432595111429691,,,0.3087218999862671,0.022349759936332703,0.2559802532196045,0.005236667115241289,0.29469308257102966,0.008371585980057716,944383,150.7464330081813,2.7331794396676368,7321,0.08248617261187173,ADP.2015-10-15T12_51_38.180.fits,zCOSMOS_BRIGHT_DR3_000842766_ZCMRa99_M2_Q2_2_1.fits,842766,150.746429,2.733202,13.5828645355232,2009ApJS..184..218L,,
135128.15-001016.9_555590_0.001,555590,0.5174000263214111,0.001,1654.0,9.39514,9.39514,0.0015013583470135927,3.1097453756956384e-05,0.004501165356487036,8.017792424652725e-05,0.0058189453557133675,7.981902308529243e-05,0.0074082305654883385,7.853711576899514e-05,,,0.009451564401388168,0.0006474369438365102,0.010883494280278683,0.000755072629544884,0.008579649962484837,0.00010462487989570946,0.006952383555471897,0.00017185450997203588,555590,149.77045295510155,2.144549153733842,9161,0.08258069643365352,ADP.2015-10-15T12_53_17.613.fits,zCOSMOS_BRIGHT_DR3_000826533_ZCMRa25_M2_Q1_2_6.fits,826533,149.770447,2.144527,2.942968805817058,2009ApJS..184..218L,,
101941.31+644116.4_245425_0.001,245425,0.2387000024318695,0.001,205.0,9.23871,9.23871,0.0017776433378458023,4.4813543354393914e-05,0.007016163319349289,9.830528142629191e-05,0.008912346325814724,9.227807458955795e-05,0.011577779427170753,6.651606963714585e-05,,,,,0.016654109582304955,0.000772039289586246,0.009062178432941437,9.046163177117705e-05,0.007357649505138397,0.0001313059328822419,245425,150.40579259486213,1.6541359429475817,16133,0.0826223458375476,ADP.2015-10-15T12_59_01.513.fits,zCOSMOS_BRIGHT_DR3_000804337_ZCMRa81_M2_Q4_13_1.fits,804337,150.405792,1.654113,5.887569312918928,2009ApJS..184..218L,,
024538.30-004705.3_694188_0.003,694188,0.4794999957084656,0.003,387.0,10.7694,10.7694,0.00033583142794668674,2.6721967515186407e-05,0.010283545590937138,0.00011247744259890169,0.020093750208616257,0.0001289704377995804,0.033367354422807693,8.191982487915084e-05,0.05201258882880211,0.00020664214389398694,,,,,0.07255780696868896,0.00030574167612940073,0.05774279683828354,0.0003292873443569988,694188,149.46740665315968,2.3492687570168806,4092,0.08285210244231617,ADP.2015-10-15T12_48_36.897.fits,zCOSMOS_BRIGHT_DR3_000834969_ZCMRa17_M1_Q4_5_1.fits,834969,149.467392,2.349251,9.91861284846841,2009ApJS..184..218L,,
083148.87+042939.0_849421_0.3,849421,0.17759999632835388,0.3,1.0,9.00904,9.00904,0.35923057794570923,0.007292470894753933,1.0869338512420654,0.02001311630010605,0.8328673243522644,0.011401224881410599,1.3569927215576172,0.022402266040444374,2.8991081714630127,0.07519109547138214,3.969700574874878,0.08824794739484787,5.6138997077941895,0.12497294694185257,4.293527126312256,0.09569509327411652,6.051581382751465,0.11798422038555145,849421,150.74717638821386,2.5867128490899125,15880,0.08337231270049712,ADP.2015-10-15T12_58_49.730.fits,zCOSMOS_BRIGHT_DR3_000835493_ZCMRa99_M2_Q1_3_2.fits,835493,150.747177,2.586736,8.020142729738337,2009ApJS..184..218L,,
075217.84+193542.2_886362_0.003,886362,0.12399999797344208,0.003,4.0,8.18094,8.18094,0.006309016607701778,7.216731319203973e-05,0.015537545084953308,0.00017123999714385718,0.011965317651629448,0.00010978757927659899,0.01408963929861784,0.0001537784410174936,0.013996658846735954,0.00030376086942851543,0.016769355162978172,0.0008479941170662642,0.0205858051776886,0.0009230262949131429,0.036514490842819214,0.0008053712663240731,0.059191808104515076,0.0011039954842999578,886362,150.37894709417426,2.645222887980737,6934,0.0835000632915304,ADP.2015-10-15T12_51_24.810.fits,zCOSMOS_BRIGHT_DR3_000844602_ZCMRa89_M2_Q3_24_1.fits,844602,150.378937,2.645202,2.518106306135584,2009ApJS..184..218L,,
074642.53+265949.8_283433_0.0001,283433,0.6711000204086304,0.0001,345.0,10.4349,10.4349,2.8915157599840313e-05,3.001884397235699e-05,0.0014591560466215014,4.6433960960712284e-05,0.004229084122925997,6.614725134568289e-05,0.007780150044709444,8.279612666228786e-05,,,0.018724776804447174,0.0006085624336265028,,,0.02213788591325283,0.00019885579240508378,0.014473281800746918,0.00018303994147572666,283433,149.6355493687817,1.715238432938965,570,0.083506827634704,ADP.2015-10-15T12_45_23.840.fits,zCOSMOS_BRIGHT_DR3_000807787_ZCMRa11_M2_Q1_1_1.fits,807787,149.635544,1.715261,3.333548901477947,2009ApJS..184..218L,,
145431.01+335346.0_461774_0.1,461774,0.6674000024795532,0.1,1.0,10.5674,10.5674,0.009655631147325039,0.00019355272524990141,0.013901352882385254,0.0002128132473444566,0.01771489903330803,0.0002624083135742694,0.020762354135513306,0.00040010723751038313,0.03662848100066185,0.005800912156701088,0.06135278567671776,0.007473382633179426,0.1039218008518219,0.008623387664556503,0.13702243566513062,0.0017501151887699962,0.13867753744125366,0.0025126312393695116,461774,150.08218418969346,1.9976705838610263,17028,0.08362844115415802,ADP.2015-10-15T12_59_40.447.fits,zCOSMOS_BRIGHT_DR3_000818703_ZCMRa54_M2_Q4_9_2.fits,818703,150.082169,1.997653,1.957401053250421,2009ApJS..184..218L,,
103544.63+651641.0_298494_0.0001,298494,0.4156000018119812,0.0001,147.0,9.88023,9.88023,0.0049224598333239555,3.573408321244642e-05,0.018353715538978577,0.0001566289720358327,0.02247212827205658,0.00013647013111039996,0.03245895355939865,7.722905866103247e-05,0.0370464026927948,0.00018209357222076505,0.048442259430885315,0.0007529035210609436,,,0.03553374484181404,0.000135297974338755,0.03577699139714241,0.00018051546066999435,298494,150.3697840985232,1.7395729710076293,14014,0.08365074588764927,ADP.2015-10-15T12_57_01.350.fits,zCOSMOS_BRIGHT_DR3_000804487_ZCMRa62_M2_Q1_22_1.fits,804487,150.369781,1.739596,8.172684487541545,2009ApJS..184..218L,,
025515.31-082236.0_707917_0.3,707917,0.8400999903678894,0.3,376.0,10.1583,10.1583,0.016439268365502357,0.0007978510111570358,0.013738046400249004,0.0005240993341431022,0.01746062934398651,0.00042792598833329976,0.024113763123750687,0.0018597599118947983,0.05459396913647652,0.016759363934397697,,,0.11960408091545105,0.02597101218998432,0.13082003593444824,0.004185413476079702,0.14139994978904724,0.007028941530734301,707917,150.28780792650696,2.3716279634143427,10567,0.08369794149907092,ADP.2015-10-15T12_54_18.580.fits,zCOSMOS_BRIGHT_DR3_000830795_ZCMRa77_M2_Q4_1_1.fits,830795,150.287796,2.371608,1.900116345203394,2009ApJS..184..218L,,
011601.41+322234.8_325694_0.1,325694,0.663100004196167,0.1,17.0,9.59152,9.59152,0.0018103939946740866,0.00014869611186441034,0.005595363210886717,0.0001270036300411448,0.006726140156388283,9.72015768638812e-05,0.00866952259093523,0.00029741795151494443,,,0.042887132614851,0.007673037238419056,,,0.03346140310168266,0.0011995744425803423,0.04355321824550629,0.002104925224557519,325694,149.63769767132476,1.7836019012145066,7266,0.08370932496299843,ADP.2015-10-15T12_51_34.590.fits,zCOSMOS_BRIGHT_DR3_000807774_ZCMRa12_M2_Q1_7_4.fits,807774,149.637695,1.783625,2.672946651440403,2009ApJS..184..218L,,
083406.94+350602.9_674781_0.1,674781,0.4726000130176544,0.1,3.0,10.4761,10.4761,0.00037901022005826235,0.0001099833898479119,0.013452993705868721,0.00016407824296038598,0.0173971988260746,0.00014166954497341067,0.03223394602537155,0.00035666077747009695,0.07319783419370651,0.004502134397625923,0.10377977788448334,0.0062319012358784676,0.1542726755142212,0.007615250069648027,0.15482982993125916,0.0030858765821903944,0.2601873278617859,0.005363506730645895,674781,149.99343944248668,2.322315268121913,10044,0.08378035912726489,ADP.2015-10-15T12_53_57.880.fits,zCOSMOS_BRIGHT_DR3_000832359_ZCMRa37_M2_Q1_13_1.fits,832359,149.993439,2.322292,5.923077666111767,2009ApJS..184..218L,,
075114.93+353950.0_356191_0.3,356191,0.738099992275238,0.3,1.0,10.7975,10.7975,0.013748607598245144,0.0004813240375369787,0.023013073951005936,0.0003890866064466536,0.025892440229654312,0.00030128081561997533,0.03579415753483772,0.0009856241522356868,0.08110500127077103,0.017018219456076622,0.12029007077217102,0.01915907673537731,,,0.2743229269981384,0.005691408645361662,0.32700538635253906,0.008913187310099602,356191,149.64447821900382,1.829793743694169,9082,0.08378128513369557,ADP.2015-10-15T12_53_14.080.fits,zCOSMOS_BRIGHT_DR3_000814067_ZCMRa13_M1_Q1_35_1.fits,814067,149.644455,1.829792,4.239784938494554,2009ApJS..184..218L,,
074314.96+383829.7_486367_0.0001,486367,0.3483000099658966,0.0001,37.0,10.1542,10.1542,0.00038127481820993125,1.6777528799138963e-05,0.010181695222854614,0.00011698198068188503,0.016690345481038094,0.00011668242223095149,0.025251610204577446,7.391471444861963e-05,,,0.04975553974509239,0.0006218764465302229,0.06265569478273392,0.0007922258228063583,0.03304508328437805,0.00039868964813649654,0.026446808129549026,0.00016782229067757726,486367,149.87403473816354,2.037718185766981,580,0.0840486649444236,ADP.2015-10-15T12_45_24.033.fits,zCOSMOS_BRIGHT_DR3_000819561_ZCMRa24_M1_Q1_3_1.fits,819561,149.874023,2.037698,10.20806750348881,2009ApJS..184..218L,,
082120.80+225259.5_883741_0.1,883741,0.9440000057220459,0.1,1.0,9.50865,9.50865,0.012987052090466022,0.0002826994168572128,0.01493920013308525,0.00020022301760036498,0.01821139082312584,0.00021781276154797524,0.018091309815645218,0.00048494781367480755,,,0.027783764526247978,0.006064121145755053,0.024557439610362053,0.005999441258609295,0.032736655324697495,0.0010358239524066448,0.04848821088671684,0.0018567898077890277,883741,149.9119502936203,2.6405209593871515,10363,0.08449291536931941,ADP.2015-10-15T12_54_10.117.fits,zCOSMOS_BRIGHT_DR3_000846991_ZCMRa30_M2_Q1_11_1.fits,846991,149.911942,2.640499,1.909709278735163,2009ApJS..184..218L,,
075217.84+193542.2_662923_0.01,662923,0.10819999873638153,0.01,2.0,7.91681,7.91681,0.018356379121541977,0.00019604287808761,0.041349999606609344,0.0005060693365521729,0.02779213897883892,0.00026608945336192846,0.03237180784344673,0.0004462969955056906,0.03098847158253193,0.0008518131799064577,0.03589567542076111,0.0011800333159044385,0.05282336845993996,0.0016506024403497577,0.11378831416368484,0.002650221111252904,0.18972180783748627,0.003645756747573614,662923,149.85984656966195,2.304956242032421,17934,0.0847411018235423,ADP.2015-10-15T13_00_26.387.fits,zCOSMOS_BRIGHT_DR3_000833028_ZCMRa47_M1_Q4_17_1.fits,833028,149.859833,2.304937,3.774045203008667,2009ApJS..184..218L,,
032219.43+005401.3_314404_1,314404,0.6363000273704529,1.0,10.0,9.0971,9.0971,0.02361544966697693,0.0022997455671429634,0.06276518851518631,0.0014591033104807138,0.0457143671810627,0.0010619619861245155,0.06575153768062592,0.004235840402543545,,,,,0.5115319490432739,0.11087319999933243,0.4366995096206665,0.014580100774765015,0.7533954381942749,0.02671896293759346,314404,150.1010728713529,1.765458969377064,12101,0.08476424640391715,ADP.2015-10-15T12_55_26.460.fits,zCOSMOS_BRIGHT_DR3_000805732_ZCMRa62_M1_Q4_17_1.fits,805732,150.101059,1.765478,1.580383293701741,2009ApJS..184..218L,,
031044.43-081552.2_678254_0.03,678254,0.357699990272522,0.03,10.0,9.61148,9.61148,0.008620625361800194,9.177216270472854e-05,0.018488897010684013,0.00016332237282767892,0.020487869158387184,0.00015344005078077316,0.029827764257788658,0.00019998177594970912,0.031117549166083336,0.0015546121867373586,,,,,0.03705887123942375,0.0004460776981431991,0.0467945896089077,0.0008527308818884194,678254,149.9683942722148,2.32721309096704,740,0.08484917101319757,ADP.2015-10-15T12_45_29.643.fits,zCOSMOS_BRIGHT_DR3_000832480_ZCMRa46_M2_Q3_34_1.fits,832480,149.968399,2.32719,6.1661921183746,2009ApJS..184..218L,,
085557.58+352903.0_297135_0.01,297135,0.27250000834465027,0.01,12.0,9.02149,9.02149,0.0022966654505580664,4.4551477913046256e-05,0.006304064765572548,8.573321247240528e-05,0.007466326467692852,8.290186087833717e-05,0.010037647560238838,9.847844194155186e-05,0.011138297617435455,0.000646695087198168,,,0.017530590295791626,0.0010373038239777088,0.012604732997715473,0.00020320917246863246,0.014264155179262161,0.0002857793297152966,297135,150.59604961752103,1.736924713690335,1412,0.08530106330330989,ADP.2015-10-15T12_46_01.527.fits,zCOSMOS_BRIGHT_DR3_000803694_ZCMRa82_M2_Q1_21_1.fits,803694,150.596054,1.736948,3.734731778837318,2009ApJS..184..218L,,
022556.07+003026.7_689680_0.003,689680,0.49810001254081726,0.003,397.0,9.08174,9.08174,0.0020880710799247026,3.123106580460444e-05,0.004536506254225969,8.342869114130735e-05,0.005456757731735706,7.518305210396647e-05,0.006917920894920826,8.518061804352328e-05,,,0.009339189156889915,0.0007839318714104593,0.010179106146097183,0.0009285937994718552,0.006898826453834772,9.361569391330704e-05,0.006155205890536308,0.00012767357111442834,689680,150.26730858745384,2.3448570827071733,11043,0.08549365246971695,ADP.2015-10-15T12_54_32.000.fits,zCOSMOS_BRIGHT_DR3_000830899_ZCMRa66_M2_Q2_21_1.fits,830899,150.267303,2.344834,2.278365162837845,2009ApJS..184..218L,,
074957.44+312006.1_698920_0.3,698920,0.22110000252723694,0.3,85.0,10.15,10.15,0.04597463086247444,0.0011174662504345179,0.09734004735946655,0.001386877615004778,0.08162243664264679,0.0009814496152102947,0.112481027841568,0.002037163358181715,0.14368310570716858,0.012103676795959473,0.1794346570968628,0.01953825354576111,0.22665870189666748,0.022519530728459358,0.17280539870262146,0.004201175644993782,0.24823319911956787,0.007403670810163021,698920,150.00300283608922,2.3554085953316113,8521,0.08549708736149815,ADP.2015-10-15T12_52_50.473.fits,zCOSMOS_BRIGHT_DR3_000832310_ZCMRa36_M1_Q2_13_1.fits,832310,150.002991,2.355388,11.24981228533675,2009ApJS..184..218L,,
152327.85+065009.8_664769_0.3,664769,0.37209999561309814,0.3,32.0,10.3078,10.3078,0.04933541640639305,0.0013082379009574652,0.06922809779644012,0.0006818316178396344,0.0840650126338005,0.0006721366662532091,0.11897336691617966,0.001680363086052239,,,,,0.2088131308555603,0.025783900171518326,0.28155964612960815,0.005728332791477442,0.38305914402008057,0.008833618834614754,664769,149.67757161959432,2.30752881561598,11073,0.08550187261116396,ADP.2015-10-15T12_54_33.027.fits,zCOSMOS_BRIGHT_DR3_000833980_ZCMRa16_M1_Q2_19_1.fits,833980,149.677551,2.307517,10.95484241461324,2009ApJS..184..218L,,
093200.07+553347.4_260473_0.0003,260473,0.274399995803833,0.0003,3331.0,8.93343,8.93343,0.0007735180552117527,4.384631756693125e-05,0.0031170162837952375,6.89172011334449e-05,0.004134527873247862,6.886999472044408e-05,0.005511156748980284,7.562495011370629e-05,0.006754229310899973,0.00016401724133174866,0.007418609224259853,0.0008411850431002676,0.009251712821424007,0.0008078993414528668,0.0055236369371414185,6.707169086439535e-05,0.004384073428809643,0.00011704103962983936,260473,150.4201364082221,1.6789698414180219,15244,0.08597856722460072,ADP.2015-10-15T12_58_02.503.fits,zCOSMOS_BRIGHT_DR3_000804275_ZCMRa81_M2_Q4_7_2.fits,804275,150.420135,1.678946,2.118026473654255,2009ApJS..184..218L,,
144819.52+093955.8_505374_0.3,505374,0.28450000286102295,0.3,1.0,9.39625,9.39625,0.032185107469558716,0.0007086468394845724,0.04892927035689354,0.0006459285505115986,0.05402553454041481,0.0005890639731660485,0.07615980505943298,0.0013107158010825515,0.09252895414829254,0.019376439973711967,0.18005628883838654,0.02933124266564846,,,0.11649654805660248,0.0034549853298813105,0.12913444638252258,0.005800419487059116,505374,149.46338747540756,2.0669622906357223,13016,0.08614131056246628,ADP.2015-10-15T12_56_03.610.fits,zCOSMOS_BRIGHT_DR3_000821227_ZCMRa15_M2_Q4_26_1.fits,821227,149.463364,2.066967,2.391664116801612,2009ApJS..184..218L,,
022534.20-083349.0_491048_0.1,491048,0.7282999753952026,0.1,152.0,10.3999,10.3999,0.001377458916977048,0.0001856899616541341,0.005024132784456015,0.00017343922809232026,0.007687230594456196,0.00016856683942023665,0.01384296827018261,0.0005565499304793775,0.030140452086925507,0.005597796756774187,,,,,0.05092635750770569,0.001129443058744073,0.052553556859493256,0.0020478053484112024,491048,150.20631398169368,2.044806811535721,10551,0.08655280992881162,ADP.2015-10-15T12_54_17.973.fits,zCOSMOS_BRIGHT_DR3_000818041_ZCMRa64_M1_Q4_1_1.fits,818041,150.206299,2.044788,3.914914159549846,2009ApJS..184..218L,,
074242.18+374402.0_901333_0.0001,901333,0.8154000043869019,0.0001,1136.0,9.9685,9.9685,0.0008561263675801456,5.8149333199253306e-05,0.002103745238855481,5.559651617659256e-05,0.004297860898077488,6.956940342206508e-05,0.006668128538876772,8.85447152541019e-05,0.00946792308241129,0.00018485513282939792,,,0.014438933692872524,0.001041620154865086,0.015677088871598244,0.00014357108739204705,0.011323201470077038,8.139407873386517e-05,901333,150.63840174268282,2.667747756236178,11275,0.08720646643920249,ADP.2015-10-15T12_54_41.660.fits,zCOSMOS_BRIGHT_DR3_000843282_ZCMRa89_M1_Q2_21_1.fits,843282,150.638397,2.667724,2.336939807054836,2009ApJS..184..218L,,
030000.57+004828.0_670548_0.03,670548,0.8977000117301941,0.03,2.0,10.2344,10.2344,0.004531483165919781,8.291602716781199e-05,0.03697965294122696,0.000564217974897474,0.036379724740982056,0.00043864877079613507,0.05809807404875755,0.0007791439420543611,0.06416284292936325,0.00195996998809278,0.06549927592277527,0.003162510460242629,0.07212027907371521,0.0030896516982465982,0.11388131976127625,0.0018104545306414366,0.17481116950511932,0.0033096850384026766,670548,150.22871459306646,2.3160493068645076,6525,0.08753071238404277,ADP.2015-10-15T12_51_10.503.fits,zCOSMOS_BRIGHT_DR3_000831094_ZCMRa57_M2_Q1_22_1.fits,831094,150.228714,2.316025,5.159613013857703,2009ApJS..184..218L,,
020912.02+004719.0_270353_0.03,270353,0.788100004196167,0.03,2.0,10.8559,10.8559,0.0002555129467509687,5.9762060118373483e-05,0.0029032560996711254,6.134528666734695e-05,0.005358187016099691,7.340718002524227e-05,0.012041253969073296,0.00012380372209008783,,,0.03307921811938286,0.001998733263462782,,,0.053408991545438766,0.0005567864864133298,0.05652163177728653,0.001011839834973216,270353,149.66401033112854,1.6932581483125824,2193,0.08755544314501876,ADP.2015-10-15T12_46_48.117.fits,zCOSMOS_BRIGHT_DR3_000807664_ZCMRa21_M2_Q4_6_1.fits,807664,149.663986,1.693258,2.621073386253354,2009ApJS..184..218L,,
142642.71-012900.5_242198_0.1,242198,0.8736000061035156,0.1,9.0,9.59816,9.59816,0.012417851015925407,0.0002457219234202057,0.015518143773078918,0.00023620821593794972,0.018981898203492165,0.00023210312065202743,0.020143922418355942,0.00046092848060652614,0.025256115943193436,0.005774118006229401,0.03234542906284332,0.006325774360448122,,,0.03011060319840908,0.0010980020742863417,0.03752895072102547,0.0020643011666834354,242198,150.39401202064542,1.649272206326885,13943,0.08776294157866193,ADP.2015-10-15T12_56_52.843.fits,zCOSMOS_BRIGHT_DR3_000804381_ZCMRa81_M2_Q4_14_1.fits,804381,150.393997,1.649253,2.592895150648752,2009ApJS..184..218L,,
081546.08+550130.0_947967_0.3,947967,0.9376999735832214,0.3,7.0,10.1202,10.1202,0.0030755172483623028,0.00041456427425146103,0.023387575522065163,0.0005563528393395245,0.01784573681652546,0.000292798038572073,0.0437619686126709,0.0011978457914665341,0.06160695105791092,0.01677241362631321,0.07432747632265091,0.017146741971373558,,,0.14149953424930573,0.003992112353444099,0.2403826117515564,0.0072606392204761505,947967,150.39943878143526,2.7405084030342173,17839,0.08784287241166397,ADP.2015-10-15T13_00_20.453.fits,zCOSMOS_BRIGHT_DR3_000844505_ZCMRa80_M2_Q3_32_1.fits,844505,150.399445,2.740532,2.626251133950166,2009ApJS..184..218L,,
135219.41+023756.8_249183_1,249183,0.35760000348091125,1.0,91.0,9.31475,9.31475,0.09766693413257599,0.0021582033950835466,0.09777651727199554,0.0020930657628923655,0.11059936136007309,0.0018621443305164576,0.26987916231155396,0.006852732505649328,,,,,0.4269266128540039,0.09180636703968048,1.231658697128296,0.033146344125270844,2.4580986499786377,0.06177058443427086,249183,150.35630242199164,1.6606237950683829,12492,0.08798250691764974,ADP.2015-10-15T12_55_41.020.fits,zCOSMOS_BRIGHT_DR3_000804543_ZCMRa81_M1_Q4_14_2.fits,804543,150.356308,1.6606,2.381807728629982,2009ApJS..184..218L,,
073422.19+472918.8_249179_0.001,249179,0.3725000023841858,0.001,2338.0,10.4783,10.4783,0.0002808513818308711,1.877193062682636e-05,0.010570859536528587,0.00011515133519424126,0.01788165047764778,0.00011990935308858752,0.029482685029506683,7.484415982617065e-05,0.045668043196201324,0.0002803577808663249,0.06172690540552139,0.0008383841486647725,0.07786653190851212,0.0008841343224048615,0.043389804661273956,0.0002412619796814397,0.0369587279856205,0.00025486547383479774,249179,149.95554948174578,1.6592894935985751,7615,0.08834604895495662,ADP.2015-10-15T12_51_51.017.fits,zCOSMOS_BRIGHT_DR3_000806382_ZCMRa31_M2_Q1_16_1.fits,806382,149.955551,1.659265,8.51228595713401,2009ApJS..184..218L,,
133550.35-012439.3_312838_1,312838,0.5292999744415283,1.0,5.0,10.1,10.1,0.01694144867360592,0.0015821869019418955,0.06263070553541183,0.0017573789227753878,0.04645870625972748,0.0009709760779514909,0.08503853529691696,0.00431462749838829,,,0.29376131296157837,0.07916539907455444,0.5505123138427734,0.11715785413980484,1.2037843465805054,0.03157256171107292,1.3865841627120972,0.039250388741493225,312838,150.26254454972968,1.7610117551787725,15563,0.08855458582035078,ADP.2015-10-15T12_58_26.493.fits,zCOSMOS_BRIGHT_DR3_000804910_ZCMRa52_M1_Q1_19_1.fits,804910,150.262527,1.761029,6.353297789992856,2009ApJS..184..218L,,
154033.59+171903.1_792152_0.01,792152,0.6477000117301941,0.01,1.0,10.2956,10.2956,9.121101174969226e-05,2.560702159826178e-05,0.0024274366442114115,5.030402826378122e-05,0.004523082636296749,6.384060543496162e-05,0.008351902477443218,7.642087439307943e-05,0.01432438287883997,0.0007451956043951213,,,0.026187043637037277,0.0012029838981106877,0.031031351536512375,0.00029998208628967404,0.037278205156326294,0.0005631069652736187,792152,150.13892420456867,2.5007562485246715,18039,0.08858231892364526,ADP.2015-10-15T13_00_31.817.fits,zCOSMOS_BRIGHT_DR3_000838742_ZCMRa57_M1_Q2_7_1.fits,838742,150.138901,2.500748,1.719365933680767,2009ApJS..184..218L,,
083741.97+041358.7_914677_0.001,914677,0.446399986743927,0.001,159.0,9.06585,9.06585,0.0012892630184069276,3.5702130844583735e-05,0.003822504775598645,7.45787110645324e-05,0.0046093277633190155,7.085483957780525e-05,0.006059675011783838,7.5184041634202e-05,0.006562687922269106,0.00018346088472753763,0.007936827838420868,0.0007273624069057405,,,0.005230498965829611,9.230673458660021e-05,0.004369304049760103,0.00013149606820661575,914677,149.98352601667182,2.688950445764034,3295,0.0898347512630047,ADP.2015-10-15T12_47_59.387.fits,zCOSMOS_BRIGHT_DR3_000846652_ZCMRa50_M1_Q4_3_1.fits,846652,149.983521,2.688926,2.284739863773614,2009ApJS..184..218L,,
080202.78+101943.1_359225_0.3,359225,0.20559999346733093,0.3,3.0,9.85887,9.85887,0.02118021249771118,0.0004618261009454727,0.13144895434379578,0.001154797850176692,0.11151421070098877,0.0008850073791109025,0.165139839053154,0.0023269462399184704,0.2852228879928589,0.01741793006658554,0.4998413622379303,0.029222896322607994,0.8899418115615845,0.030310718342661858,2.042595863342285,0.04764541611075401,3.339137554168701,0.06702803075313568,359225,149.8736726830309,1.8330377851822135,11031,0.09005923174522378,ADP.2015-10-15T12_54_31.780.fits,zCOSMOS_BRIGHT_DR3_000813089_ZCMRa43_M2_Q4_19_1.fits,813089,149.873688,1.833018,11.61628356046391,2009ApJS..184..218L,,
034528.91-004429.4_886147_0.3,886147,0.7049999833106995,0.3,21.0,10.3966,10.3966,0.008022903464734554,0.0007942812517285347,0.013179847039282322,0.0003598729381337762,0.015320103615522385,0.00031050658435560763,0.024975046515464783,0.0010362652828916907,,,0.10180345922708511,0.021462513133883476,0.12111471593379974,0.025078285485506058,0.1015157625079155,0.003092425875365734,0.10550562292337418,0.005404815077781677,886147,149.98267679947412,2.644090620849408,9380,0.09022172232624713,ADP.2015-10-15T12_53_33.480.fits,zCOSMOS_BRIGHT_DR3_000846656_ZCMRa50_M1_Q4_14_1.fits,846656,149.982666,2.644068,3.020017724140645,2009ApJS..184..218L,,
155507.28+141817.9_312055_0.3,312055,0.3555999994277954,0.3,26.0,10.3056,10.3056,0.004111680202186108,0.0005770909483544528,0.047367166727781296,0.0006843613227829337,0.0422363355755806,0.00043799198465421796,0.09597311168909073,0.0015038996934890747,0.15206016600131989,0.013717234134674072,0.21377849578857422,0.02160857617855072,0.3124253451824188,0.023314019665122032,0.5739817023277283,0.011856382712721825,0.9534989595413208,0.019973181188106537,312055,149.62552992620036,1.7593234152174313,3787,0.09031206367170717,ADP.2015-10-15T12_48_20.777.fits,zCOSMOS_BRIGHT_DR3_000807828_ZCMRa22_M2_Q4_18_1.fits,807828,149.625519,1.759346,8.631980067525767,2009ApJS..184..218L,,
162853.89+412322.4_727132_0.03,727132,0.4117000102996826,0.03,1.0,9.11056,9.11056,0.008450610563158989,0.00011730156256817281,0.015354770235717297,0.00017629493959248066,0.014737442135810852,0.00012229595449753106,0.024099592119455338,0.00039307409315370023,0.028554953634738922,0.0018044824246317148,0.025172986090183258,0.002837787615135312,0.025182614102959633,0.0031181462109088898,0.035642676055431366,0.0007814897107891738,0.06392306089401245,0.001321233226917684,727132,150.7503743547274,2.401753558466609,19216,0.09061908462280731,ADP.2015-10-15T13_01_36.840.fits,zCOSMOS_BRIGHT_DR3_000828429_ZCMRa96_M1_Q2_3_1.fits,828429,150.750351,2.401763,1.956704305590492,2009ApJS..184..218L,,
074836.11+240024.1_311103_0.03,311103,0.4059000015258789,0.03,2.0,9.68363,9.68363,0.002157532377168536,6.230601866263896e-05,0.009145921096205711,0.00010377288708696142,0.008958995342254639,8.228771184803918e-05,0.013580859638750553,0.0002385731495451182,0.033143606036901474,0.0015025365864858031,0.04667633771896362,0.0025840597227215767,0.07184191048145294,0.002833632053807378,0.09423298388719559,0.0020028604194521904,0.13896797597408295,0.0026075306814163923,311103,150.363367323028,1.7602674727848158,9920,0.09063009014878005,ADP.2015-10-15T12_53_53.470.fits,zCOSMOS_BRIGHT_DR3_000804515_ZCMRa61_M1_Q2_20_2.fits,804515,150.363373,1.760292,3.540381843088997,2009ApJS..184..218L,,
080427.98+522306.2_764457_1,764457,0.36039999127388,1.0,36.0,9.06493,9.06493,0.052511852234601974,0.0019450844265520573,0.09700813889503479,0.0019244294380769134,0.08449318259954453,0.0011245865607634187,0.14855431020259857,0.004017967730760574,0.26825666427612305,0.05685516074299812,,,0.7185015082359314,0.08531570434570312,1.0142771005630493,0.026390615850687027,1.4340826272964478,0.03603361174464226,764457,149.59222346611944,2.458941268534979,890,0.09098699024892289,ADP.2015-10-15T12_45_34.840.fits,zCOSMOS_BRIGHT_DR3_000834420_ZCMRa27_M1_Q3_18_1.fits,834420,149.592224,2.458916,2.100840780604871,2009ApJS..184..218L,,
142748.28+050222.0_955234_0.03,955234,0.10580000281333923,0.03,1.0,8.50565,8.50565,0.03831963241100311,0.00030535596306435764,0.0650775283575058,0.0012263308744877577,0.046211790293455124,0.0006843206356279552,0.05669043958187103,0.0010023105423897505,0.036632291972637177,0.0017830522265285254,0.04237624257802963,0.0020435096230357885,0.06680431216955185,0.003003085497766733,0.08745022863149643,0.001926079741679132,0.1151919960975647,0.0023540579713881016,955234,150.34182374877923,2.7530968728014846,18179,0.09121025777090369,ADP.2015-10-15T13_00_38.640.fits,zCOSMOS_BRIGHT_DR3_000844814_ZCMRa70_M1_Q3_32_2.fits,844814,150.341827,2.753122,5.176554566344002,2009ApJS..184..218L,,
075057.26+353037.6_650666_0.03,650666,0.1745000034570694,0.03,2.0,9.06019,9.06019,0.007857654243707657,7.498855120502412e-05,0.027236616238951683,0.009238419122993946,0.028046652674674988,0.003005207283422351,0.03553691878914833,0.0435231514275074,0.18734794855117798,0.009303554892539978,0.2015073597431183,0.009941806085407734,0.18331454694271088,0.01126796193420887,0.4083394706249237,0.008717096410691738,0.33050450682640076,0.006783206015825272,650666,150.5351973876779,2.2850198711979357,8546,0.09132414471094323,ADP.2015-10-15T12_52_51.547.fits,zCOSMOS_BRIGHT_DR3_000822713_ZCMRa97_M2_Q4_24_1.fits,822713,150.535172,2.28502,7.969070488316197,2009ApJS..184..218L,,
023922.87-000119.5_990296_0.0001,990296,0.26010000705718994,0.0001,34.0,8.6584,8.6584,0.0010303598828613758,3.5137672966811806e-05,0.003180860076099634,6.692512397421524e-05,0.004033390432596207,6.898177525727078e-05,0.005078758578747511,7.52786872908473e-05,0.005569152068346739,0.00018161947082262486,0.006000846158713102,0.000767511548474431,0.006589944940060377,0.0008583722519688308,0.004073387943208218,7.768782234052196e-05,0.004211100749671459,0.0001134590056608431,990296,150.13631342552,2.808894942383781,12775,0.09154077915707201,ADP.2015-10-15T12_55_53.607.fits,zCOSMOS_BRIGHT_DR3_000851085_ZCMRa40_M1_Q2_11_1.fits,851085,150.136322,2.808871,2.511291551295204,2009ApJS..184..218L,,
033248.49-001012.3_688218_0.3,688218,0.3075999915599823,0.3,20.0,9.07526,9.07526,0.005841085687279701,0.000633619143627584,0.04439886286854744,0.000881521322298795,0.030525363981723785,0.0005302291247062385,0.06830998510122299,0.001799840247258544,0.11884848028421402,0.011599796824157238,0.1579967588186264,0.016296664252877235,0.2732434570789337,0.028455372899770737,0.29330354928970337,0.00773293012753129,0.3353619873523712,0.009233053773641586,688218,150.37456251550043,2.341565870037339,5915,0.09170385947008776,ADP.2015-10-15T12_50_27.323.fits,zCOSMOS_BRIGHT_DR3_000830383_ZCMRa66_M1_Q2_24_1.fits,830383,150.374557,2.341541,3.247994434833008,2009ApJS..184..218L,,
075145.14+411535.8_232588_0.3,232588,0.4302000105381012,0.3,1.0,9.64615,9.64615,0.00905679352581501,0.00041885909740813076,0.04446868598461151,0.0006409174529835582,0.03237453103065491,0.00039586491766385734,0.06544040143489838,0.0014185844920575619,0.0789221003651619,0.022073281928896904,0.16618993878364563,0.03593862056732178,0.13356712460517883,0.028808029368519783,0.6871428489685059,0.015335068106651306,0.9776356220245361,0.022017400711774826,232588,150.40326745810194,1.632938033548838,8805,0.09171828360381065,ADP.2015-10-15T12_53_06.863.fits,zCOSMOS_BRIGHT_DR3_000804348_ZCMRa71_M1_Q1_23_6.fits,804348,150.403259,1.632914,4.359255524667875,2009ApJS..184..218L,,
093931.84+544909.2_240020_0.3,240020,0.2980000078678131,0.3,4.0,9.32865,9.32865,0.041212454438209534,0.0007151651079766452,0.06258395314216614,0.0006403236766345799,0.06562016159296036,0.0006536580622196198,0.10831478983163834,0.0016218756791204214,0.1156584769487381,0.016099000349640846,,,0.17295575141906738,0.02253926545381546,0.12699401378631592,0.0032550774049013853,0.2089606076478958,0.005676225759088993,240020,149.58579542755487,1.6445522720906438,2203,0.09179890932212367,ADP.2015-10-15T12_46_48.283.fits,zCOSMOS_BRIGHT_DR3_000807984_ZCMRa21_M1_Q4_21_1.fits,807984,149.585785,1.644529,6.761313761860198,2009ApJS..184..218L,,
085706.35+190853.5_235724_0.1,235724,0.3391999900341034,0.1,2.0,10.1504,10.1504,0.05659683048725128,0.0011140735587105155,0.06871479004621506,0.0007601957768201828,0.0847095474600792,0.0011260437313467264,0.12337938696146011,0.002098514698445797,0.139845609664917,0.005290137603878975,0.2552759051322937,0.008734318427741528,0.4923284351825714,0.010957111604511738,0.9433968663215637,0.0216393880546093,1.4816694259643555,0.028048839420080185,235724,150.38616757133926,1.6368256108255173,7364,0.09185707089053648,ADP.2015-10-15T12_51_39.387.fits,zCOSMOS_BRIGHT_DR3_000804414_ZCMRa61_M2_Q1_22_1.fits,804414,150.386154,1.636804,7.530099981816885,2009ApJS..184..218L,,
083406.94+350602.9_915587_1,915587,0.47099998593330383,1.0,2.0,10.8085,10.8085,0.0029259396251291037,0.001093089347705245,0.07976540923118591,0.0013721735449507833,0.06025247648358345,0.0009556675213389099,0.13236068189144135,0.003471008036285639,0.4340369701385498,0.04498806595802307,0.5985185503959656,0.06193266808986664,1.010464072227478,0.0757368877530098,1.2056069374084473,0.03080168180167675,2.3547821044921875,0.05361106991767883,915587,149.50627951157267,2.68759314853932,12355,0.09216559207631825,ADP.2015-10-15T12_55_36.760.fits,zCOSMOS_BRIGHT_DR3_000848682_ZCMRa19_M2_Q3_14_1.fits,848682,149.506271,2.687569,7.729790857804394,2009ApJS..184..218L,,
075230.61+181432.0_240956_0.003,240956,0.527899980545044,0.003,1.0,9.14168,9.14168,0.0012129219248890877,4.742121018352918e-05,0.0029836297035217285,6.29036221653223e-05,0.003714011050760746,6.543241033796221e-05,0.004687611013650894,7.705524330958724e-05,0.005219670943915844,0.00020615769608411938,,,0.004647143185138702,0.0007980246446095407,0.005168830044567585,8.902228000806645e-05,0.005506948567926884,0.00011745501979021356,240956,149.85107982302264,1.6474599673206862,15143,0.0922925610931071,ADP.2015-10-15T12_57_57.607.fits,zCOSMOS_BRIGHT_DR3_000806814_ZCMRa41_M1_Q4_22_1.fits,806814,149.851074,1.647435,1.25566102819798,2009ApJS..184..218L,,
033732.58+005547.6_666705_1,666705,0.6243000030517578,1.0,21.0,9.55108,9.55108,0.01373031921684742,0.0019176730420440435,0.02796328067779541,0.001079436857253313,0.01984420232474804,0.0006765604484826326,0.039014264941215515,0.003697305219247937,,,,,0.2119208127260208,0.059912633150815964,0.18067800998687744,0.0097484877333045,0.19626399874687195,0.016756504774093628,666705,150.58253970384115,2.3119662743091736,8295,0.09254736849339089,ADP.2015-10-15T12_52_31.233.fits,zCOSMOS_BRIGHT_DR3_000829275_ZCMRa87_M1_Q1_17_1.fits,829275,150.582535,2.311941,1.986440052536973,2009ApJS..184..218L,,
021546.52+010058.2_467877_0.03,467877,0.5295000076293945,0.03,4.0,10.5653,10.5653,0.0005632523098029196,5.514147778740153e-05,0.004941693972796202,8.10444907983765e-05,0.00861242413520813,9.070329542737454e-05,0.01493225060403347,0.00013497717736754566,0.028750542551279068,0.0014150881906971335,,,,,0.05618831515312195,0.00036051165079697967,0.0446944534778595,0.0005863604019396007,467877,149.64540552259314,2.0078717813132703,7684,0.0926450227478333,ADP.2015-10-15T12_51_56.090.fits,zCOSMOS_BRIGHT_DR3_000820412_ZCMRa14_M1_Q1_6_1.fits,820412,149.645386,2.007855,4.443106739922801,2009ApJS..184..218L,,
021249.47+003448.6_596526_1,596526,1.2210999727249146,1.0,1.0,10.3085,10.3085,0.0408102422952652,0.001590110594406724,0.027584273368120193,0.0082280607894063,0.039897121489048004,0.006737478543072939,0.027386754751205444,0.007055071648210287,0.3216417133808136,0.06618692725896835,0.3791194558143616,0.07486177980899811,0.3455401659011841,0.0849570706486702,0.3831545412540436,0.013317239470779896,0.43917542695999146,0.021904179826378822,596526,149.75408389769888,2.2052032992920645,3403,0.09290853824065132,ADP.2015-10-15T12_48_08.637.fits,zCOSMOS_BRIGHT_DR3_000826596_ZCMRa26_M1_Q1_17_1.fits,826596,149.754089,2.205178,1.468466168211512,2009ApJS..184..218L,,
162853.89+412322.4_904276_0.03,904276,0.4016000032424927,0.03,1.0,9.14331,9.14331,0.009882217273116112,0.0001175269644591026,0.01826835237443447,0.00018657556211110204,0.017641428858041763,0.0001314291439484805,0.02805078774690628,0.00039176238351501524,0.03213408961892128,0.0017978172982111573,0.028297580778598785,0.002822265261784196,0.02970082312822342,0.0031540049239993095,0.03845420852303505,0.0007812951225787401,0.06591644883155823,0.0013224998256191611,904276,149.85158289679978,2.672667908164104,11355,0.0934235043101204,ADP.2015-10-15T12_54_48.757.fits,zCOSMOS_BRIGHT_DR3_000847282_ZCMRa29_M1_Q2_15_1.fits,847282,149.851593,2.672644,5.108913538015647,2009ApJS..184..218L,,
135219.41+023756.8_940835_1,940835,0.3483000099658966,1.0,1.0,10.6976,10.6976,0.09693940728902817,0.0021578767336905003,0.10816500335931778,0.002096247859299183,0.13050401210784912,0.0018662473885342479,0.3028244376182556,0.006853018421679735,,,,,0.5259906649589539,0.09180880337953568,1.287603735923767,0.03314918279647827,2.505729913711548,0.06177106127142906,940835,150.52447084848927,2.7264880673746457,7889,0.0935468747553525,ADP.2015-10-15T12_52_04.050.fits,zCOSMOS_BRIGHT_DR3_000843861_ZCMRa89_M1_Q2_2_2.fits,843861,150.524445,2.726491,10.62131369199899,2009ApJS..184..218L,,
032717.23+010140.6_886081_1,886081,0.5041000247001648,1.0,1.0,10.9563,10.9563,0.007983049377799034,0.002312003169208765,0.07014631479978561,0.0026537522207945585,0.05428342893719673,0.0010911765275523067,0.12085225433111191,0.005037453956902027,0.2403469979763031,0.06252128630876541,0.6320422887802124,0.09438420087099075,,,0.5917565822601318,0.016203762963414192,0.4797508120536804,0.020127667114138603,886081,149.97785221607896,2.6411389529244302,11472,0.0945648843654356,ADP.2015-10-15T12_55_02.267.fits,zCOSMOS_BRIGHT_DR3_000846683_ZCMRa59_M2_Q3_29_1.fits,846683,149.977844,2.641114,5.807634694550356,2009ApJS..184..218L,,
023204.90-010511.5_784577_0.01,784577,0.7347999811172485,0.01,4.0,11.2999,11.2999,0.002677630167454481,5.5152264394564554e-05,0.005050212144851685,7.402151095448062e-05,0.012690647505223751,9.86310260486789e-05,0.023236991837620735,9.204493107972667e-05,0.04079363867640495,0.0004380354657769203,0.0608968622982502,0.0009746127761900425,0.08703839033842087,0.0011885843705385923,0.12468760460615158,0.0005971474456600845,0.0915091335773468,0.0006616839091293514,784577,149.79220308800782,2.489062398713036,7737,0.09479314199553862,ADP.2015-10-15T12_51_58.720.fits,zCOSMOS_BRIGHT_DR3_000840656_ZCMRa27_M1_Q2_8_3.fits,840656,149.792191,2.489039,3.427403421465327,2009ApJS..184..218L,,
154407.24+282710.1_263115_0.0001,263115,0.3093999922275543,0.0001,865.0,10.6,10.6,0.0006767562590539455,2.0368948753457516e-05,0.017915671691298485,0.0001530971931060776,0.029462894424796104,0.00015395782247651368,0.047631509602069855,9.034131653606892e-05,0.07364636659622192,0.00026666707708500326,,,0.1250004768371582,0.0007848242530599236,0.06764625757932663,0.00029262181487865746,0.05759245157241821,0.00038637316902168095,263115,149.99897604167126,1.681427307947496,19025,0.09488191168107965,ADP.2015-10-15T13_01_26.987.fits,zCOSMOS_BRIGHT_DR3_000806170_ZCMRa31_M2_Q1_10_1.fits,806170,149.998962,1.681405,11.29446805982097,2009ApJS..184..218L,,
021251.94+001048.6_690664_0.003,690664,0.8174999952316284,0.003,230.0,10.4397,10.4397,0.001092122751288116,4.0114056901074946e-05,0.0029584814328700304,6.581385241588578e-05,0.006527786608785391,9.434668754693121e-05,0.011424534022808075,9.7695279691834e-05,0.017654700204730034,0.00023103359853848815,0.02433769777417183,0.000788831792306155,,,0.03436462953686714,0.00020273619156796485,0.024580854922533035,0.0002153498789994046,690664,150.63370821300697,2.345511358189212,2178,0.09507355276336112,ADP.2015-10-15T12_46_47.897.fits,zCOSMOS_BRIGHT_DR3_000829011_ZCMRa87_M1_Q1_8_2.fits,829011,150.633698,2.345487,1.869174875258729,2009ApJS..184..218L,,
110022.09+645812.9_675223_0.003,675223,0.8813999891281128,0.003,15.0,9.81105,9.81105,0.001183760236017406,3.840780118480325e-05,0.002095903269946575,7.283720333361998e-05,0.0034771773498505354,7.839729369152337e-05,0.005199034232646227,7.662270218133926e-05,0.012389026582241058,0.0005054683424532413,0.010168157517910004,0.0008168592466972768,0.01137335691601038,0.0010877192253246903,0.011482845060527325,0.00010047575051430613,0.008186962455511093,0.00011795847967732698,675223,149.55990889290027,2.323640507552144,16875,0.0951753073112936,ADP.2015-10-15T12_59_32.660.fits,zCOSMOS_BRIGHT_DR3_000834583_ZCMRa16_M1_Q3_25_1.fits,834583,149.559921,2.323617,1.340295944326833,2009ApJS..184..218L,,
085430.02+170308.9_522742_0.1,522742,0.6338000297546387,0.1,4.0,10.3083,10.3083,0.0010034823790192604,0.00012242818775121123,0.006558106280863285,0.00013968785060569644,0.006900615058839321,0.00010564720287220553,0.012821339070796967,0.0003813775547314435,,,0.051861945539712906,0.006889296695590019,,,0.08287595957517624,0.0011169881327077746,0.06452751159667969,0.0018218241166323423,522742,149.9413995105272,2.0942907600626737,13135,0.09537097649583955,ADP.2015-10-15T12_56_11.733.fits,zCOSMOS_BRIGHT_DR3_000819250_ZCMRa44_M1_Q3_42_1.fits,819250,149.941376,2.094303,1.78562854478065,2009ApJS..184..218L,,
160918.93+082416.4_233554_0.1,233554,0.7314000129699707,0.1,1.0,9.68841,9.68841,0.018468525260686874,0.0003389048797544092,0.02285347878932953,0.0003610925341490656,0.029055384919047356,0.00028010999085381627,0.03019796311855316,0.0006260618101805449,0.0406092144548893,0.0045706904493272305,,,0.037451256066560745,0.007871266454458237,0.05991180241107941,0.001659901812672615,0.08278178423643112,0.0025753246154636145,233554,150.2817062177731,1.6352599848542007,3374,0.09544215659635524,ADP.2015-10-15T12_48_07.927.fits,zCOSMOS_BRIGHT_DR3_000804817_ZCMRa61_M2_Q1_21_1.fits,804817,150.281693,1.635237,2.319558271877534,2009ApJS..184..218L,,
100927.57+603209.9_286076_0.03,286076,0.8697999715805054,0.03,18.0,10.3783,10.3783,0.00153789680916816,6.049658986739814e-05,0.0039681014604866505,7.746172195766121e-05,0.005004642065614462,7.111686863936484e-05,0.007835633121430874,0.00015111816173885018,,,0.01966901123523712,0.002174817956984043,,,0.050684645771980286,0.0005191777017898858,0.05685431510210037,0.000879857107065618,286076,150.24219263716546,1.7180018626583966,2061,0.09556251377360886,ADP.2015-10-15T12_46_43.753.fits,zCOSMOS_BRIGHT_DR3_000805011_ZCMRa72_M1_Q4_25_1.fits,805011,150.242188,1.718028,0.8067326042772496,2009ApJS..184..218L,,
080427.98+522306.2_245099_0.3,245099,0.36390000581741333,0.3,9.0,10.1001,10.1001,0.01590053364634514,0.0005845827399753034,0.03255145996809006,0.0005821753293275833,0.031687185168266296,0.0003466353809926659,0.055901721119880676,0.0012071244418621063,0.10093048959970474,0.017058374360203743,,,0.26327651739120483,0.025604695081710815,0.33626431226730347,0.00791902095079422,0.46254241466522217,0.010812923312187195,245099,150.3295880957953,1.65348747308723,13793,0.0955636611923885,ADP.2015-10-15T12_56_46.477.fits,zCOSMOS_BRIGHT_DR3_000804631_ZCMRa61_M2_Q1_18_1.fits,804631,150.329605,1.653467,4.723840551977926,2009ApJS..184..218L,,
075217.84+193542.2_314792_0.01,314792,0.12300000339746475,0.01,29.0,8.45233,8.45233,0.017422689124941826,0.00019653899653349072,0.04122355207800865,0.0005059435497969389,0.02764120139181614,0.0002664253697730601,0.03301693871617317,0.0004480423522181809,0.03222203627228737,0.0008542514406144619,0.03840796276926994,0.0011731302365660667,0.0555511899292469,0.0016025918303057551,0.11492975801229477,0.002650429494678974,0.19036433100700378,0.003645916935056448,314792,149.86379424994956,1.76517306642875,2998,0.09562604489795684,ADP.2015-10-15T12_47_45.667.fits,zCOSMOS_BRIGHT_DR3_000806757_ZCMRa42_M1_Q4_20_1.fits,806757,149.8638,1.765199,2.641227788794899,2009ApJS..184..218L,,
023030.37-004513.8_233582_1,233582,0.5077999830245972,1.0,4.0,10.4,10.4,0.008460653945803642,0.0016442631604149938,0.08028726279735565,0.0015119471354410052,0.059865765273571014,0.0010436001466587186,0.11405692249536514,0.0039026520680636168,0.23321013152599335,0.062139842659235,0.34976914525032043,0.07218276709318161,,,0.544563353061676,0.016096124425530434,0.8735338449478149,0.026906225830316544,233582,149.7956002429849,1.6328885575144207,16273,0.09562760013201078,ADP.2015-10-15T12_59_08.093.fits,zCOSMOS_BRIGHT_DR3_000807073_ZCMRa21_M1_Q1_27_1.fits,807073,149.795593,1.632863,10.83851184673806,2009ApJS..184..218L,,
100418.68+531537.1_760803_1,760803,0.48100000619888306,1.0,36.0,9.16712,9.16712,0.04333333671092987,0.0018684951355680823,0.10825344920158386,0.001759913400746882,0.07543870061635971,0.0013974782777950168,0.13525617122650146,0.004657943733036518,0.17083895206451416,0.05187002569437027,0.3426835834980011,0.07828964293003082,,,0.4923054277896881,0.015048899687826633,0.6990053653717041,0.0240669883787632,760803,149.6453316739001,2.45335519826516,958,0.09572171511782994,ADP.2015-10-15T12_45_36.917.fits,zCOSMOS_BRIGHT_DR3_000834158_ZCMRa17_M2_Q2_16_1.fits,834158,149.645355,2.453368,2.924914280985591,2009ApJS..184..218L,,
023016.29-004128.7_615182_1,615182,0.8203999996185303,1.0,55.0,9.4709,9.4709,0.027925509959459305,0.0018075519474223256,0.023226413875818253,0.001677537802606821,0.039615433663129807,0.0009149637771770358,0.03728371858596802,0.003100324422121048,0.1443217545747757,0.04994054138660431,,,,,0.08881430327892303,0.008390306495130062,0.10046426951885223,0.01758827455341816,615182,150.5736042694087,2.2339486817583882,19795,0.09598927053802621,ADP.2015-10-15T13_02_02.077.fits,zCOSMOS_BRIGHT_DR3_000822504_ZCMRa95_M2_Q3_19_1.fits,822504,150.573578,2.233944,2.7332812609686,2009ApJS..184..218L,,
082935.45+364912.6_886498_1,886498,0.6413000226020813,1.0,5.0,10.2678,10.2678,0.01348865032196045,0.001978645334020257,0.044631898403167725,0.0010750062065199018,0.03498006612062454,0.0008533294894732535,0.06139335781335831,0.0035106942523270845,0.1675558239221573,0.050627898424863815,,,0.3345869779586792,0.07393752783536911,0.3133406639099121,0.013258595950901508,0.2692438066005707,0.01795767992734909,886498,149.51320508010159,2.643508034840459,10482,0.09624207415750759,ADP.2015-10-15T12_54_15.543.fits,zCOSMOS_BRIGHT_DR3_000848653_ZCMRa19_M1_Q3_27_1.fits,848653,149.513199,2.643482,4.86903160902289,2009ApJS..184..218L,,
023318.76+002125.7_686240_0.0003,686240,0.6049000024795532,0.0003,6633.0,9.67936,9.67936,0.0009932088432833552,2.9116044970578514e-05,0.003732032608240843,7.135165651561692e-05,0.005850495304912329,7.339006697293371e-05,0.008080373518168926,6.89298685756512e-05,,,0.015013161115348339,0.0007307047490030527,,,0.013324356637895107,0.00010667924652807415,0.01016649417579174,0.00014218986325431615,686240,150.33223230562456,2.339692697867919,16030,0.09676860439766881,ADP.2015-10-15T12_58_56.900.fits,zCOSMOS_BRIGHT_DR3_000830578_ZCMRa77_M2_Q4_11_1.fits,830578,150.332214,2.339673,3.620380274685764,2009ApJS..184..218L,,
080202.78+101943.1_882466_0.03,882466,0.20730000734329224,0.03,1.0,8.95053,8.95053,0.0030005136504769325,6.050193405826576e-05,0.016468236222863197,0.00015080404409673065,0.015099216252565384,0.0001262185542145744,0.02104000747203827,0.0002427337021799758,0.032129570841789246,0.001745878136716783,0.05525604635477066,0.003032426815479994,0.0915689468383789,0.0031442791223526,0.2074129432439804,0.004772200249135494,0.33716073632240295,0.006715997587889433,882466,150.41575609883054,2.636914276880886,19991,0.09684947310636811,ADP.2015-10-15T13_02_11.797.fits,zCOSMOS_BRIGHT_DR3_000844416_ZCMRa70_M1_Q1_16_1.fits,844416,150.415741,2.636892,3.28900852246242,2009ApJS..184..218L,,
073443.10+401518.5_268090_1,268090,0.5307000279426575,1.0,16.0,10.85,10.85,0.03269243985414505,0.0019329163478687406,0.06590350717306137,0.0014500294346362352,0.06006917357444763,0.0010074999881908298,0.10303397476673126,0.00404464453458786,0.21161140501499176,0.06080012395977974,0.28391972184181213,0.06432623416185379,0.3092925250530243,0.07238966971635818,0.3379223644733429,0.01106508169323206,0.4240429103374481,0.01864047348499298,268090,149.72197445057859,1.6890197962967748,16226,0.09757069379001347,ADP.2015-10-15T12_59_05.833.fits,zCOSMOS_BRIGHT_DR3_000807410_ZCMRa11_M2_Q1_9_1.fits,807410,149.721954,1.689002,8.115232487669108,2009ApJS..184..218L,,
153355.23+154610.0_334006_0.003,334006,0.37470000982284546,0.003,11.0,8.94053,8.94053,0.001680599176324904,4.211332998238504e-05,0.003500613383948803,6.804770237067714e-05,0.00408087158575654,6.054101322661154e-05,0.005711863748729229,8.506055746693164e-05,0.006824824959039688,0.00021220961934886873,0.008196074515581131,0.0009627206600271165,0.008184262551367283,0.0009017755510285497,0.007093747146427631,9.924766345648095e-05,0.008438846096396446,0.00014674673730041832,334006,149.91316919781232,1.7960695079383964,5812,0.09888069662634213,ADP.2015-10-15T12_50_23.817.fits,zCOSMOS_BRIGHT_DR3_000812907_ZCMRa32_M1_Q1_7_4.fits,812907,149.913162,1.796043,1.448236051473889,2009ApJS..184..218L,,
083640.18+155229.7_449565_0.03,449565,0.22280000150203705,0.03,2.0,8.50055,8.50055,0.004870799370110035,9.643386874813586e-05,0.009436255320906639,0.0001228500041179359,0.008409331552684307,9.296873031416908e-05,0.010800493881106377,0.00014838160132057965,0.016680242493748665,0.002368287416175008,0.014415760524570942,0.0019554784521460533,0.015028644353151321,0.0024149534292519093,0.03664868697524071,0.0008226939826272428,0.04998748004436493,0.0013710636412724853,449565,150.10362513426705,1.9795563094735789,12821,0.09895870629685213,ADP.2015-10-15T12_55_55.447.fits,zCOSMOS_BRIGHT_DR3_000818590_ZCMRa64_M2_Q4_21_1.fits,818590,150.103622,1.979529,2.992698808796784,2009ApJS..184..218L,,
023357.57-004002.9_685920_1,685920,0.49239999055862427,1.0,203.0,9.6359,9.6359,0.014858400449156761,0.0018523377366364002,0.04569080099463463,0.0010293835075572133,0.030805084854364395,0.0008287631208077073,0.05789811909198761,0.0032383559737354517,0.1478671133518219,0.0523974671959877,,,,,0.2631445527076721,0.010718545876443386,0.2818436622619629,0.01930193416774273,685920,149.92134530137116,2.339192293387509,429,0.09946689731890868,ADP.2015-10-15T12_45_08.963.fits,zCOSMOS_BRIGHT_DR3_000832706_ZCMRa47_M2_Q4_6_2.fits,832706,149.921341,2.339165,3.495055999259525,2009ApJS..184..218L,,
073326.29+363115.8_292894_1,292894,0.7364000082015991,1.0,11.0,10.6539,10.6539,0.0755121037364006,0.00207900139503181,0.08472506701946259,0.0015447598416358232,0.10278458893299103,0.001845985185354948,0.10502205044031143,0.003975667525082827,,,0.320422887802124,0.0732770562171936,,,0.30050912499427795,0.009868298657238483,0.4837397038936615,0.020574139431118965,292894,150.386628755007,1.7292776076099836,6306,0.10066450642960689,ADP.2015-10-15T12_50_48.397.fits,zCOSMOS_BRIGHT_DR3_000804410_ZCMRa82_M2_Q4_20_2.fits,804410,150.386612,1.7293,5.818600232118545,2009ApJS..184..218L,,
155335.35+281618.5_307027_1,307027,0.8047000169754028,1.0,15.0,9.77631,9.77631,0.06927092373371124,0.001782969105988741,0.09559299796819687,0.001912338542751968,0.11009666323661804,0.0014774223091080785,0.1256822645664215,0.0035832920111715794,0.17312726378440857,0.05646676942706108,0.34165501594543457,0.08015605062246323,0.2815712094306946,0.06864143162965775,1.1835300922393799,0.027292359620332718,1.9884275197982788,0.04611808806657791,307027,149.94028040793555,1.753755540407215,14225,0.1006997263715939,ADP.2015-10-15T12_57_12.703.fits,zCOSMOS_BRIGHT_DR3_000806455_ZCMRa42_M2_Q4_21_3.fits,806455,149.940292,1.753781,1.700530916266191,2009ApJS..184..218L,,
152806.63+132345.8_659714_0.1,659714,0.6680999994277954,0.1,3.0,11.1587,11.1587,0.007736322935670614,0.00025295736850239336,0.017460474744439125,0.0013262075372040272,0.028065882623195648,0.00046339555410668254,0.04143722355365753,0.0031572917941957712,0.09678749740123749,0.004385741427540779,0.132045179605484,0.007040000520646572,0.14111745357513428,0.00682569295167923,0.16927462816238403,0.0015484073664993048,0.1527048647403717,0.002148012164980173,659714,150.31331381093463,2.2991318582228017,13740,0.101058776163914,ADP.2015-10-15T12_56_43.363.fits,zCOSMOS_BRIGHT_DR3_000830675_ZCMRa77_M1_Q4_28_1.fits,830675,150.313293,2.299113,4.185965757952786,2009ApJS..184..218L,,
093321.12+473915.9_304398_0.3,304398,1.2723000049591064,0.3,6.0,9.88396,9.88396,0.002578343963250518,0.0004503008385654539,0.011526930145919323,0.00039307164843194187,0.006612084805965424,0.0002159436553483829,0.0210579801350832,0.0014857579953968525,,,,,0.09411941468715668,0.023175550624728203,0.10630913078784943,0.003475078847259283,0.2192452996969223,0.007307869847863913,304398,150.0201598599974,1.749527162370685,17796,0.10154069391020866,ADP.2015-10-15T13_00_19.183.fits,zCOSMOS_BRIGHT_DR3_000806092_ZCMRa52_M1_Q4_19_1.fits,806092,150.020142,1.749549,1.641596882924626,2009ApJS..184..218L,,
015034.96+150249.5_457387_0.01,457387,0.4415000081062317,0.01,3.0,9.11021,9.11021,0.001906789024360478,4.324495603214018e-05,0.0038483613170683384,7.084163371473551e-05,0.004628780297935009,7.122393435565755e-05,0.006118497811257839,9.479235450271517e-05,0.0066487411968410015,0.0005520887789316475,0.0077917976304888725,0.0009406987228430808,,,0.006762377917766571,0.0001752284006215632,0.006241304334253073,0.0002475423680152744,457387,150.7704471144918,1.9920039030536691,8426,0.10179332243564487,ADP.2015-10-15T12_52_45.277.fits,zCOSMOS_BRIGHT_DR3_000815303_ZCMRa93_M1_Q2_29_1.fits,815303,150.770432,1.99198,2.112923020259442,2009ApJS..184..218L,,
075507.10+204322.1_712272_0.3,712272,0.8945000171661377,0.3,186.0,10.2869,10.2869,0.007274641655385494,0.0006357333622872829,0.022294458001852036,0.0004765234189108014,0.020579036325216293,0.0003628137637861073,0.04076533019542694,0.0018444181187078357,0.07491843402385712,0.017445562407374382,,,0.12729968130588531,0.02342122420668602,0.09826669096946716,0.003263893537223339,0.1500054895877838,0.006048109382390976,712272,149.8973494222092,2.3778879727633315,3439,0.10203924125280621,ADP.2015-10-15T12_48_09.927.fits,zCOSMOS_BRIGHT_DR3_000832844_ZCMRa46_M2_Q3_13_1.fits,832844,149.897354,2.37786,1.670584547655889,2009ApJS..184..218L,,
030227.42-071940.7_835913_0.01,835913,0.3955000042915344,0.01,5.0,9.07887,9.07887,0.0010354339610785246,4.692445872933604e-05,0.003423855174332857,6.715724884998053e-05,0.004082564264535904,6.399390986189246e-05,0.007027143612504005,0.00010231421765638515,,,0.012577821500599384,0.0010698642581701279,0.018837634474039078,0.0012812941567972302,0.019050225615501404,0.00029885052936151624,0.02293635532259941,0.0004082085215486586,835913,150.35470513578562,2.567353197187596,14874,0.10274825068036957,ADP.2015-10-15T12_57_44.103.fits,zCOSMOS_BRIGHT_DR3_000837551_ZCMRa89_M1_Q4_5_1.fits,837551,150.354691,2.567378,2.093165551387338,2009ApJS..184..218L,,
081250.86+360039.9_908436_0.3,908436,0.6668999791145325,0.3,11.0,10.2346,10.2346,0.00867580808699131,0.000458086549770087,0.019211046397686005,0.00046594609739258885,0.022683147341012955,0.00036289094714447856,0.03207630291581154,0.0009740454261191189,,,,,0.1223730817437172,0.022073134779930115,0.23291490972042084,0.005939210765063763,0.3652192950248718,0.010059067979454994,908436,149.9497316951515,2.678242005708363,11091,0.10328292814530934,ADP.2015-10-15T12_54_34.150.fits,zCOSMOS_BRIGHT_DR3_000846816_ZCMRa49_M3_Q3_16_1.fits,846816,149.949722,2.678215,2.826562148388404,2009ApJS..184..218L,,
152926.02+271347.5_761860_0.003,761860,0.375,0.003,139.0,9.30124,9.30124,0.0023022866807878017,5.3204308642307296e-05,0.0073758806101977825,9.914804832078516e-05,0.008398369885981083,8.84299079189077e-05,0.011419098824262619,7.961090886965394e-05,0.012792440131306648,0.0002644404012244195,,,,,0.01720782183110714,0.00017556171223986894,0.016686683520674706,0.00017700236639939249,761860,149.56326422470053,2.454122708763227,12899,0.10367872237628187,ADP.2015-10-15T12_55_58.630.fits,zCOSMOS_BRIGHT_DR3_000834562_ZCMRa17_M1_Q3_19_3.fits,834562,149.563293,2.454121,4.378984353427099,2009ApJS..184..218L,,
031027.82-004950.7_985404_0.0001,985404,0.08009999990463257,0.0001,10.0,9.79617,9.79617,0.016488345339894295,5.4052808991400525e-05,0.08185386657714844,0.00033472696668468416,0.1266765147447586,0.0003156700695399195,0.18123631179332733,0.00010800589370774105,0.24508036673069,0.00017168188060168177,0.31033748388290405,0.000646307016722858,0.28480154275894165,0.0008888253360055387,0.27001360058784485,0.0007134625338949263,0.18957217037677765,0.0007484765956178308,985404,149.8525610230275,2.8033530130836555,2371,0.10396073188987509,ADP.2015-10-15T12_46_55.740.fits,zCOSMOS_BRIGHT_DR3_000851859_ZCMRa40_M1_Q3_11_1.fits,851859,149.852554,2.803325,25.18861924372982,2009ApJS..184..218L,,
163308.28+403321.4_886886_0.3,886886,0.40310001373291016,0.3,27.0,9.95497,9.95497,0.008875701576471329,0.00039814659976400435,0.03482726588845253,0.0004885030793957412,0.030139904469251633,0.0003953956183977425,0.05280374735593796,0.0013330932706594467,,,0.17192353308200836,0.030329283326864243,,,0.19304782152175903,0.004865659400820732,0.29309946298599243,0.007421277463436127,886886,150.63146580014896,2.6442597186948253,10909,0.10513206947920889,ADP.2015-10-15T12_54_26.843.fits,zCOSMOS_BRIGHT_DR3_000843323_ZCMRa80_M2_Q1_19_1.fits,843323,150.631454,2.644233,6.009018763910611,2009ApJS..184..218L,,
093228.56+555344.8_900081_0.1,900081,0.8838000297546387,0.1,13.0,10.4855,10.4855,0.0045111216604709625,0.0001517069904366508,0.017456064000725746,0.00024860084522515535,0.018613377586007118,0.0001977411302505061,0.030641065910458565,0.0005865069688297808,0.053317997604608536,0.004017414525151253,0.07016899436712265,0.005534246098250151,0.10840007662773132,0.007574047893285751,0.3325786292552948,0.006526677403599024,0.6644036769866943,0.013009539805352688,900081,149.9596202099671,2.666018444731404,6813,0.10540263776001375,ADP.2015-10-15T12_51_21.863.fits,zCOSMOS_BRIGHT_DR3_000846782_ZCMRa40_M2_Q4_10_1.fits,846782,149.95961,2.665991,2.888927680999318,2009ApJS..184..218L,,
075626.95+341609.2_664716_1,664716,0.552299976348877,1.0,3.0,9.25001,9.25001,0.04523460939526558,0.0019991793669760227,0.10343976318836212,0.0014953500358387828,0.08723905682563782,0.0013934876769781113,0.10193534195423126,0.003930154722183943,0.1368533968925476,0.05411268025636673,,,,,0.21774134039878845,0.010451276786625385,0.3885132670402527,0.019621971994638443,664716,149.46600014415117,2.3082831454331685,11618,0.10542524348978881,ADP.2015-10-15T12_55_09.287.fits,zCOSMOS_BRIGHT_DR3_000834973_ZCMRa17_M2_Q4_16_1.fits,834973,149.466003,2.308254,2.464794130778754,2009ApJS..184..218L,,
151017.82+422154.9_982366_0.01,982366,0.4934999942779541,0.01,4.0,10.2493,10.2493,0.00015167472884058952,2.7811247491627e-05,0.004207813646644354,7.209891191450879e-05,0.008082045242190361,8.595726103521883e-05,0.013645735569298267,8.205298945540562e-05,,,0.02996956929564476,0.0009316665818914771,,,0.026936518028378487,0.00020125642186030746,0.020219938829541206,0.00024184079666156322,982366,149.77127764048316,2.7953106697366863,9665,0.10789620539985322,ADP.2015-10-15T12_53_40.973.fits,zCOSMOS_BRIGHT_DR3_000852127_ZCMRa30_M1_Q3_17_1.fits,852127,149.771255,2.795291,3.300313302085224,2009ApJS..184..218L,,
025334.57+000108.3_696896_1,696896,0.17440000176429749,1.0,243.0,8.22208,8.22208,0.1286659687757492,0.003217048943042755,0.3925204575061798,0.006516164168715477,0.26195067167282104,0.003598689567297697,0.49028298258781433,0.009501966647803783,0.7938598394393921,0.058053892105817795,1.0156488418579102,0.08040671050548553,1.5361096858978271,0.1005098968744278,2.434966802597046,0.06123916059732437,3.4501359462738037,0.08032238483428955,696896,149.47412219902776,2.3548301775076017,5081,0.1082427399998404,ADP.2015-10-15T12_49_31.200.fits,zCOSMOS_BRIGHT_DR3_000834934_ZCMRa16_M1_Q3_17_1.fits,834934,149.474152,2.354826,1.072012307643661,2009ApJS..184..218L,,
151347.27+153640.0_316677_0.1,316677,0.3560999929904938,0.1,17.0,8.85733,8.85733,0.004542055539786816,0.00013849120296072215,0.013686097227036953,0.0001849789550760761,0.013832664117217064,0.0001634827203815803,0.026340700685977936,0.00043690265738405287,0.03307471424341202,0.004302643705159426,0.0484578013420105,0.005240194033831358,0.08200233429670334,0.006439334712922573,0.17848646640777588,0.004236205946654081,0.31857502460479736,0.007055630441755056,316677,149.59828874477836,1.7689266792408975,2947,0.1083088942796398,ADP.2015-10-15T12_47_43.917.fits,zCOSMOS_BRIGHT_DR3_000807941_ZCMRa22_M2_Q4_15_1.fits,807941,149.598282,1.768956,2.069056126377833,2009ApJS..184..218L,,
154458.87+172826.7_611527_0.01,611527,0.6718000173568726,0.01,2.0,10.1604,10.1604,0.00042100856080651283,3.320449832244776e-05,0.0031873639672994614,5.585420149145648e-05,0.004544379189610481,6.578495231224224e-05,0.007926362566649914,9.026841871673241e-05,0.012703213840723038,0.00040969045949168503,0.019716890528798103,0.0009232704760506749,0.02858269400894642,0.0010315513936802745,0.037742696702480316,0.0004341861931607127,0.04330455884337425,0.0006463826284743845,611527,150.58118198729488,2.2280015902785326,6648,0.10835587235373494,ADP.2015-10-15T12_51_15.197.fits,zCOSMOS_BRIGHT_DR3_000822464_ZCMRa96_M1_Q4_9_1.fits,822464,150.581161,2.22798,2.662591305563792,2009ApJS..184..218L,,
074820.96+340752.6_660035_1,660035,0.3398999869823456,1.0,8.0,10.7665,10.7665,0.2484523057937622,0.004337965976446867,0.2619667053222656,0.0032366435043513775,0.3174317479133606,0.003252073423936963,0.49838387966156006,0.007060015574097633,0.5328995585441589,0.04496614262461662,0.7656965255737305,0.06327399611473083,1.3153696060180664,0.07120425999164581,2.1652989387512207,0.0509759820997715,3.1046767234802246,0.06364748626947403,660035,149.68151654409027,2.2976643850710725,14442,0.10927083683110753,ADP.2015-10-15T12_57_21.173.fits,zCOSMOS_BRIGHT_DR3_000833961_ZCMRa17_M2_Q1_24_1.fits,833961,149.681488,2.297654,15.1159898677333,2009ApJS..184..218L,,
011601.41+322234.8_678946_0.0003,678946,0.6653000116348267,0.0003,56.0,10.6003,10.6003,0.0002089853078359738,2.7658963517751545e-05,0.004622792359441519,7.629576430190355e-05,0.011739933863282204,9.697923815110698e-05,0.020507674664258957,7.310895307455212e-05,,,0.045326974242925644,0.0007021360215730965,,,0.05240019038319588,0.00032574820215813816,0.03427916020154953,0.0002581820881459862,678946,150.31922007822538,2.328652926689399,15210,0.10945052783717553,ADP.2015-10-15T12_58_01.407.fits,zCOSMOS_BRIGHT_DR3_000830642_ZCMRa67_M2_Q1_9_4.fits,830642,150.319199,2.328631,6.484381483341788,2009ApJS..184..218L,,
092138.51+483932.5_376208_0.001,376208,0.7057999968528748,0.001,119.0,9.75043,9.75043,0.001188082853332162,3.8610087358392775e-05,0.0029305906500667334,6.699827645206824e-05,0.00567990355193615,8.433358743786812e-05,0.0074899508617818356,7.552320312242955e-05,0.008762340992689133,0.00011984755838057026,0.008928509429097176,0.0007104294491000473,0.011060584336519241,0.0008583192247897387,0.012035883963108063,8.08943368610926e-05,0.00924984272569418,9.802660497371107e-05,376208,150.45913647661646,1.8621793760185188,9252,0.10981361255260129,ADP.2015-10-15T12_53_21.530.fits,zCOSMOS_BRIGHT_DR3_000810415_ZCMRa73_M1_Q1_25_1.fits,810415,150.459106,1.862181,4.404007806054457,2009ApJS..184..218L,,
080754.50+494627.6_285522_0.3,285522,0.5659000277519226,0.3,8.0,9.62432,9.62432,0.006290187127888203,0.0005039044190198183,0.037155721336603165,0.000671099463943392,0.022353582084178925,0.0003623790107667446,0.03449132293462753,0.0012806002050638199,0.06556552648544312,0.016278086230158806,,,0.09301810711622238,0.0213813204318285,0.16005964577198029,0.004595234524458647,0.24766318500041962,0.007615533657371998,285522,149.87180514458183,1.7183952862233807,14435,0.11069396081979656,ADP.2015-10-15T12_57_21.083.fits,zCOSMOS_BRIGHT_DR3_000806721_ZCMRa42_M1_Q4_34_1.fits,806721,149.87178,1.718413,3.059943720737113,2009ApJS..184..218L,,
085626.71+511117.8_681629_1,681629,0.5327000021934509,1.0,44.0,9.6139,9.6139,0.03709569573402405,0.0012900434667244554,0.08171074837446213,0.0014627743512392044,0.068053238093853,0.0008838242501951754,0.0843387022614479,0.0033638884779065847,,,0.24196216464042664,0.0723981261253357,,,0.14267849922180176,0.008008124306797981,0.2112429440021515,0.015048622153699398,681629,150.61124722110807,2.3330282448601025,10377,0.11151634260015032,ADP.2015-10-15T12_54_10.673.fits,zCOSMOS_BRIGHT_DR3_000829124_ZCMRa86_M2_Q2_21_1.fits,829124,150.611237,2.332999,2.750196121068637,2009ApJS..184..218L,,
081456.09+532533.5_665496_0.03,665496,0.12720000743865967,0.03,18.0,8.91967,8.91967,0.024087034165859222,0.0003251944435760379,0.05260024592280388,0.0005855770432390273,0.04519462585449219,0.0004563859838526696,0.05654008686542511,0.00047721166629344225,0.06462693214416504,0.0021321263629943132,0.07435096800327301,0.003275643102824688,0.08598887920379639,0.0033855342771857977,0.11581040918827057,0.0022010619286447763,0.15555791556835175,0.0029912882018834352,665496,150.5248286910113,2.3085552841402777,483,0.11303812117046509,ADP.2015-10-15T12_45_11.770.fits,zCOSMOS_BRIGHT_DR3_000829553_ZCMRa86_M1_Q2_28_1.fits,829553,150.524826,2.308524,3.342511430331784,2009ApJS..184..218L,,
084604.13+195730.4_465395_1,465395,0.8876000046730042,1.0,2.0,11.2525,11.2525,0.022271960973739624,0.0012843359727412462,0.026916123926639557,0.0008802085067145526,0.03189495950937271,0.0006949955131858587,0.040344662964344025,0.0030018934048712254,0.21456530690193176,0.06198035180568695,,,,,0.3480703830718994,0.011301053687930107,0.35168686509132385,0.022280190140008926,465395,149.55517414798715,2.002056837699967,4747,0.11408487611419424,ADP.2015-10-15T12_49_19.307.fits,zCOSMOS_BRIGHT_DR3_000820823_ZCMRa13_M1_Q3_28_1.fits,820823,149.555161,2.002028,4.198664661727793,2009ApJS..184..218L,,
085058.51+474512.2_259060_0.01,259060,0.531499981880188,0.01,863.0,10.6024,10.6024,0.0007010357221588492,2.6805328161572106e-05,0.005309483036398888,8.057550439843908e-05,0.010913227684795856,9.615031740395352e-05,0.018629318103194237,9.14690681383945e-05,0.02996683493256569,0.0006074868724681437,,,0.05320482328534126,0.0013143576215952635,0.04262693226337433,0.00027099906583316624,0.034029461443424225,0.0002900467661675066,259060,149.6872207947444,1.6751558542931317,4802,0.11499081988083583,ADP.2015-10-15T12_49_20.377.fits,zCOSMOS_BRIGHT_DR3_000807562_ZCMRa21_M1_Q4_13_4.fits,807562,149.687195,1.675137,4.035250438551387,2009ApJS..184..218L,,
024308.18-000127.0_683566_0.03,683566,0.6722999811172485,0.03,665.0,10.9,10.9,0.0005885755526833236,5.805908585898578e-05,0.005074509885162115,8.017341315280646e-05,0.009940125048160553,9.351572953164577e-05,0.018278518691658974,0.00014858647773507982,,,,,0.0704423263669014,0.0026992885395884514,0.07789002358913422,0.000534860766492784,0.05741925910115242,0.000658070610370487,683566,150.73064444996334,2.335166797785816,4038,0.1152073871472357,ADP.2015-10-15T12_48_35.213.fits,zCOSMOS_BRIGHT_DR3_000828521_ZCMRa96_M2_Q2_20_1.fits,828521,150.730621,2.335145,3.67652969860697,2009ApJS..184..218L,,
155757.23+503546.4_487176_0.1,487176,0.7434999942779541,0.1,8.0,9.88454,9.88454,0.001405104761943221,0.00011931840708712116,0.00823651347309351,0.0001298592978855595,0.008350599557161331,0.00012048230564687401,0.0144838597625494,0.00036839835229329765,0.036784909665584564,0.006593473255634308,0.04394019767642021,0.008111185394227505,0.06186205893754959,0.008829370141029358,0.07037726044654846,0.0014774407027289271,0.0925445556640625,0.002238877583295107,487176,150.20402064960416,2.0399683020786856,14119,0.11551674715004398,ADP.2015-10-15T12_57_08.153.fits,zCOSMOS_BRIGHT_DR3_000818056_ZCMRa54_M2_Q1_2_1.fits,818056,150.203995,2.039949,1.649252090753109,2009ApJS..184..218L,,
082549.26+173348.5_248841_0.0001,248841,0.2222999930381775,0.0001,59.0,8.55105,8.55105,0.000818978704046458,4.830490433960222e-05,0.0032733632251620293,7.010919944150373e-05,0.0040103900246322155,6.927666981937364e-05,0.0050425040535628796,7.610871398355812e-05,,,0.006013927981257439,0.0007872952264733613,0.006675684824585915,0.0011799080530181527,0.0034392133820801973,0.00010024942457675934,0.002930052811279893,9.91589913610369e-05,248841,149.70678573902003,1.659585001587302,9031,0.11551986690178855,ADP.2015-10-15T12_53_12.897.fits,zCOSMOS_BRIGHT_DR3_000807477_ZCMRa21_M1_Q4_17_1.fits,807477,149.706772,1.659556,3.12473752005547,2009ApJS..184..218L,,
074159.11+414502.0_689467_0.3,689467,1.2389999628067017,0.3,1104.0,9.44999,9.44999,0.04015219211578369,0.000744480814319104,0.06755297631025314,0.0009374844958074391,0.06899193674325943,0.000828045594971627,0.06794223189353943,0.001482128631323576,0.08300019055604935,0.019236169755458832,,,0.0985119491815567,0.022250277921557426,0.1144881621003151,0.003789287293329835,0.22658994793891907,0.007691160310059786,689467,149.95461558977792,2.3448211183836345,6325,0.11670931656851126,ADP.2015-10-15T12_50_48.830.fits,zCOSMOS_BRIGHT_DR3_000832547_ZCMRa46_M2_Q3_27_1.fits,832547,149.95462,2.344789,3.907747455672187,2009ApJS..184..218L,,
091127.27+325336.9_911772_1,911772,0.298799991607666,1.0,8.0,9.26663,9.26663,0.13470077514648438,0.0037411937955766916,0.15382041037082672,0.002061710227280855,0.19577310979366302,0.004388856701552868,0.26810595393180847,0.006740241311490536,0.2541617155075073,0.07463951408863068,0.23120617866516113,0.060147784650325775,,,0.4041653275489807,0.014453964307904243,0.659699022769928,0.02634744718670845,911772,150.5982376542141,2.682914450918719,17444,0.11697466180864496,ADP.2015-10-15T12_59_57.457.fits,zCOSMOS_BRIGHT_DR3_000843492_ZCMRa99_M2_Q3_17_1.fits,843492,150.598236,2.682882,4.213346522409846,2009ApJS..184..218L,,
150423.22+303034.4_907121_1,907121,0.6621000170707703,1.0,14.0,10.0249,10.0249,0.2114703506231308,0.004494474735110998,0.25587305426597595,0.004911952652037144,0.25274544954299927,0.0029507160652428865,0.23575334250926971,0.00501441303640604,0.3252585232257843,0.04289786145091057,0.3689819872379303,0.06541422009468079,,,0.538027822971344,0.015487098135054111,0.8810046315193176,0.027175989001989365,907121,150.25085310167248,2.676162574185523,6040,0.11706743601173678,ADP.2015-10-15T12_50_34.160.fits,zCOSMOS_BRIGHT_DR3_000845222_ZCMRa59_M2_Q2_19_1.fits,845222,150.250824,2.676148,1.793473163113055,2009ApJS..184..218L,,
162010.98+360316.0_671465_0.1,671465,0.657800018787384,0.1,17.0,9.83936,9.83936,0.001245398074388504,0.00013769110955763608,0.010305417701601982,0.00017565255984663963,0.008513802662491798,0.00011145132884848863,0.016778187826275826,0.0004444562364369631,0.033002790063619614,0.0066381776705384254,,,,,0.1563771665096283,0.003270674031227827,0.26181700825691223,0.005600369535386562,671465,150.01833991502727,2.3189636098550395,3557,0.11746033109018661,ADP.2015-10-15T12_48_14.247.fits,zCOSMOS_BRIGHT_DR3_000832227_ZCMRa46_M2_Q2_32_1.fits,832227,150.018341,2.318931,1.842522786518681,2009ApJS..184..218L,,
073028.10+435330.8_901482_0.0001,901482,0.28540000319480896,0.0001,8.0,9.1922,9.1922,0.0018047717167064548,4.1379793401574716e-05,0.0064450716599822044,9.564181527821347e-05,0.007754793390631676,8.761726348893717e-05,0.009898134507238865,7.508270937250927e-05,,,,,0.013420384377241135,0.0008841896196827292,0.007975675165653229,0.00011853972682729363,0.006992329843342304,0.00019456533482298255,901482,150.47261498546195,2.667198554752866,7699,0.11856046451073741,ADP.2015-10-15T12_51_56.457.fits,zCOSMOS_BRIGHT_DR3_000844148_ZCMRa89_M2_Q3_20_1.fits,844148,150.47261,2.667166,3.079492451826133,2009ApJS..184..218L,,
081842.28+091509.9_328719_0.3,328719,0.6355000138282776,0.3,4.0,9.2665,9.2665,0.01679658517241478,0.0005753739969804883,0.03671526908874512,0.0005155791877768934,0.03318716958165169,0.0004211228515487164,0.03502850979566574,0.0012629759730771184,0.0648246556520462,0.017255257815122604,0.06447107344865799,0.020489349961280823,0.09746585041284561,0.02332819066941738,0.1360107958316803,0.004560616333037615,0.23284749686717987,0.008182361721992493,328719,150.26132793218238,1.7878135542108016,5834,0.12139579803849893,ADP.2015-10-15T12_50_24.437.fits,zCOSMOS_BRIGHT_DR3_000804916_ZCMRa51_M1_Q2_24_1.fits,804916,150.261307,1.78784,1.137955140745363,2009ApJS..184..218L,,
021247.97-002256.7_241745_0.03,241745,0.421999990940094,0.03,2.0,10.0895,10.0895,0.0010462156496942043,6.140662299003452e-05,0.003314926754683256,6.830833444837481e-05,0.004486687481403351,6.662929081358016e-05,0.007907315157353878,0.00013160154048819095,0.01457105204463005,0.00149170879740268,,,,,0.04099910706281662,0.0004266678006388247,0.03757384419441223,0.0007168831070885062,241745,149.56012757649594,1.6485309557000283,16054,0.1216108011657628,ADP.2015-10-15T12_58_57.887.fits,zCOSMOS_BRIGHT_DR3_000808092_ZCMRa11_M2_Q4_20_4.fits,808092,149.560135,1.648498,2.282734832318474,2009ApJS..184..218L,,
075858.29+355643.6_282187_1,282187,0.7476000189781189,1.0,38.0,9.51569,9.51569,0.00790312048047781,0.0013393322005867958,0.06705881655216217,0.0013299998827278614,0.04938007891178131,0.0009408560581505299,0.0876825824379921,0.004717917647212744,0.18325576186180115,0.053607065230607986,0.18967074155807495,0.06261148303747177,0.2230367809534073,0.06602286547422409,0.7069696187973022,0.0214704442769289,1.0845485925674438,0.03315664827823639,282187,149.78225928348405,1.713451518914196,6557,0.12214268323065515,ADP.2015-10-15T12_51_11.243.fits,zCOSMOS_BRIGHT_DR3_000807124_ZCMRa31_M1_Q4_2_1.fits,807124,149.782227,1.713462,2.000276189257272,2009ApJS..184..218L,,
034831.88-071145.9_704449_0.1,704449,0.1768999993801117,0.1,156.0,8.99357,8.99357,0.005304326303303242,0.0002606688649393618,0.0476997047662735,0.0006355128716677427,0.034736551344394684,0.0004189774044789374,0.06870141625404358,0.0012866423930972815,0.099917471408844,0.006325751543045044,0.13758282363414764,0.00772053049877286,0.20307862758636475,0.012298922054469585,0.2964712083339691,0.0063474844209849834,0.4136769771575928,0.008650941774249077,704449,150.56454045949638,2.3642286135655532,3572,0.12293142377137412,ADP.2015-10-15T12_48_14.737.fits,zCOSMOS_BRIGHT_DR3_000829361_ZCMRa96_M1_Q3_14_1.fits,829361,150.564514,2.364207,4.11965312338462,2009ApJS..184..218L,,
022534.20-083349.0_700482_1,700482,0.7247999906539917,1.0,1808.0,9.33801,9.33801,0.014228283427655697,0.001846124418079853,0.036127276718616486,0.0016679934924468398,0.03290748968720436,0.0015591609990224242,0.05335744470357895,0.00552276661619544,0.1639936864376068,0.055965255945920944,,,,,0.26206403970718384,0.011143955402076244,0.36873525381088257,0.020425932481884956,700482,149.94214589224921,2.3613386361749487,10693,0.123601937086243,ADP.2015-10-15T12_54_21.380.fits,zCOSMOS_BRIGHT_DR3_000832607_ZCMRa36_M1_Q2_11_1.fits,832607,149.942139,2.361305,1.574267519999576,2009ApJS..184..218L,,
084313.41+535718.8_658827_0.1,658827,0.2117999941110611,0.1,3.0,9.44062,9.44062,0.05113490670919418,0.0005757272592745721,0.11159376800060272,0.001993889221921563,0.08037106692790985,0.001325828256085515,0.09358663856983185,0.001276663620956242,0.1092476099729538,0.004363585729151964,0.1368628293275833,0.006694205570966005,0.16186058521270752,0.007616688963025808,0.2590470314025879,0.0054763606749475,0.3653326630592346,0.006776041816920042,658827,150.70601769292924,2.296832990110779,17235,0.12392363684194549,ADP.2015-10-15T12_59_48.027.fits,zCOSMOS_BRIGHT_DR3_000828634_ZCMRa97_M2_Q1_23_2.fits,828634,150.705994,2.296808,6.023290294208446,2009ApJS..184..218L,,
091235.42+295725.4_464231_0.01,464231,0.3107999861240387,0.01,1.0,9.65,9.65,0.004959553480148315,6.769565516151488e-05,0.012885618954896927,0.00012096382124582306,0.015460816211998463,0.00011810314026661217,0.019770629703998566,0.0001092526872525923,0.022642122581601143,0.0005517945974133909,0.027866370975971222,0.001125367358326912,0.030534494668245316,0.0012049232609570026,0.031920988112688065,0.00026815393357537687,0.031438879668712616,0.00040238359360955656,464231,150.65264499676897,2.0008151820265705,1735,0.12747158850731938,ADP.2015-10-15T12_46_24.577.fits,zCOSMOS_BRIGHT_DR3_000815773_ZCMRa93_M1_Q2_25_2.fits,815773,150.652649,2.00078,4.476707894774974,2009ApJS..184..218L,,
023633.36+280741.5_701602_0.3,701602,0.8680999875068665,0.3,63.0,9.2595,9.2595,0.011446400545537472,0.0008655782439745963,0.029330497607588768,0.0005040016258135438,0.026405084878206253,0.00045956484973430634,0.04720567539334297,0.0016393796540796757,0.05256908759474754,0.015784334391355515,0.08099892735481262,0.019819092005491257,,,0.10484842211008072,0.0037396326661109924,0.17126451432704926,0.006922213360667229,701602,149.65571020636438,2.36247728891014,4317,0.12848571923276994,ADP.2015-10-15T12_48_55.680.fits,zCOSMOS_BRIGHT_DR3_000834100_ZCMRa17_M1_Q1_3_3.fits,834100,149.655685,2.362452,2.569573805869637,2009ApJS..184..218L,,
074439.97+225551.0_687359_0.0001,687359,0.22200000286102295,0.0001,2979.0,8.39658,8.39658,0.0012258482165634632,3.367680255905725e-05,0.0033343725372105837,7.209998875623569e-05,0.003798830322921276,6.935603596502915e-05,0.004227137193083763,7.627459126524627e-05,0.004658299032598734,0.00012822268763557076,0.004132066387683153,0.0006989202229306102,0.004817682318389416,0.0007824904168955982,0.00298293330706656,9.067466453416273e-05,0.0024310413282364607,0.00011684959463309497,687359,150.52217367322726,2.340785025481138,1790,0.12851558374275684,ADP.2015-10-15T12_46_25.777.fits,zCOSMOS_BRIGHT_DR3_000829563_ZCMRa87_M1_Q1_9_1.fits,829563,150.522156,2.340754,1.223866669022893,2009ApJS..184..218L,,
074341.51+365719.5_699799_0.03,699799,1.4989999532699585,0.03,138.0,10.0623,10.0623,0.004386467393487692,6.447117630159482e-05,0.007326328195631504,9.060584125109017e-05,0.008350257761776447,8.95286284503527e-05,0.012144465930759907,0.00015007688489276916,0.014149559661746025,0.0016794431721791625,,,0.023050248622894287,0.0022865000646561384,0.027243206277489662,0.00033018930116668344,0.029770128428936005,0.0005823782994411886,699799,150.22173123336728,2.3589973649223848,189,0.13041696119829813,ADP.2015-10-15T12_44_51.910.fits,zCOSMOS_BRIGHT_DR3_000831124_ZCMRa57_M1_Q1_6_1.fits,831124,150.22171,2.358968,2.435146946813788,2009ApJS..184..218L,,
143956.72+224522.0_672358_0.03,672358,0.7296000123023987,0.03,19.0,10.7913,10.7913,0.0045403968542814255,9.876955300569534e-05,0.007750924676656723,0.00010661770647857338,0.013695968315005302,0.00015563092892989516,0.019977577030658722,0.0001539099175715819,,,0.03881894424557686,0.002058877842500806,0.05073404684662819,0.0020149333868175745,0.06877890229225159,0.0005730724660679698,0.06970284879207611,0.0009713138570077717,672358,150.58910588322928,2.318722971852665,17686,0.13082168261749558,ADP.2015-10-15T13_00_12.733.fits,zCOSMOS_BRIGHT_DR3_000829239_ZCMRa97_M2_Q4_14_1.fits,829239,150.589096,2.318688,3.814317418574844,2009ApJS..184..218L,,
085706.35+190853.5_902846_0.3,902846,0.3352000117301941,0.3,5.0,9.17967,9.17967,0.16699780523777008,0.0033403572160750628,0.1709877848625183,0.002243796829134226,0.20024272799491882,0.003355734283104539,0.2856638431549072,0.006292024627327919,0.2994132339954376,0.01585160754621029,0.5703072547912598,0.026095634326338768,1.2747896909713745,0.03280305117368698,2.691763401031494,0.06491357088088989,4.320682525634766,0.08414364606142044,902846,150.2304652032239,2.6698008600173693,15553,0.13258708919181933,ADP.2015-10-15T12_58_26.120.fits,zCOSMOS_BRIGHT_DR3_000845312_ZCMRa79_M2_Q3_21_1.fits,845312,150.230438,2.669776,4.650947206657638,2009ApJS..184..218L,,
090933.49+425346.5_683259_0.1,683259,0.6771000027656555,0.1,17.0,10.8508,10.8508,0.004126895684748888,0.00020507366571109742,0.018785052001476288,0.0002931638155132532,0.018070898950099945,0.0003019448777195066,0.0363047793507576,0.0006026027840562165,0.07268416881561279,0.007207681890577078,0.11132104694843292,0.00993542093783617,0.14140450954437256,0.010299084708094597,0.2809287905693054,0.005042868200689554,0.39569807052612305,0.007654278539121151,683259,150.28298356533148,2.3340146677983045,2041,0.1331494804754129,ADP.2015-10-15T12_46_43.293.fits,zCOSMOS_BRIGHT_DR3_000830810_ZCMRa66_M1_Q2_26_1.fits,830810,150.282959,2.333987,4.242201583839725,2009ApJS..184..218L,,
083406.94+350602.9_936379_0.1,936379,0.47040000557899475,0.1,2.0,9.13796,9.13796,0.0011867746943607926,0.00011434050975367427,0.009569917805492878,0.00015104837075341493,0.007421285845339298,0.00011677973816404119,0.014274188317358494,0.0003557688614819199,0.04287831112742424,0.00450047105550766,0.0575740709900856,0.006246261298656464,0.09744177013635635,0.007631206419318914,0.11797215044498444,0.0030803303234279156,0.2336924523115158,0.0053613195195794106,936379,150.1408725968912,2.7222606969827154,17997,0.13419258430559164,ADP.2015-10-15T13_00_30.150.fits,zCOSMOS_BRIGHT_DR3_000845763_ZCMRa59_M1_Q2_3_1.fits,845763,150.1409,2.722286,1.45068696978477,2009ApJS..184..218L,,
163459.82+204936.0_516555_0.03,516555,0.13570000231266022,0.03,2.0,8.68207,8.68207,0.0053345090709626675,8.909143798518926e-05,0.03495996072888374,0.00041739377775229514,0.026024460792541504,0.00021668366389349103,0.04546119645237923,0.00044394430005922914,0.08654282242059708,0.0026955364737659693,0.15320834517478943,0.003965181764215231,0.27722206711769104,0.0058801607228815556,0.48330292105674744,0.009866388514637947,0.7081111669540405,0.014099134132266045,516555,149.4740825092394,2.0834537804919977,9290,0.1389657268478937,ADP.2015-10-15T12_53_25.320.fits,zCOSMOS_BRIGHT_DR3_000821178_ZCMRa13_M2_Q3_1_1.fits,821178,149.474045,2.083463,4.258406781498538,2009ApJS..184..218L,,
021833.19+002525.8_455957_0.3,455957,0.8389999866485596,0.3,1.0,10.9015,10.9015,0.0034291737247258425,0.00038714861148037016,0.016843777149915695,0.0003114158462267369,0.02025265246629715,0.00024740424123592675,0.039381884038448334,0.0010015303269028664,0.0977742150425911,0.01748623326420784,,,0.17192064225673676,0.025022324174642563,0.19099873304367065,0.00350499851629138,0.19215750694274902,0.00629398413002491,455957,149.7663561534683,1.987611502639437,17298,0.14673269571501932,ADP.2015-10-15T12_59_50.290.fits,zCOSMOS_BRIGHT_DR3_000819943_ZCMRa24_M2_Q1_16_2.fits,819943,149.766327,1.987583,3.476395559957662,2009ApJS..184..218L,,
083010.16+345320.3_726230_0.0001,726230,0.7369999885559082,0.0001,27.0,9.85326,9.85326,0.0010397228179499507,4.0955826989375055e-05,0.0023512626066803932,5.9199253882979974e-05,0.004232669714838266,7.818618905730546e-05,0.006028573028743267,7.736320549156517e-05,,,0.011932456865906715,0.0006821342976763844,0.017092401161789894,0.0010127489222213626,0.028715087100863457,0.00019969431741628796,0.03267320990562439,0.000326922454405576,726230,149.49376791104908,2.399611456944649,1425,0.1472824501897914,ADP.2015-10-15T12_46_02.320.fits,zCOSMOS_BRIGHT_DR3_000834846_ZCMRa16_M2_Q3_4_1.fits,834846,149.493774,2.399571,1.826312000772386,2009ApJS..184..218L,,
144506.24+063019.6_656994_0.003,656994,0.30559998750686646,0.003,1.0,8.65259,8.65259,0.0020134211517870426,3.568110696505755e-05,0.0043129026889801025,7.654349610675126e-05,0.0045728255063295364,6.832025974290445e-05,0.006009484175592661,8.10875280876644e-05,,,,,0.006560192443430424,0.0007569165318273008,0.009352099150419235,0.00017952463531401008,0.009380309842526913,0.00020866090198978782,656994,150.576318797009,2.2970893706590347,15976,0.1496277427733576,ADP.2015-10-15T12_58_55.347.fits,zCOSMOS_BRIGHT_DR3_000829311_ZCMRa85_M2_Q2_1_1.fits,829311,150.576294,2.297056,1.035546261620627,2009ApJS..184..218L,,
165238.29+414035.4_677435_0.3,677435,0.8490999937057495,0.3,18.0,9.85034,9.85034,0.004440597258508205,0.0003125274961348623,0.029288150370121002,0.000509061268530786,0.02157656103372574,0.00035135727375745773,0.04809965193271637,0.0015894494717940688,0.11890345066785812,0.01569344289600849,,,,,0.38189056515693665,0.0089218495413661,0.6281311511993408,0.013234570622444153,677435,149.98566631051366,2.327151681236476,17124,0.1707264477062237,ADP.2015-10-15T12_59_42.240.fits,zCOSMOS_BRIGHT_DR3_000832401_ZCMRa56_M1_Q3_24_4.fits,832401,149.985687,2.327109,3.555375308134415,2009ApJS..184..218L,,
083343.47+074654.4_767829_0.3,767829,0.2150000035762787,0.3,64.0,8.35737,8.35737,0.08947347849607468,0.00139211630448699,0.15410453081130981,0.0026588723994791508,0.11254691332578659,0.0014062420232221484,0.1304466873407364,0.002447891980409622,0.11305037885904312,0.014772125519812107,0.13736598193645477,0.020985940471291542,0.2122867852449417,0.01924833282828331,0.2953367531299591,0.0070867715403437614,0.440544068813324,0.011856883764266968,767829,150.53714864698912,2.4633636534516024,19765,0.17789212134766688,ADP.2015-10-15T13_01_59.540.fits,zCOSMOS_BRIGHT_DR3_000836540_ZCMRa88_M2_Q1_5_1.fits,836540,150.53714,2.463315,2.237278781104368,2009ApJS..184..218L,,
024259.00-001038.3_342432_0.1,342432,0.7358999848365784,0.1,3.0,9.81798,9.81798,0.003120369976386428,0.0001717739796731621,0.0057688066735863686,0.0001364439376629889,0.006819993257522583,0.00011955834634136409,0.00980697013437748,0.00041719526052474976,,,0.03158508986234665,0.006120615638792515,,,0.07334279268980026,0.0010793928522616625,0.08696684241294861,0.0020836442708969116,342432,149.94864427092145,1.8093144688636218,17695,0.2757240355383491,ADP.2015-10-15T13_00_12.890.fits,zCOSMOS_BRIGHT_DR3_000812747_ZCMRa41_M1_Q3_9_1.fits,812747,149.948715,1.809285,1.068276160035884,2009ApJS..184..218L,,
082618.74+191752.9_927685_0.3,927685,0.7894999980926514,0.3,11.0,10.0682,10.0682,0.0009869879577308893,0.0005189578514546156,0.012276179157197475,0.0003416067629586905,0.01087283156812191,0.00026046583661809564,0.023074105381965637,0.001167485723271966,,,0.07076437026262283,0.015718765556812286,0.07954131066799164,0.01775488816201687,0.1206350028514862,0.0035243139136582613,0.16145692765712738,0.006317384075373411,927685,149.99517772919333,2.706613073810307,2734,0.2789405353968088,ADP.2015-10-15T12_47_34.297.fits,zCOSMOS_BRIGHT_DR3_000846598_ZCMRa59_M2_Q3_11_1.fits,846598,149.995163,2.706537,1.123492737964116,2009ApJS..184..218L,,
091745.80+374136.7_536215_0.3,536215,0.6327000260353088,0.3,1.0,10.4385,10.4385,0.0018008610932156444,0.00043175905011594296,0.021764108911156654,0.0005159517750144005,0.015512648969888687,0.0002632447285577655,0.031222043558955193,0.0014832201413810253,0.06628281623125076,0.017163075506687164,,,0.16320188343524933,0.025255512446165085,0.2804788649082184,0.005822628736495972,0.42173826694488525,0.010253174230456352,536215,149.93327126311834,2.1149027428826175,17378,0.43297071335113774,ADP.2015-10-15T12_59_54.967.fits,zCOSMOS_BRIGHT_DR3_000700632_ZCMRa35_M1_Q1_15_1.fits,700632,149.933273,2.115023,2.791710786956149,2009ApJS..184..218L,,
163532.54+250554.0_854910_0.01,854910,0.5508000254631042,0.01,2.0,9.01205,9.01205,0.002110058907419443,5.44840659131296e-05,0.0036511702928692102,7.068611012073234e-05,0.004488401114940643,7.599977834615856e-05,0.004626620095223188,8.720312325749546e-05,,,,,0.005978493019938469,0.0011698538437485695,0.007365632802248001,0.00015925154730211943,0.007939762435853481,0.00026970249018631876,854910,150.76883666639515,2.595702104312266,3396,0.4862585266991114,ADP.2015-10-15T12_48_08.430.fits,zCOSMOS_BRIGHT_DR3_000835408_ZCMRa90_M2_Q1_29_1.fits,835408,150.768951,2.59563,0.9857749562654238,2009ApJS..184..218L,,
