cosmos_id,representative_chimera_id,n_chimeras_in_provenance,host_ra_deg,host_dec_deg,host_redshift,service,rank,match_ra_deg,match_dec_deg,separation_arcsec,match_redshift,match_redshift_error,delta_redshift,redshift_consistent,spectype,subclass,data_release,spectrum_id,plate,mjd,fiber,targetid,sparcl_id
929394,151338.71+413904.9_929394_0.3,3,150.1406330654331,2.710893860818697,0.7767999768257141,desi,1,150.14061217916975,2.7109016651974005,0.08018942293336646,0.7761298053226972,1.9530112546369252e-05,-0.0006701715030169586,True,GALAXY,,DESI-EDR,39627853683231890,,,,,04ceae0b-9ca3-11ee-848f-525400ad1336
929394,151338.71+413904.9_929394_0.3,3,150.1406330654331,2.710893860818697,0.7767999768257141,desi,2,150.14061217916975,2.7109016651974005,0.08018942293336646,0.7761253745764025,1.5357898128209985e-05,-0.0006746022493115955,True,GALAXY,,DESI-DR1,39627853683231890,,,,,1687e3d4-89a6-11ef-9ffa-525400f334e1
929394,151338.71+413904.9_929394_0.3,3,150.1406330654331,2.710893860818697,0.7767999768257141,desi,3,150.14061217916975,2.7109016651974005,0.08018942293336646,0.7762136154121061,3.3296716518519357e-05,-0.0005863614136080164,True,GALAXY,,DESI-DR1,39627853683231890,,,,,617259b8-8813-11ef-9522-525400f334e1
644415,085353.71+142920.2_644415_0.0003,3,149.78779119545896,2.2764507047781994,0.478300005197525,desi,1,149.78777435478085,2.2764736632501252,0.10247375813329593,0.47798319480132734,1.0000100895815897e-05,-0.00031681039619768647,True,GALAXY,,DESI-DR1,39089837394899662,,,,,33348868-8787-11ef-b32b-525400f334e1
456199,144130.51+114437.6_456199_0.001,2,149.89338092430862,1.9882419853831572,0.5300999879837036,desi,1,149.89337437467776,1.9882280205435179,0.0555220817498776,0.5296814071463171,4.746099675485692e-05,-0.0004185808373865507,True,GALAXY,,DESI-DR1,39089837394906800,,,,,f0f3525f-8786-11ef-bbcb-525400f334e1
634789,164527.79+194534.3_634789_0.03,2,149.78969868140126,2.2635990850347305,1.2237999439239502,desi,1,149.7897132990164,2.263592131606305,0.05823677453046722,1.2228308051577408,0.00012636967619172721,-0.0009691387662094098,True,GALAXY,,DESI-DR1,39627841599439869,,,,,2bf61d94-89a5-11ef-8b11-525400f334e1
634789,164527.79+194534.3_634789_0.03,2,149.78969868140126,2.2635990850347305,1.2237999439239502,desi,2,149.7897132990164,2.263592131606305,0.05823677453046722,1.2228192535109617,0.00011028326231039896,-0.0009806904129885385,True,GALAXY,,DESI-EDR,39627841599439869,,,,,37ad86a0-9d38-11ee-ac58-525400ad1336
634789,164527.79+194534.3_634789_0.03,2,149.78969868140126,2.2635990850347305,1.2237999439239502,desi,3,149.7897132990164,2.263592131606305,0.05823677453046722,0.932752477574551,2.232146096148817e-46,-0.29104746634939915,False,GALAXY,,DESI-DR1,39627841599439869,,,,,441f0dec-87f0-11ef-8cfd-525400f334e1
634789,164527.79+194534.3_634789_0.03,2,149.78969868140126,2.2635990850347305,1.2237999439239502,desi,4,149.7897132990164,2.263592131606305,0.05823677453046722,-0.0019956912923479522,4.1311493573349107e-48,-1.2257956352162982,False,STAR,,DESI-EDR,39627841599439869,,,,,a14fbc35-9b0a-11ee-b2a9-525400ad1336
640223,163642.91+332729.0_640223_1,1,149.75671365111765,2.271359043497398,0.9039999842643738,desi,1,149.7566978439259,2.2713706524669766,0.07056762312844203,0.9046443400007104,2.2561156911005852e-05,0.0006443557363365882,True,GALAXY,,DESI-DR1,39627841599439062,,,,,30dc8547-89a5-11ef-b0ce-525400f334e1
640223,163642.91+332729.0_640223_1,1,149.75671365111765,2.271359043497398,0.9039999842643738,desi,2,149.7566978439259,2.2713706524669766,0.07056762312844203,0.9046431005467165,2.2075831536075363e-05,0.0006431162823427039,True,GALAXY,,DESI-EDR,39627841599439062,,,,,4224b672-9d38-11ee-b48d-525400ad1336
604414,143730.21+082700.6_604414_0.0001,1,149.78022321410805,2.217754153417058,1.1593999862670898,desi,1,149.78018362509385,2.217747288356417,0.14454222385349405,1.1589882224180486,2.6760893885746704e-05,-0.00041176384904129115,True,GALAXY,,DESI-DR1,39627841599439623,,,,,30cea048-89a5-11ef-bdc8-525400f334e1
604414,143730.21+082700.6_604414_0.0001,1,149.78022321410805,2.217754153417058,1.1593999862670898,desi,2,149.78018362509385,2.217747288356417,0.14454222385349405,1.158983252877181,2.8109985800021723e-05,-0.0004167333899087744,True,GALAXY,,DESI-EDR,39627841599439623,,,,,420784a4-9d38-11ee-9211-525400ad1336
604414,143730.21+082700.6_604414_0.0001,1,149.78022321410805,2.217754153417058,1.1593999862670898,desi,3,149.78018362509385,2.217747288356417,0.14454222385349405,1.1589936328441501,3.6591323292656096e-05,-0.0004063534229397092,True,GALAXY,,DESI-DR1,39627841599439623,,,,,d10ad583-8812-11ef-a873-525400f334e1
601996,075515.06+185856.8_601996_0.03,5,150.70291407516427,2.21344501706475,0.4627000093460083,desi,1,150.70289561173493,2.2134386600941913,0.0702508235326382,0.4626179162642962,5.20740250592701e-06,-8.209308171208685e-05,True,GALAXY,,DESI-DR1,39089837395033116,,,,,276b6254-8786-11ef-858d-525400f334e1
617822,153004.79+101207.5_617822_1,1,150.45743368826035,2.235078456568293,0.22120000422000885,desi,1,150.4574206610787,2.2350791303698494,0.04692491267639324,0.2212755765708756,7.004410114929136e-06,7.55723508667483e-05,True,GALAXY,,DESI-DR1,39627841607832696,,,,,3b88b2e3-88f3-11ef-8096-525400f334e1
617822,153004.79+101207.5_617822_1,1,150.45743368826035,2.235078456568293,0.22120000422000885,desi,2,150.4574206610787,2.2350791303698494,0.04692491267639324,0.2212755315408517,7.0328084949944916e-06,7.552732084284419e-05,True,GALAXY,,DESI-EDR,39627841607832696,,,,,b5032bff-9b38-11ee-82f9-525400ad1336
617822,153004.79+101207.5_617822_1,1,150.45743368826035,2.235078456568293,0.22120000422000885,desi,3,150.4574206610787,2.2350791303698494,0.04692491267639324,0.22130490660609695,4.389948186779914e-06,0.00010490238608809599,True,GALAXY,,DESI-DR1,39627841607832696,,,,,d34d3542-8b70-11ef-b9d1-525400f334e1
915587,080320.08+252602.4_915587_0.003,3,149.50627951157267,2.68759314853932,0.47099998593330383,desi,1,149.50629251041852,2.687595615474207,0.047580540812193754,0.4705310333267887,9.916528948535777e-05,-0.00046895260651513837,True,GALAXY,,DESI-DR1,39089837394912103,,,,,2de6014e-8787-11ef-816a-525400f334e1
432099,080409.24+385348.8_432099_0.0003,1,150.55995647425726,1.9491856007384945,0.218299999833107,desi,1,150.559898305159,1.9491743001567177,0.2132048946019719,0.12054181560443361,4.8316037545072875e-05,-0.09775818422867338,False,GALAXY,,DESI-DR1,39627835572225561,,,,,6e58720a-89a3-11ef-9c5f-525400f334e1
432099,080409.24+385348.8_432099_0.0003,1,150.55995647425726,1.9491856007384945,0.218299999833107,desi,2,150.559898305159,1.9491743001567177,0.2132048946019719,0.19898539667727957,7.16740128730976e-05,-0.01931460315582742,True,GALAXY,,DESI-EDR,39627835572225561,,,,,b4992f77-9b8d-11ee-8ea3-525400ad1336
436135,164806.79+272658.8_436135_0.01,6,149.59586284362507,1.9562206511302702,0.5309000015258789,desi,1,149.59584063148836,1.9562172580254724,0.08084523336437947,0.5299673012230763,9.550849139605535e-05,-0.0009327003028025693,True,GALAXY,,DESI-DR1,39089837394921296,,,,,052dc305-8787-11ef-80fe-525400f334e1
463262,154042.89+323307.2_463262_0.0003,2,150.75065616862616,2.0014599522706056,0.9259999990463257,desi,1,150.75061794266233,2.0014298653689653,0.17506010674705288,0.926126339518352,1.56858158080671e-05,0.0001263404720263095,True,GALAXY,,DESI-EDR,39627835576418348,,,,,8fe9672a-9afb-11ee-9c38-525400ad1336
463262,154042.89+323307.2_463262_0.0003,2,150.75065616862616,2.0014599522706056,0.9259999990463257,desi,2,150.75061794266233,2.0014298653689653,0.17506010674705288,0.9261285992759023,1.5749041168968694e-05,0.0001286002295766142,True,GALAXY,,DESI-DR1,39627835576418348,,,,,d86bb172-87ef-11ef-b5cf-525400f334e1
447761,081554.14+383122.3_447761_0.03,1,150.00588503052478,1.9765331213302075,0.9980999827384949,desi,1,150.00587040579975,1.9764685015316579,0.23850771681389413,0.9976979632761704,4.4197642957184175e-05,-0.0004020194623244322,True,GALAXY,,DESI-EDR,39627835563835550,,,,,2cb32cb0-9b8d-11ee-9751-525400ad1336
447761,081554.14+383122.3_447761_0.03,1,150.00588503052478,1.9765331213302075,0.9980999827384949,desi,2,150.00587040579975,1.9764685015316579,0.23850771681389413,0.997705806824237,4.366149349721586e-05,-0.0003941759142578327,True,GALAXY,,DESI-DR1,39627835563835550,,,,,3180d85a-89a3-11ef-905b-525400f334e1
447761,081554.14+383122.3_447761_0.03,1,150.00588503052478,1.9765331213302075,0.9980999827384949,desi,3,150.00587040579975,1.9764685015316579,0.23850771681389413,0.9977171315829738,4.5799735454278925e-05,-0.00038285115552105786,True,GALAXY,,DESI-DR1,39627835563835550,,,,,8676ad33-8811-11ef-8451-525400f334e1
940942,154510.95+345246.9_940942_1,6,149.9801596181589,2.727765194359941,0.5157999992370605,desi,1,149.9801580244866,2.7278010054370014,0.1290471849345961,0.5153905545241294,8.941150380904234e-05,-0.0004094447129311396,True,GALAXY,,DESI-DR1,39089837394934258,,,,,a7107460-8787-11ef-ba3a-525400f334e1
774870,141050.17+035343.8_774870_1,1,150.33354529712565,2.473361869630257,0.3580000102519989,desi,1,150.33350689123236,2.473338337897529,0.16204032008610317,0.35691764528576597,8.843348857999866e-06,-0.0010823649662329293,True,GALAXY,,DESI-DR1,39089837395008897,,,,,bfd1fff3-8787-11ef-95db-525400f334e1
784157,015450.35+132312.5_784157_0.001,3,150.482644974167,2.4880680155258634,0.560699999332428,desi,1,150.4826033229517,2.4880688190451847,0.14983094589342055,0.5597064732808723,8.127178301001386e-05,-0.000993526051555671,True,GALAXY,,DESI-DR1,39089837395009567,,,,,3c901e92-8789-11ef-9b85-525400f334e1
779468,084718.13+130017.0_779468_0.0001,5,150.12112533930255,2.4806282753548614,0.6887000203132629,desi,1,150.12111234568755,2.480625790975854,0.04758130960720936,0.6882772054503274,1.1202007655562582e-05,-0.0004228148629354944,True,GALAXY,,DESI-DR1,39089837395051363,,,,,b0ebcdb1-8787-11ef-947c-525400f334e1
778362,082127.13+280057.5_778362_0.0001,6,149.5485670472844,2.477354535641424,0.21950000524520874,desi,1,149.54857109187583,2.477352849398592,0.015762726852005957,0.21968369069184612,1.017921866848844e-05,0.00018368544663738273,True,GALAXY,,DESI-EDR,39627847635043333,,,,,a206cd3a-9d14-11ee-90df-525400ad1336
778362,082127.13+280057.5_778362_0.0001,6,149.5485670472844,2.477354535641424,0.21950000524520874,desi,2,149.54857109187583,2.477352849398592,0.015762726852005957,0.2196851251764752,1.0216906972208577e-05,0.0001851199312664642,True,GALAXY,,DESI-DR1,39627847635043333,,,,,a64693db-88f4-11ef-af9b-525400f334e1
793663,094734.26+475533.8_793663_0.1,3,149.5060789884613,2.5041883753054166,1.5247999429702759,desi,1,149.50604318295487,2.504220527436351,0.17315013318047154,1.5247555473855554,0.00011306333413995298,-4.439558472046912e-05,True,GALAXY,,DESI-DR1,39627847635042474,,,,,3f4ea642-89a5-11ef-8a41-525400f334e1
793663,094734.26+475533.8_793663_0.1,3,149.5060789884613,2.5041883753054166,1.5247999429702759,desi,2,149.50604318295487,2.504220527436351,0.17315013318047154,1.5247735445823944,0.00011509192685132292,-2.6398387881432228e-05,True,GALAXY,,DESI-EDR,39627847635042474,,,,,61b9b796-9d38-11ee-99a5-525400ad1336
793663,094734.26+475533.8_793663_0.1,3,149.5060789884613,2.5041883753054166,1.5247999429702759,desi,3,149.50604318295487,2.504220527436351,0.17315013318047154,1.5246346497516212,0.00011735497103771035,-0.00016529321865466073,True,GALAXY,,DESI-DR1,39627847635042474,,,,,9597a6ec-8812-11ef-a9b8-525400f334e1
948678,035206.93-064415.6_948678_0.0001,3,149.53834900492873,2.7401922066680457,0.16680000722408295,desi,1,149.53835941514933,2.74023048974323,0.1428124513218225,0.16611307583414092,3.3339205488504604e-06,-0.0006869313899420249,True,GALAXY,,DESI-DR1,39089837394912213,,,,,7c37bff3-8787-11ef-a224-525400f334e1
948678,035206.93-064415.6_948678_0.0001,3,149.53834900492873,2.7401922066680457,0.16680000722408295,desi,2,149.53835941514933,2.74023048974323,0.1428124513218225,0.16612796924883694,4.600424145639458e-06,-0.0006720379752460093,True,GALAXY,,DESI-DR1,39627853674840813,,,,,b6a451c5-88f4-11ef-90cc-525400f334e1
948678,035206.93-064415.6_948678_0.0001,3,149.53834900492873,2.7401922066680457,0.16680000722408295,desi,3,149.53835941514933,2.74023048974323,0.1428124513218225,0.16612669109290804,4.62346365657465e-06,-0.0006733161311749114,True,GALAXY,,DESI-EDR,39627853674840813,,,,,c690d03b-9d14-11ee-9bc8-525400ad1336
667346,161231.35+184055.1_667346_0.1,5,150.19109986290894,2.3104501574150023,0.7501000165939331,desi,1,150.19106033137524,2.3104222003386012,0.17421175208261924,0.7504035708122714,7.995019821898351e-05,0.00030355421833827556,True,GALAXY,,DESI-DR1,39089837395049761,,,,,ca75b25c-8787-11ef-85c3-525400f334e1
932558,084101.69+425806.4_932558_0.01,1,149.7155908628978,2.715857537575637,0.8827000260353088,desi,1,149.71556345777094,2.7158705326707984,0.10908815476004888,0.8824214988236325,2.1195167768904976e-05,-0.000278527211676316,True,GALAXY,,DESI-DR1,39627853674844234,,,,,54159f55-89a5-11ef-843d-525400f334e1
932558,084101.69+425806.4_932558_0.01,1,149.7155908628978,2.715857537575637,0.8827000260353088,desi,2,149.71556345777094,2.7158705326707984,0.10908815476004888,0.8824191619378777,2.1454018913796356e-05,-0.0002808640974311105,True,GALAXY,,DESI-EDR,39627853674844234,,,,,8dffce95-9d38-11ee-b8d9-525400ad1336
932558,084101.69+425806.4_932558_0.01,1,149.7155908628978,2.715857537575637,0.8827000260353088,desi,3,149.71556345777094,2.7158705326707984,0.10908815476004888,0.8824298377490245,2.4838810189548224e-05,-0.0002701882862843341,True,GALAXY,,DESI-DR1,39627853674844234,,,,,d09736a7-8812-11ef-a75a-525400f334e1
969270,082059.54+223003.7_969270_0.0003,5,150.41466397960872,2.774147359689344,0.8151000142097473,desi,1,150.41461014249035,2.7741497956107994,0.19378501119250907,0.8147791544851275,4.280393758331728e-05,-0.00032085972461981527,True,GALAXY,,DESI-DR1,39089837395052613,,,,,da352817-8788-11ef-980c-525400f334e1
992443,165638.97+265120.1_992443_0.3,4,150.1218465803809,2.8113704467685956,0.6977999806404114,desi,1,150.12181758573405,2.811356565568411,0.11561296859683737,0.6977579407164055,0.0001855678271213484,-4.2039924005865537e-05,True,GALAXY,,DESI-DR1,39089837395016238,,,,,8ec5b1c9-8788-11ef-b9c3-525400f334e1
965280,142003.81+051510.5_965280_0.0001,1,149.98079332521706,2.768265000341946,0.34940001368522644,desi,1,149.98079223255547,2.7682987744856984,0.12165038216967917,0.3488819856545844,1.3130124294431635e-05,-0.0005180280306420482,True,GALAXY,,DESI-DR1,39089837394934261,,,,,90349b5b-8787-11ef-9d7e-525400f334e1
960283,085845.32+354507.8_960283_0.03,1,150.75159744068316,2.760583189775729,0.6814000010490417,desi,1,150.75160270691208,2.7606522475778905,0.24932823627957387,0.680664760767331,9.984836054603801e-06,-0.0007352402817107917,True,GALAXY,,DESI-EDR,39627853695811647,,,,,2dace85f-9b66-11ee-a810-525400ad1336
960283,085845.32+354507.8_960283_0.03,1,150.75159744068316,2.760583189775729,0.6814000010490417,desi,2,150.75160270691208,2.7606522475778905,0.24932823627957387,0.6806652428638074,9.982048288219247e-06,-0.0007347581852343854,True,GALAXY,,DESI-DR1,39627853695811647,,,,,8e6e55d8-87f0-11ef-9843-525400f334e1
962165,081822.14+233206.8_962165_1,1,149.70784333213774,2.7613453137615767,0.25060001015663147,desi,1,149.70783153245455,2.761369773104161,0.09774307042020963,0.25022392755284156,8.932813722500165e-05,-0.00037608260378990677,True,GALAXY,,DESI-DR1,39089837394912745,,,,,8554e870-8787-11ef-b05c-525400f334e1
954450,081747.77+090037.9_954450_0.001,1,149.99735309912774,2.7510000363672487,0.5375000238418579,desi,1,149.99735199430614,2.7510247073342864,0.08890428931393357,0.5373933216548477,0.00010589423014750526,-0.00010670218701025469,True,GALAXY,,DESI-DR1,39089837394934317,,,,,a996aa19-8787-11ef-82e7-525400f334e1
576107,085423.82+354529.7_576107_0.0003,1,150.09017480714272,2.1739097891718893,0.6819999814033508,desi,1,150.09014024147024,2.173895502099498,0.13456427236487672,0.6831489224553587,0.00023486946188700774,0.0011489410520079124,True,GALAXY,,DESI-DR1,39089837395049378,,,,,ff8c8fd5-8786-11ef-840a-525400f334e1
565097,084022.13+292210.6_565097_0.001,2,149.69595437591855,2.157387922155269,0.5163999795913696,desi,1,149.6959565626726,2.1573788391569257,0.03363178028216279,0.5159289443798805,5.4026662233152654e-05,-0.00047103521148916805,True,GALAXY,,DESI-DR1,39089837394933147,,,,,4e59f95a-8787-11ef-b7a3-525400f334e1
563817,084419.88+171845.5_563817_0.003,6,150.63984734752935,2.1557382618434797,0.8967999815940857,desi,1,150.63980815231818,2.155720765576914,0.15443161650732026,0.8967096265080361,5.923718530941762e-05,-9.03550860495983e-05,True,GALAXY,,DESI-EDR,39627841612025231,,,,,807427ab-9afb-11ee-8fe9-525400ad1336
563817,084419.88+171845.5_563817_0.003,6,150.63984734752935,2.1557382618434797,0.8967999815940857,desi,2,150.63980815231818,2.155720765576914,0.15443161650732026,0.8966722874895161,6.614593245512135e-05,-0.00012769410456958674,True,GALAXY,,DESI-DR1,39089837395032880,,,,,95d2b69b-8784-11ef-9e73-525400f334e1
563817,084419.88+171845.5_563817_0.003,6,150.63984734752935,2.1557382618434797,0.8967999815940857,desi,3,150.63980815231818,2.155720765576914,0.15443161650732026,0.8967188210335295,6.702969249986966e-05,-8.11605605561816e-05,True,GALAXY,,DESI-DR1,39627841612025231,,,,,d0ea39ad-87ef-11ef-85bb-525400f334e1
523458,024126.71-004526.2_523458_0.1,5,150.03616184171904,2.094133861121982,0.7350999712944031,desi,1,150.0361304695629,2.0941328157282495,0.1129270616507623,0.7345687326612769,0.00013198102351723353,-0.0005312386331262076,True,GALAXY,,DESI-DR1,39089837395005986,,,,,149004f7-8787-11ef-92c8-525400f334e1
525525,160227.45+153222.0_525525_0.001,4,150.26243033469294,2.098793128823134,0.4230000078678131,desi,1,150.26241143007678,2.0987847564753803,0.07439044301795715,0.424035231544336,0.00015872956573124235,0.0010352236765228673,True,GALAXY,,DESI-DR1,39089837395056046,,,,,d3031464-8784-11ef-a4c8-525400f334e1
518277,083137.26+381520.4_518277_1,2,150.63137521390118,2.087345553955484,0.3255000114440918,desi,1,150.63133000211243,2.087348902479508,0.16310052859880955,0.3249432281396767,1.1679388668416417e-05,-0.0005567833044151094,True,GALAXY,,DESI-DR1,39089837395030140,,,,,ab8b0cd3-8784-11ef-9787-525400f334e1
447515,073627.08+274405.8_447515_0.0001,10,149.54027705121945,1.9741597162511388,0.7498999834060669,desi,1,149.5402557890404,1.9741256967619354,0.14439857235031314,0.7488551319102456,0.00017829159153913735,-0.0010448514958213417,True,GALAXY,,DESI-DR1,39089837394921102,,,,,17ac2c69-8782-11ef-bcbe-525400f334e1
507236,164329.77+305239.6_507236_0.0003,5,150.3579065908368,2.06893771340142,0.963699996471405,desi,1,150.35785750711227,2.0689506929344867,0.18266373844379888,0.9630508153825263,2.164650917473388e-05,-0.0006491810888786809,True,GALAXY,,DESI-DR1,39627835568032215,,,,,6c39410f-89a3-11ef-9903-525400f334e1
507236,164329.77+305239.6_507236_0.0003,5,150.3579065908368,2.06893771340142,0.963699996471405,desi,2,150.35785750711227,2.0689506929344867,0.18266373844379888,0.9630455979502595,2.2296619032384805e-05,-0.0006543985211455716,True,GALAXY,,DESI-EDR,39627835568032215,,,,,afb257c4-9b8d-11ee-9082-525400ad1336
507236,164329.77+305239.6_507236_0.0003,5,150.3579065908368,2.06893771340142,0.963699996471405,desi,3,150.35785750711227,2.0689506929344867,0.18266373844379888,0.9631032222057917,2.2083617554609536e-05,-0.0005967742656133312,True,GALAXY,,DESI-DR1,39089837395056433,,,,,f9d20f45-8784-11ef-a519-525400f334e1
489692,084348.64+620626.6_489692_0.0001,8,149.63407642181943,2.0441042282331714,0.883400022983551,desi,1,149.63410453104444,2.0440878334569046,0.11709201179124906,0.8831848222916661,5.1699351843222804e-05,-0.0002152006918849647,True,GALAXY,,DESI-DR1,39627835555449892,,,,,be3768cc-8812-11ef-9b79-525400f334e1
489692,084348.64+620626.6_489692_0.0001,8,149.63407642181943,2.0441042282331714,0.883400022983551,desi,2,149.63410453104444,2.0440878334569046,0.11709201179124906,0.882999470724062,5.034563676993536e-05,-0.0004005522594889843,True,GALAXY,,DESI-EDR,39627835555449892,,,,,c6170a91-9d37-11ee-a048-525400ad1336
489692,084348.64+620626.6_489692_0.0001,8,149.63407642181943,2.0441042282331714,0.883400022983551,desi,3,149.63410453104444,2.0440878334569046,0.11709201179124906,0.8829951953710831,5.416308225710241e-05,-0.00040482761246796173,True,GALAXY,,DESI-DR1,39627835555449892,,,,,f7b7e2e3-89a4-11ef-a634-525400f334e1
478419,155638.22+442853.3_478419_0.03,4,150.62947768806993,2.0245658886284055,0.43880000710487366,desi,1,150.6294298928814,2.0245400404901686,0.19551862404351034,0.43891609922198105,1.0793016938003322e-05,0.00011609211710739142,True,GALAXY,,DESI-DR1,39089837395030131,,,,,aaecb00a-8784-11ef-a745-525400f334e1
479137,085841.94+303217.2_479137_0.01,13,150.27048780972103,2.027754603073253,1.7274999618530273,desi,1,150.2704541368103,2.0277318673740337,0.1462042110030023,1.3230147340052825,4.877225997055898e-05,-0.4044852278477449,False,GALAXY,,DESI-DR1,39627835568030203,,,,,75119e95-89a3-11ef-8519-525400f334e1
479137,085841.94+303217.2_479137_0.01,13,150.27048780972103,2.027754603073253,1.7274999618530273,desi,2,150.2704541368103,2.0277318673740337,0.1462042110030023,1.1766488164502842,0.00011085326076859127,-0.5508511454027432,False,GALAXY,,DESI-DR1,39627835568030203,,,,,82617d62-8811-11ef-82f2-525400f334e1
479137,085841.94+303217.2_479137_0.01,13,150.27048780972103,2.027754603073253,1.7274999618530273,desi,3,150.2704541368103,2.0277318673740337,0.1462042110030023,-0.0019956912923479522,4.1311493573349107e-48,-1.7294956531453753,False,STAR,,DESI-EDR,39627835568030203,,,,,a2dd9043-9afb-11ee-ac09-525400ad1336
479137,085841.94+303217.2_479137_0.01,13,150.27048780972103,2.027754603073253,1.7274999618530273,desi,4,150.2704541368103,2.0277318673740337,0.1462042110030023,0.7293704808322562,3.256192633796057e-05,-0.9981294810207711,False,GALAXY,,DESI-EDR,39627835568030203,,,,,c40a9b1f-9b8d-11ee-8c23-525400ad1336
479137,085841.94+303217.2_479137_0.01,13,150.27048780972103,2.027754603073253,1.7274999618530273,desi,5,150.2704541368103,2.0277318673740337,0.1462042110030023,0.932752477574551,2.232146096148817e-46,-0.7947474842784763,False,GALAXY,,DESI-DR1,39627835568030203,,,,,e1293a3e-87ef-11ef-bb46-525400f334e1
478415,171032.23+214451.3_478415_1,4,149.48391586778752,2.0261071433970517,0.8616999983787537,desi,1,149.4839070396253,2.0260785605415443,0.10768867088839562,0.861749702003671,1.1874267287196291e-05,4.970362491729663e-05,True,GALAXY,,DESI-DR1,39627835551257556,,,,,62ef2b85-89a1-11ef-a68e-525400f334e1
478415,171032.23+214451.3_478415_1,4,149.48391586778752,2.0261071433970517,0.8616999983787537,desi,2,149.4839070396253,2.0260785605415443,0.10768867088839562,0.861767603485247,2.4862604022432843e-05,6.760510649328477e-05,True,GALAXY,,DESI-DR1,39627835551257556,,,,,63c7eaf6-880b-11ef-81ad-525400f334e1
478415,171032.23+214451.3_478415_1,4,149.48391586778752,2.0261071433970517,0.8616999983787537,desi,3,149.4839070396253,2.0260785605415443,0.10768867088839562,0.861751083703963,1.1850501790491559e-05,5.1085325209365706e-05,True,GALAXY,,DESI-EDR,39627835551257556,,,,,c5c72347-9c80-11ee-b196-525400ad1336
466715,171828.40+532655.2_466715_0.1,9,150.17229764990208,2.006071995926193,0.31029999256134033,desi,1,150.17226344317055,2.0060651478181097,0.12551374340494084,0.3097072365863605,5.0147887863057604e-05,-0.0005927559749798195,True,GALAXY,,DESI-DR1,39627835563839096,,,,,324f5539-88f3-11ef-84e5-525400f334e1
466715,171828.40+532655.2_466715_0.1,9,150.17229764990208,2.006071995926193,0.31029999256134033,desi,2,150.17226344317055,2.0060651478181097,0.12551374340494084,0.3097074346155858,4.980317242539732e-05,-0.0005925579457545238,True,GALAXY,,DESI-EDR,39627835563839096,,,,,a04a3da4-9b38-11ee-ac43-525400ad1336
471238,152754.88+073514.6_471238_0.03,5,150.54475254271233,2.0139645325645863,0.8223000168800354,desi,1,150.54469088124094,2.0139451876615584,0.232518384444758,0.8215844414108749,3.28012560001281e-05,-0.0007155754691604566,True,GALAXY,,DESI-DR1,39627835572225223,,,,,59e1dcdf-8811-11ef-933b-525400f334e1
471238,152754.88+073514.6_471238_0.03,5,150.54475254271233,2.0139645325645863,0.8223000168800354,desi,2,150.54469088124094,2.0139451876615584,0.232518384444758,0.8215947869289508,3.1715560727277114e-05,-0.0007052299510845739,True,GALAXY,,DESI-DR1,39627835572225223,,,,,5b78c56c-89a3-11ef-b552-525400f334e1
471238,152754.88+073514.6_471238_0.03,5,150.54475254271233,2.0139645325645863,0.8223000168800354,desi,3,150.54469088124094,2.0139451876615584,0.232518384444758,0.8215878813619809,3.166071726509135e-05,-0.0007121355180544908,True,GALAXY,,DESI-EDR,39627835572225223,,,,,8a3c8d17-9b8d-11ee-8213-525400ad1336
462668,092309.19+455445.9_462668_0.1,30,149.97125619644777,2.000768834052288,0.736299991607666,desi,1,149.97122091725228,2.0007742886038016,0.12843762128702205,0.7369141521436059,0.0001253744507892146,0.0006141605359398783,True,GALAXY,,DESI-DR1,39089837394907070,,,,,e80de35b-8786-11ef-9689-525400f334e1
507515,090105.80+233759.8_507515_0.001,3,150.7056293563185,2.0702378886525428,0.438400000333786,desi,1,150.70559234862523,2.0702287555392402,0.1371404327885296,0.43832075004695653,2.4126214685158613e-05,-7.925028682947977e-05,True,GALAXY,,DESI-DR1,39089837395030409,,,,,8c074e1b-8784-11ef-b1a6-525400f334e1
501905,101618.21+601657.0_501905_1,2,149.75193454008,2.0629435093400597,0.9869999885559082,desi,1,149.75192309358346,2.0629547576829754,0.057754785535012315,0.9874207147859911,2.946802844611856e-05,0.0004207262300829351,True,GALAXY,,DESI-DR1,39627835559641162,,,,,0655885b-89a5-11ef-a174-525400f334e1
501905,101618.21+601657.0_501905_1,2,149.75193454008,2.0629435093400597,0.9869999885559082,desi,2,149.75192309358346,2.0629547576829754,0.057754785535012315,0.987413672301632,2.8699397148775245e-05,0.00041368374572381406,True,GALAXY,,DESI-EDR,39627835559641162,,,,,e6adf9f1-9d37-11ee-941e-525400ad1336
501905,101618.21+601657.0_501905_1,2,149.75193454008,2.0629435093400597,0.9869999885559082,desi,3,149.75192309358346,2.0629547576829754,0.057754785535012315,0.9873508711779942,3.818772463879922e-05,0.00035088262208604615,True,GALAXY,,DESI-DR1,39627835559641162,,,,,e943697d-8812-11ef-95a4-525400f334e1
507249,034058.01-000806.3_507249_1,1,150.76985752224203,2.0690353902371714,0.5723000168800354,desi,1,150.76982429216486,2.069031703017721,0.12028495255377693,0.5721459633864405,3.476199327476575e-05,-0.00015405349359487452,True,GALAXY,,DESI-DR1,39089837395041588,,,,,9b7aecf8-8784-11ef-b696-525400f334e1
502041,161250.83+214245.8_502041_0.3,4,149.5137410065483,2.0619897104361384,0.6604999899864197,desi,1,149.5137447705141,2.061975983430067,0.05123899022461958,0.6603194523593098,0.00010606480414002516,-0.00018053762710990018,True,GALAXY,,DESI-DR1,39089837394920990,,,,,fa699d50-8786-11ef-a8c2-525400f334e1
501427,155328.49+095102.0_501427_0.01,4,150.06476538129868,2.0583939255890344,0.1850000023841858,desi,1,150.0647415525106,2.058373945397281,0.11190654720762554,0.18443306417114255,3.903199003835924e-06,-0.0005669382130432388,True,GALAXY,,DESI-DR1,39089837395006061,,,,,161de36b-8787-11ef-8d38-525400f334e1
501427,155328.49+095102.0_501427_0.01,4,150.06476538129868,2.0583939255890344,0.1850000023841858,desi,2,150.06474155251058,2.058373945397281,0.11190654728595784,0.18442580513050408,3.167675040084521e-06,-0.000574197253681713,True,GALAXY,,DESI-DR1,39627835563836679,,,,,07ac08b0-89a5-11ef-9c12-525400f334e1
501427,155328.49+095102.0_501427_0.01,4,150.06476538129868,2.0583939255890344,0.1850000023841858,desi,3,150.06474155251058,2.058373945397281,0.11190654728595784,0.18442574116559618,3.1647233666626455e-06,-0.0005742612185896112,True,GALAXY,,DESI-EDR,39627835563836679,,,,,e9da29dc-9d37-11ee-b954-525400ad1336
559136,153314.36+402756.9_559136_0.003,1,149.8763585176045,2.1519852409873015,3.093600034713745,desi,1,149.87630924718073,2.151973465773434,0.18224704016319035,0.3358894201902606,4.5891865155622413e-05,-2.7577106145234844,False,GALAXY,,DESI-DR1,39089837390695380,,,,,f39fa0c2-8786-11ef-bc8b-525400f334e1
556872,075502.11+220346.8_556872_0.1,1,150.76931397647147,2.1459710316540277,0.39079999923706055,desi,1,150.76929346712305,2.145943279210076,0.12419956840117594,0.3906782533003145,9.518028589674584e-06,-0.00012174593674602052,True,GALAXY,,DESI-DR1,39089837395045468,,,,,6b915640-8786-11ef-9081-525400f334e1
557072,081913.88+175417.5_557072_0.3,2,150.25035570603245,2.144405096784406,0.37059998512268066,desi,1,150.25032545050658,2.1443868170021148,0.12719089030149955,0.3703332891652351,0.00013426894189967083,-0.00026669595744555075,True,GALAXY,,DESI-DR1,39627841607827510,,,,,5449ac10-88f3-11ef-a1ad-525400f334e1
557072,081913.88+175417.5_557072_0.3,2,150.25035570603245,2.144405096784406,0.37059998512268066,desi,2,150.25032545050658,2.1443868170021148,0.12719089030149955,-0.0019956912923479522,4.1311493573349107e-48,-0.3725956764150286,False,STAR,,DESI-EDR,39627841607827510,,,,,84b5c6f4-9afb-11ee-ab4c-525400ad1336
557072,081913.88+175417.5_557072_0.3,2,150.25035570603245,2.144405096784406,0.37059998512268066,desi,3,150.25032545050658,2.1443868170021148,0.12719089030149955,0.932752477574551,2.232146096148817e-46,0.5621524924518704,False,GALAXY,,DESI-DR1,39627841607827510,,,,,d2fbe03a-87ef-11ef-a0c6-525400f334e1
557072,081913.88+175417.5_557072_0.3,2,150.25035570603245,2.144405096784406,0.37059998512268066,desi,4,150.25032545050658,2.1443868170021148,0.12719089030149955,0.3703544368092597,6.975740758055492e-05,-0.0002455483134209402,True,GALAXY,,DESI-EDR,39627841607827510,,,,,ebd638ae-9b38-11ee-a920-525400ad1336
551414,073601.50+363933.8_551414_0.0003,1,150.3417659398023,2.1374131833625905,0.671500027179718,desi,1,150.34173678993523,2.1373919321041583,0.12980727348459103,0.67129243720788,0.00013400128395228992,-0.00020758997183800698,True,GALAXY,,DESI-DR1,39089837395054693,,,,,6c4abc01-8784-11ef-8afb-525400f334e1
523297,162358.25+074130.5_523297_0.0003,10,150.60774655874235,2.096327293195784,1.3029999732971191,desi,1,150.60770736193643,2.0963364733610637,0.14483499407450967,1.3022290887983017,3.6920934148405004e-05,-0.000770884498817459,True,GALAXY,,DESI-DR1,39627835572226691,,,,,5c10f1f0-89a3-11ef-b0d0-525400f334e1
523297,162358.25+074130.5_523297_0.0003,10,150.60774655874235,2.096327293195784,1.3029999732971191,desi,2,150.60770736193643,2.0963364733610637,0.14483499407450967,1.3022297106701133,3.701960044812512e-05,-0.0007702626270058577,True,GALAXY,,DESI-EDR,39627835572226691,,,,,8b551d99-9b8d-11ee-a272-525400ad1336
523297,162358.25+074130.5_523297_0.0003,10,150.60774655874235,2.096327293195784,1.3029999732971191,desi,3,150.60770736193643,2.0963364733610637,0.14483499407450967,1.302141880366487,4.224290995446247e-05,-0.0008580929306321039,True,GALAXY,,DESI-DR1,39627835572226691,,,,,8f8d2425-8811-11ef-9a34-525400f334e1
520656,153328.24+250106.0_520656_0.0001,2,150.64399886712926,2.0905238356754308,0.3425000011920929,desi,1,150.6439556186678,2.090532956629249,0.15901784247773626,0.3424760381128552,2.6045990465002992e-05,-2.39630792376877e-05,True,GALAXY,,DESI-DR1,39089837395030183,,,,,bd04e54f-8784-11ef-aba9-525400f334e1
524324,141200.36-014103.4_524324_0.0003,2,149.87916988989443,2.0964846950657696,0.7443000078201294,desi,1,149.8791576972988,2.0964815750121284,0.045279239005287436,0.743438749087406,0.00017944594331584652,-0.0008612587327233578,True,GALAXY,,DESI-DR1,39089837394906758,,,,,eb43f06c-8786-11ef-b4fe-525400f334e1
475217,155330.66+281622.8_475217_0.0001,7,149.9808421724084,2.0213219938269327,0.9473999738693237,desi,1,149.98082014312374,2.0212955833635395,0.12377919487296972,0.9472667325578973,1.7459047480804187e-05,-0.00013324131142644635,True,GALAXY,,DESI-EDR,39627835559645725,,,,,b2854e44-9d37-11ee-9fcd-525400ad1336
475217,155330.66+281622.8_475217_0.0001,7,149.9808421724084,2.0213219938269327,0.9473999738693237,desi,2,149.98082014312374,2.0212955833635395,0.12377919487296972,0.9472757809065215,1.7747594767019308e-05,-0.00012419296280219427,True,GALAXY,,DESI-DR1,39627835559645725,,,,,ef32ff3d-89a4-11ef-bb64-525400f334e1
480477,105412.12+663739.2_480477_0.1,13,150.02860951897893,2.0276662927944136,0.3095000088214874,desi,1,150.02858328275755,2.027644675453561,0.12233576661703996,0.30926251276935035,6.572208294427319e-06,-0.00023749605213707614,True,GALAXY,,DESI-DR1,39089837395005957,,,,,0556ca98-8787-11ef-b306-525400f334e1
480477,105412.12+663739.2_480477_0.1,13,150.02860951897893,2.0276662927944136,0.3095000088214874,desi,2,150.02858328275755,2.027644675453561,0.12233576661703996,0.30916053197964544,1.1255991198548718e-05,-0.00033947684184199023,True,GALAXY,,DESI-EDR,39627835563836008,,,,,12ce13cb-9d14-11ee-9b4a-525400ad1336
480477,105412.12+663739.2_480477_0.1,13,150.02860951897893,2.0276662927944136,0.3095000088214874,desi,3,150.02858328275755,2.027644675453561,0.12233576661703996,0.309160937598668,1.1219177116881077e-05,-0.0003390712228194537,True,GALAXY,,DESI-DR1,39627835563836008,,,,,65657310-88f4-11ef-a745-525400f334e1
479233,141956.65+060626.8_479233_0.001,7,150.6402930979614,2.027179709956683,0.3928999900817871,desi,1,150.64025679311834,2.0271706065588617,0.13466426589349245,0.39275610960076013,8.669263208097508e-06,-0.00014388048102698114,True,GALAXY,,DESI-DR1,39089837395030169,,,,,a268e404-8784-11ef-85a5-525400f334e1
475557,170729.64+343051.6_475557_0.001,27,150.53247959602754,2.0192829182722623,0.43549999594688416,desi,1,150.53242874848624,2.019272377688993,0.18683154911460859,0.43504130983792316,9.805933371498786e-05,-0.0004586861089609928,True,GALAXY,,DESI-DR1,39089837395029766,,,,,adbb43b1-8784-11ef-8689-525400f334e1
478828,155959.77+510919.7_478828_0.0001,8,149.99403667410886,2.0275432187958065,1.569700002670288,desi,1,149.99403163200657,2.027500907196277,0.153398126029579,1.5687664682586784,5.478748840224692e-05,-0.0009335344116097044,True,GALAXY,,DESI-EDR,39627835559645950,,,,,9cf9781a-9d37-11ee-b9e2-525400ad1336
478828,155959.77+510919.7_478828_0.0001,8,149.99403667410886,2.0275432187958065,1.569700002670288,desi,2,149.99403163200657,2.027500907196277,0.153398126029579,1.568283101013829,0.00010538979384597208,-0.0014169016564591352,True,GALAXY,,DESI-DR1,39627835559645950,,,,,baa94996-8812-11ef-821f-525400f334e1
478828,155959.77+510919.7_478828_0.0001,8,149.99403667410886,2.0275432187958065,1.569700002670288,desi,3,149.99403163200657,2.027500907196277,0.153398126029579,1.568752334040457,5.797026153816685e-05,-0.0009476686298310888,True,GALAXY,,DESI-DR1,39627835559645950,,,,,e520fd39-89a4-11ef-a2f4-525400f334e1
976117,155722.59+445854.4_976117_0.001,3,150.3697892159422,2.7853693775789434,0.3490999937057495,desi,1,150.36978532135925,2.7854103362174483,0.14811460650169544,0.3493075826059756,9.207715788509894e-06,0.00020758890022609666,True,GALAXY,,DESI-DR1,39089837395052400,,,,,e50273a5-8788-11ef-9515-525400f334e1
791514,154615.81+163720.8_791514_0.1,13,150.0927010471039,2.498614855384666,0.42910000681877136,desi,1,150.0926664456625,2.4986262228246297,0.13100255971696292,0.42926387640923314,6.827000962502502e-05,0.00016386959046177374,True,GALAXY,,DESI-DR1,39089837395051219,,,,,ad20530d-8787-11ef-b62a-525400f334e1
784577,085029.20+552727.4_784577_0.0001,22,149.79220308800782,2.489062398713036,0.7347999811172485,desi,1,149.7921739716573,2.4890680650846027,0.10668827681241051,0.7337371438323963,0.00011103323892185442,-0.001062837284852236,True,GALAXY,,DESI-DR1,39627847639237455,,,,,41919f8b-89a5-11ef-b19d-525400f334e1
784577,085029.20+552727.4_784577_0.0001,22,149.79220308800782,2.489062398713036,0.7347999811172485,desi,2,149.7921739716573,2.4890680650846027,0.10668827681241051,0.7337384722558793,8.893870980503984e-05,-0.0010615088613692425,True,GALAXY,,DESI-EDR,39627847639237455,,,,,669e739c-9d38-11ee-bd15-525400ad1336
784577,085029.20+552727.4_784577_0.0001,22,149.79220308800782,2.489062398713036,0.7347999811172485,desi,3,149.7921739716573,2.4890680650846027,0.10668827681241051,0.7334848839654102,0.00028541489576862394,-0.001315097151838307,True,GALAXY,,DESI-DR1,39627847639237455,,,,,ad460e14-8812-11ef-a1c0-525400f334e1
778793,152741.85+284148.5_778793_0.001,16,150.35817682192612,2.477731187269252,0.6804999709129333,desi,1,150.3581511901654,2.477710556639269,0.1183837544800296,0.6799953769899646,0.00012603663235655386,-0.0005045939229687546,True,GALAXY,,DESI-DR1,39627847647627868,,,,,7bc6cc91-89a5-11ef-baa5-525400f334e1
778793,152741.85+284148.5_778793_0.001,16,150.35817682192612,2.477731187269252,0.6804999709129333,desi,2,150.3581511901654,2.477710556639269,0.1183837544800296,0.6801802168650487,7.207375685196935e-05,-0.0003197540478846461,True,GALAXY,,DESI-DR1,39627847647627868,,,,,80f78721-8812-11ef-a878-525400f334e1
778793,152741.85+284148.5_778793_0.001,16,150.35817682192612,2.477731187269252,0.6804999709129333,desi,3,150.3581511901654,2.477710556639269,0.1183837544800296,0.6805326486205283,0.00014297636035722825,3.267770759496358e-05,True,GALAXY,,DESI-EDR,39627847647627868,,,,,e434311a-9d38-11ee-82a7-525400ad1336
672358,083422.11+074113.2_672358_0.1,2,150.58910588322928,2.318722971852665,0.7296000123023987,desi,1,150.58908794781965,2.3187219509554033,0.06461920800197107,0.7280577830299831,6.755145666776665e-05,-0.0015422292724155406,True,GALAXY,,DESI-DR1,39089837395032723,,,,,ae68427b-8785-11ef-935c-525400f334e1
613436,081422.59+265410.4_613436_0.0001,4,149.63751570510672,2.2293778380663154,0.2831999957561493,desi,1,149.63749365993365,2.229385278406826,0.08370390257175093,0.2827340575329033,8.83410487751513e-06,-0.00046593822324597634,True,GALAXY,,DESI-DR1,39089837394932894,,,,,08e9b764-8787-11ef-9af1-525400f334e1
610484,083057.24+412748.6_610484_0.001,2,150.56400431958963,2.227271597379162,1.417799949645996,desi,1,150.56399016060055,2.227279118635626,0.05768358037708336,1.4256278312940116,4.3042423955556986e-05,0.007827881648015511,True,GALAXY,,DESI-DR1,39627841612023541,,,,,3a271239-89a3-11ef-8bcc-525400f334e1
610484,083057.24+412748.6_610484_0.001,2,150.56400431958963,2.227271597379162,1.417799949645996,desi,2,150.56399016060055,2.227279118635626,0.05768358037708336,1.4256324410846242,4.304749091710985e-05,0.007832491438628075,True,GALAXY,,DESI-EDR,39627841612023541,,,,,409b284e-9b8d-11ee-a229-525400ad1336
615894,144759.36+203832.6_615894_0.0003,1,150.65594626228452,2.234310158266524,0.8982999920845032,desi,1,150.6559290258559,2.2343363040552804,0.11271192249055884,0.897728148155744,2.0226823962408935e-05,-0.000571843928759197,True,GALAXY,,DESI-EDR,39627841612025564,,,,,36b4e7e1-9ca8-11ee-8a4c-525400ad1336
615894,144759.36+203832.6_615894_0.0003,1,150.65594626228452,2.234310158266524,0.8982999920845032,desi,2,150.6559290258559,2.2343363040552804,0.11271192249055884,0.8977258190817617,2.0288436688644236e-05,-0.0005741730027414294,True,GALAXY,,DESI-DR1,39627841612025564,,,,,7a84ae78-89a4-11ef-a867-525400f334e1
652007,085524.55+312152.1_652007_0.1,7,150.68226740365904,2.287749660374796,0.4997999966144562,desi,1,150.6822579389393,2.287753007711373,0.036115525502898545,0.49880994164978987,0.00011199301092003584,-0.0009900549646663093,True,GALAXY,,DESI-DR1,39089837395033043,,,,,0120c7cc-8786-11ef-8d2e-525400f334e1
649185,173348.81+585651.0_649185_1,1,150.19978397500628,2.2845359070330264,0.4966999888420105,desi,1,150.19975360334513,2.2845479165184006,0.1174946351121231,0.4960524701099111,1.7753193403914e-05,-0.0006475187320993947,True,GALAXY,,DESI-DR1,39089837395049787,,,,,cc179091-8787-11ef-9896-525400f334e1
753093,080302.80+211510.1_753093_0.0001,6,149.56662823304526,2.4378688828326776,0.35989999771118164,desi,1,149.56661308000199,2.4378733262783947,0.056800594782300345,0.3598226411000791,6.993220886981662e-05,-7.735661110253034e-05,True,GALAXY,,DESI-DR1,39089837394897215,,,,,4c648f72-8787-11ef-b2ab-525400f334e1
723855,153104.75+332144.4_723855_1,13,150.53250086378495,2.3951245514536548,0.4564000070095062,desi,1,150.53248452194197,2.3951335173369452,0.0670582980225029,0.4556179948373186,1.654176316129837e-05,-0.0007820121721876516,True,GALAXY,,DESI-DR1,39089837395040684,,,,,caf97ca9-8785-11ef-a2b9-525400f334e1
694188,165320.20+203834.9_694188_0.0001,6,149.46740665315968,2.3492687570168806,0.4794999957084656,desi,1,149.4673876399907,2.3492581171428446,0.07838582344085583,0.47897708219535223,0.00012851093356403887,-0.0005229135131133433,True,GALAXY,,DESI-DR1,39089837394895989,,,,,4585e14a-8787-11ef-9505-525400f334e1
706796,160710.63+362128.7_706796_0.03,5,150.27611193099852,2.368755282366302,0.4677000045776367,desi,1,150.27608224813486,2.3687726155256397,0.12366436070884931,0.4671197549437139,1.0590419634247017e-05,-0.0005802496339228358,True,GALAXY,,DESI-DR1,39089837395054452,,,,,bd8c1231-8787-11ef-8206-525400f334e1
707404,025119.00-071059.4_707404_0.03,1,150.35491307429598,2.3709634625093083,0.9261000156402588,desi,1,150.35490228377296,2.3709405456819974,0.09117436880701682,0.9256120211029896,2.4134381821607083e-05,-0.0004879945372692207,True,GALAXY,,DESI-DR1,39627841607830168,,,,,7eceb623-89a5-11ef-8c25-525400f334e1
707404,025119.00-071059.4_707404_0.03,1,150.35491307429598,2.3709634625093083,0.9261000156402588,desi,2,150.35490228377296,2.3709405456819974,0.09117436880701682,0.9255476105973678,2.3777915541240564e-05,-0.0005524050428910021,True,GALAXY,,DESI-DR1,39627841607830168,,,,,c58e9dd4-8812-11ef-acb3-525400f334e1
707404,025119.00-071059.4_707404_0.03,1,150.35491307429598,2.3709634625093083,0.9261000156402588,desi,3,150.35490228377296,2.3709405456819974,0.09117436880701682,0.9256095118942929,2.4434439554468314e-05,-0.0004905037459659312,True,GALAXY,,DESI-EDR,39627841607830168,,,,,eafe1350-9d38-11ee-87a6-525400ad1336
646875,160822.52+415852.7_646875_0.3,2,150.53684443125886,2.2815707334741027,0.8406999707221985,desi,1,150.5367826742024,2.281601968216657,0.24898622561594222,0.8398896032615242,1.1312771676981564e-05,-0.0008103674606743105,True,GALAXY,,DESI-EDR,39627841612022820,,,,,8dd5e031-9afb-11ee-b761-525400ad1336
646875,160822.52+415852.7_646875_0.3,2,150.53684443125886,2.2815707334741027,0.8406999707221985,desi,2,150.5367826742024,2.281601968216657,0.24898622561594222,0.83988767020443,1.1181868919791283e-05,-0.0008123005177684828,True,GALAXY,,DESI-DR1,39627841612022820,,,,,d77905bb-87ef-11ef-8c5b-525400f334e1
944383,153821.99+371757.3_944383_0.0003,8,150.7464330081813,2.7331794396676368,0.33180001378059387,desi,1,150.74643356723732,2.7332109917440466,0.11360526329471585,0.3308161702832025,0.00011188745299721267,-0.00098384349739139,True,GALAXY,,DESI-DR1,39089837395024002,,,,,cde58f1b-8788-11ef-ac5e-525400f334e1
940835,150732.11+345623.4_940835_1,9,150.52447084848927,2.7264880673746457,0.3483000099658966,desi,1,150.52445961825526,2.726501061698032,0.0617990330392971,0.34789573173807636,7.226089092293177e-05,-0.0004042782278202428,True,GALAXY,,DESI-DR1,39089837395023153,,,,,0548d69f-8789-11ef-8103-525400f334e1
982366,151310.54+161057.4_982366_0.0001,4,149.77127764048316,2.7953106697366863,0.4934999942779541,desi,1,149.77127159771925,2.795314759772296,0.026247072051488674,0.4932626236359038,9.355956340286423e-05,-0.00023737064205031633,True,GALAXY,,DESI-DR1,39089837394933462,,,,,8d772f33-8787-11ef-a2e7-525400f334e1
984310,100400.92+524242.3_984310_1,2,149.69657197249555,2.7962413300899818,0.2215999960899353,desi,1,149.69655043308498,2.7962425054325104,0.0775650464777287,0.2217072074845363,1.1889521111202788e-05,0.00010721139460098672,True,GALAXY,,DESI-EDR,39627853674843843,,,,,9fa4cd86-9d14-11ee-bd75-525400ad1336
984310,100400.92+524242.3_984310_1,2,149.69657197249555,2.7962413300899818,0.2215999960899353,desi,2,149.69655043308498,2.7962425054325104,0.0775650464777287,0.22170691609058948,1.1857728636762251e-05,0.0001069200006541815,True,GALAXY,,DESI-DR1,39627853674843843,,,,,a519bca9-88f4-11ef-a3b6-525400f334e1
986942,151443.84+174045.6_986942_0.1,5,150.43189178047348,2.802628172187391,0.6248000264167786,desi,1,150.43184433818163,2.8026034236929727,0.19245284793404224,0.6239279088522103,7.925298748643883e-05,-0.0008721175645682866,True,GALAXY,,DESI-DR1,39089837395052665,,,,,09cb60bf-8789-11ef-b47a-525400f334e1
974429,153855.38+124748.1_974429_0.003,2,150.3988190288607,2.78345640352265,0.7365000247955322,desi,1,150.3987803523135,2.7834649888391314,0.14246430271433766,0.7361755122106828,7.139135741908724e-05,-0.0003245125848494457,True,GALAXY,,DESI-DR1,39089837395052536,,,,,2ab9188c-8789-11ef-8a43-525400f334e1
978022,142951.36+212410.0_978022_0.0001,2,150.33234680518484,2.7888816103218654,0.7293999791145325,desi,1,150.3323273402423,2.7888739636715165,0.07520970236715396,0.7292873645608413,7.077204892833063e-05,-0.00011261455369115936,True,GALAXY,,DESI-DR1,39089837395052229,,,,,a869b956-8788-11ef-8f80-525400f334e1
948812,085627.92+360315.5_948812_0.0001,1,149.9454183602812,2.740877666846837,0.34779998660087585,desi,1,149.9454141208775,2.7409281518941597,0.18238437975150498,0.34714895543435215,8.01757318469448e-05,-0.0006510311665237078,True,GALAXY,,DESI-DR1,39089837394934121,,,,,a0fd0d7a-8787-11ef-867b-525400f334e1
780260,085828.69+342343.8_780260_0.3,8,149.9159345725051,2.479648042311158,0.2655999958515167,desi,1,149.91591500328178,2.4796439958652337,0.07187491790703542,0.26548831011964447,1.1660265390014989e-05,-0.0001116857318722575,True,GALAXY,,DESI-DR1,39627847639240255,,,,,4b4750c1-87b8-11ef-8edb-525400f334e1
780260,085828.69+342343.8_780260_0.3,8,149.9159345725051,2.479648042311158,0.2655999958515167,desi,2,149.91591500328178,2.4796439958652337,0.07187491790703542,0.26551141989102617,1.1935656405458019e-05,-8.85759604905556e-05,True,GALAXY,,DESI-DR1,39089837394901135,,,,,91b59f3f-8787-11ef-bc1c-525400f334e1
780260,085828.69+342343.8_780260_0.3,8,149.9159345725051,2.479648042311158,0.2655999958515167,desi,3,149.91591500328178,2.4796439958652337,0.07187491790703542,0.2654429166520162,1.680711725779685e-05,-0.00015707919950053162,True,GALAXY,,DESI-EDR,39627847639240255,,,,,92e6bd20-9d14-11ee-9632-525400ad1336
780260,085828.69+342343.8_780260_0.3,8,149.9159345725051,2.479648042311158,0.2655999958515167,desi,4,149.91591500328178,2.4796439958652337,0.07187491790703542,0.26544103036065175,1.688487461676802e-05,-0.0001589654908649707,True,GALAXY,,DESI-DR1,39627847639240255,,,,,9f42d506-88f4-11ef-a8d3-525400f334e1
780260,085828.69+342343.8_780260_0.3,8,149.9159345725051,2.479648042311158,0.2655999958515167,desi,5,149.91591500328178,2.4796439958652337,0.07187491790703542,0.26548812846197023,1.1800233007134248e-05,-0.00011186738954649389,True,GALAXY,,DESI-EDR,39627847639240255,,,,,c8c14c69-9cb1-11ee-9574-525400ad1336
820331,171051.85+305452.5_820331_0.003,2,149.87340723170325,2.5422733497079615,1.0063999891281128,desi,1,149.87337403637505,2.5422784746527047,0.12080276339540365,1.0063945427446177,2.6845642335102725e-05,-5.44638349508908e-06,True,GALAXY,,DESI-DR1,39627847639239192,,,,,65b6d5e6-89a5-11ef-a24d-525400f334e1
820331,171051.85+305452.5_820331_0.003,2,149.87340723170325,2.5422733497079615,1.0063999891281128,desi,2,149.87337403637505,2.5422784746527047,0.12080276339540365,1.0063937828634126,2.6883592709332826e-05,-6.206264700159281e-06,True,GALAXY,,DESI-EDR,39627847639239192,,,,,b46540a0-9d38-11ee-b0e2-525400ad1336
820331,171051.85+305452.5_820331_0.003,2,149.87340723170325,2.5422733497079615,1.0063999891281128,desi,3,149.87337403637505,2.5422784746527047,0.12080276339540365,1.0062082556314522,2.3055767623480027e-05,-0.00019173349666057327,True,GALAXY,,DESI-DR1,39627847639239192,,,,,d6d05b67-8812-11ef-8f95-525400f334e1
846832,023554.62-073803.9_846832_0.0003,2,150.366036319861,2.582794934847167,0.5777999758720398,desi,1,150.36602454722907,2.5828002480826275,0.04645867881206543,0.5771825558910254,0.0001523661677599888,-0.0006174199810143888,True,GALAXY,,DESI-DR1,39089837395009026,,,,,dec2eae2-8788-11ef-bbdd-525400f334e1
854642,092433.83+463301.0_854642_1,34,150.32783761435425,2.5951452214091275,0.8801000118255615,desi,1,150.32783504723176,2.595167025336766,0.0790351995317197,0.8792568646721509,0.00015590344758978516,-0.0008431471534106061,True,GALAXY,,DESI-DR1,39089837395008868,,,,,ed7ecece-8788-11ef-a625-525400f334e1
835486,080607.38+400200.9_835486_0.0003,5,149.58129278145503,2.56472611493131,0.5008999705314636,desi,1,149.58126775888317,2.5647422245510065,0.10705961748975543,0.5016225733110071,0.0001036637217523906,0.0007226027795435019,True,GALAXY,,DESI-DR1,39089837394897264,,,,,1fca22c4-8787-11ef-b940-525400f334e1
845037,162449.81+483045.6_845037_0.01,9,149.90960410969933,2.581621141170525,1.9807000160217285,desi,1,149.90961355134,2.581640099656061,0.07623061769462214,0.8726746579501471,8.897924140472063e-05,-1.1080253580715813,False,GALAXY,,DESI-DR1,39627847639240094,,,,,66f20e62-89a5-11ef-b31b-525400f334e1
845037,162449.81+483045.6_845037_0.01,9,149.90960410969933,2.581621141170525,1.9807000160217285,desi,2,149.90961355134,2.581640099656061,0.07623061769462214,0.26436379049870007,0.000155021062387838,-1.7163362255230283,False,GALAXY,,DESI-EDR,39627847639240094,,,,,b75c64cc-9d38-11ee-aaec-525400ad1336
776761,145844.76+170514.7_776761_1,2,150.3953454997092,2.477553012577184,0.847000002861023,desi,1,150.39531549765658,2.4775221714949622,0.1548256797870985,0.8471669396147793,1.945951334023321e-05,0.00016693675375634154,True,GALAXY,,DESI-EDR,39627847647628887,,,,,54c87388-9b66-11ee-8bbd-525400ad1336
776761,145844.76+170514.7_776761_1,2,150.3953454997092,2.477553012577184,0.847000002861023,desi,2,150.39531549765658,2.4775221714949622,0.1548256797870985,0.8471698561736993,1.916783117447969e-05,0.00016985331267638237,True,GALAXY,,DESI-DR1,39627847647628887,,,,,a1204d6b-87f0-11ef-ae21-525400f334e1
823667,134127.40+002050.5_823667_0.003,2,150.10811372713744,2.547068506645966,0.7258999943733215,desi,1,150.1080941535518,2.5470679997391246,0.07041894167085302,0.7265408670484801,7.199094870510802e-05,0.0006408726751585547,True,GALAXY,,DESI-DR1,39627847643433675,,,,,5cdc9d8d-87f0-11ef-8e38-525400f334e1
823667,134127.40+002050.5_823667_0.003,2,150.10811372713744,2.547068506645966,0.7258999943733215,desi,2,150.1080941535518,2.5470679997391246,0.07041894167085302,0.7265274649210252,7.474416793510225e-05,0.0006274705477036235,True,GALAXY,,DESI-EDR,39627847643433675,,,,,d5936a11-9b0a-11ee-8053-525400ad1336
981504,080310.58+293233.7_981504_0.003,5,149.85149965631547,2.7936558995569905,0.3294999897480011,desi,1,149.85149087782776,2.79369536172335,0.14552825149482712,0.3295165893963779,4.397682419356117e-06,1.6599648376802723e-05,True,GALAXY,,DESI-DR1,39089837394933769,,,,,82bf39ff-8787-11ef-ba09-525400f334e1
992012,153725.39+291843.9_992012_0.01,2,150.40870159170709,2.810865173946814,0.7702000141143799,desi,1,150.40864262685716,2.810832299190582,0.2428130465609054,0.7703318568350126,6.323714074603698e-05,0.0001318427206327133,True,GALAXY,,DESI-DR1,39089837395052588,,,,,178bf5dc-8789-11ef-8de4-525400f334e1
989931,165158.61+432508.7_989931_0.0001,1,150.7675248069484,2.808394187767041,0.848800003528595,desi,1,150.76749467197598,2.8083819777173384,0.11693195928094541,0.8482230213581866,3.2480673725999328e-06,-0.0005769821704083578,True,GALAXY,,DESI-DR1,39627853695811982,,,,,57805874-89a6-11ef-9942-525400f334e1
989931,165158.61+432508.7_989931_0.0001,1,150.7675248069484,2.808394187767041,0.848800003528595,desi,2,150.76749467197598,2.8083819777173384,0.11693195928094541,0.8482224559346129,3.255378179795962e-06,-0.0005775475939820973,True,GALAXY,,DESI-EDR,39627853695811982,,,,,93e35037-9ca3-11ee-a8fb-525400ad1336
827145,165936.94+362205.2_827145_0.01,3,150.0465148346681,2.5529577184441594,0.4729999899864197,desi,1,150.0464776336379,2.552973767371536,0.1457328258277353,0.47345919295622596,3.362947447710683e-05,0.0004592029698062827,True,GALAXY,,DESI-DR1,39089837395050994,,,,,a1dfc43f-8787-11ef-8353-525400f334e1
826213,081410.80+094054.8_826213_0.3,3,150.43474820464917,2.5533617281594854,1.444700002670288,desi,1,150.4346936651139,2.5533059071622595,0.2808147964289432,1.445125173171453,3.7408912226573636e-05,0.0004251705011648621,True,GALAXY,,DESI-DR1,39627847647630025,,,,,768eaf05-89a6-11ef-b0ac-525400f334e1
826213,081410.80+094054.8_826213_0.3,3,150.43474820464917,2.5533617281594854,1.444700002670288,desi,2,150.4346936651139,2.5533059071622595,0.2808147964289432,1.445097979242125,3.866957768524973e-05,0.00039797657183693325,True,GALAXY,,DESI-EDR,39627847647630025,,,,,d919f0c0-9ca3-11ee-a083-525400ad1336
824168,143323.68+252619.2_824168_0.003,2,150.32490014100298,2.549015371749712,0.6129999756813049,desi,1,150.3249028953617,2.5490229424664705,0.028998941551255437,0.6131289380971565,5.3197464816808306e-05,0.00012896241585158563,True,GALAXY,,DESI-DR1,39089837395008857,,,,,2dd47778-8789-11ef-9cd6-525400f334e1
850719,083141.59+140218.8_850719_0.0003,11,150.74897796622608,2.5871210929055666,0.7835000157356262,desi,1,150.74894822813042,2.5871444046675025,0.13594425175971447,0.7833193477575029,9.36394394016134e-05,-0.0001806679781233278,True,GALAXY,,DESI-DR1,39089837395041532,,,,,953e5a90-8785-11ef-994e-525400f334e1
851764,083346.15+165304.8_851764_1,3,149.96067638139942,2.5908048793182714,0.8899999856948853,desi,1,149.96069172264595,2.590819440971235,0.07610528443883129,0.8901341032253549,6.84694240050038e-05,0.00013411753046965735,True,GALAXY,,DESI-DR1,39627847639241405,,,,,5a16abd2-87f0-11ef-840e-525400f334e1
851764,083346.15+165304.8_851764_1,3,149.96067638139942,2.5908048793182714,0.8899999856948853,desi,2,149.96069172264595,2.590819440971235,0.07610528443883129,0.8901216020046665,6.554198113975572e-05,0.00012161630978124727,True,GALAXY,,DESI-EDR,39627847639241405,,,,,cf077380-9b0a-11ee-92ea-525400ad1336
843924,172258.04+272542.1_843924_0.1,4,150.39398186513205,2.578888871482707,0.5041000247001648,desi,1,150.39395927897573,2.578882081930959,0.0848256323976693,0.5036724305690364,8.595589257982305e-06,-0.00042759413112836153,True,GALAXY,,DESI-DR1,39627847647628848,,,,,3b75e723-8813-11ef-b9ff-525400f334e1
843924,172258.04+272542.1_843924_0.1,4,150.39398186513205,2.578888871482707,0.5041000247001648,desi,2,150.39395927897573,2.578882081930959,0.0848256323976693,0.503672142978473,7.717609469945223e-06,-0.00042788172169183625,True,GALAXY,,DESI-DR1,39627847647628848,,,,,62aa9c42-89a6-11ef-b8d1-525400f334e1
843924,172258.04+272542.1_843924_0.1,4,150.39398186513205,2.578888871482707,0.5041000247001648,desi,3,150.39395927897573,2.578882081930959,0.0848256323976693,0.5036707894344638,7.74217406930723e-06,-0.00042923526570104453,True,GALAXY,,DESI-EDR,39627847647628848,,,,,ac6afd4c-9ca3-11ee-99f6-525400ad1336
792533,141409.75+121843.8_792533_0.0003,10,150.72350657450968,2.4981623515163953,0.46540001034736633,desi,1,150.723466934388,2.4981484784664576,0.1510634580203826,0.4659784423493954,3.665639927958901e-05,0.0005784320020290612,True,GALAXY,,DESI-DR1,39089837395041438,,,,,a74cb11d-8785-11ef-b576-525400f334e1
791250,161449.04+161246.3_791250_0.03,2,149.92467101314628,2.5008262652484965,1.4240000247955322,desi,1,149.92464974292378,2.5008473691776616,0.10781605217294588,1.428161352065741,8.282312795643207e-05,0.004161327270208792,True,GALAXY,,DESI-DR1,39627847639240516,,,,,6109b495-89a5-11ef-a12d-525400f334e1
791250,161449.04+161246.3_791250_0.03,2,149.92467101314628,2.5008262652484965,1.4240000247955322,desi,2,149.92464974292378,2.5008473691776616,0.10781605217294588,1.4281833602022118,9.019856405134402e-05,0.004183335406679589,True,GALAXY,,DESI-EDR,39627847639240516,,,,,a9a785ed-9d38-11ee-aa75-525400ad1336
793160,095256.31+555714.9_793160_0.0001,4,149.8150314102019,2.5002201298102946,0.4065000116825104,desi,1,149.81499480537582,2.500213958437152,0.13351338151939884,0.40592474196193706,6.386491570109676e-06,-0.0005752697205733126,True,GALAXY,,DESI-EDR,39627847639237850,,,,,9ab0f9d1-9d14-11ee-bae7-525400ad1336
793160,095256.31+555714.9_793160_0.0001,4,149.8150314102019,2.5002201298102946,0.4065000116825104,desi,2,149.81499480537582,2.500213958437152,0.13351338151939884,0.40592378294839504,6.366162415826222e-06,-0.000576228734115336,True,GALAXY,,DESI-DR1,39627847639237850,,,,,a2d65a85-88f4-11ef-8d69-525400f334e1
790574,025825.89-085535.8_790574_0.001,6,149.84130755073656,2.498629372247277,0.7275999784469604,desi,1,149.84130282875105,2.498591676266421,0.13676407785796918,0.7276161956400731,6.276962825673775e-05,1.621719311262204e-05,True,GALAXY,,DESI-DR1,39089837394900818,,,,,8bd21bcc-8787-11ef-b623-525400f334e1
793282,142712.72+102146.3_793282_0.1,7,150.43642312937368,2.5043162019150302,1.9744999408721924,desi,1,150.43640177008763,2.5043035098556667,0.08938129794190583,-0.0019956912923479522,4.1311493573349107e-48,-1.9764956321645404,False,STAR,,DESI-EDR,39627847647630065,,,,,549bf55c-9b66-11ee-84a6-525400ad1336
793282,142712.72+102146.3_793282_0.1,7,150.43642312937368,2.5043162019150302,1.9744999408721924,desi,2,150.43640177008763,2.5043035098556667,0.08938129794190583,0.932752477574551,2.232146096148817e-46,-1.0417474632976413,False,GALAXY,,DESI-DR1,39627847647630065,,,,,a10caef9-87f0-11ef-9017-525400f334e1
804317,162050.92+334209.0_804317_0.1,7,150.0488276347868,2.51629147238176,0.3319999873638153,desi,1,150.04880112332194,2.5163210811089285,0.14301471614900133,0.3317687202609322,8.775291985339472e-05,-0.0002312671028831259,True,GALAXY,,DESI-DR1,39627847643432111,,,,,0fa6e9d4-8b71-11ef-b9e8-525400f334e1
804317,162050.92+334209.0_804317_0.1,7,150.0488276347868,2.51629147238176,0.3319999873638153,desi,2,150.04880112332194,2.5163210811089285,0.14301471614900133,0.3318711599131383,3.697097272411969e-05,-0.00012882745067699375,True,GALAXY,,DESI-DR1,39089837395051009,,,,,b1a44447-8787-11ef-b842-525400f334e1
804317,162050.92+334209.0_804317_0.1,7,150.0488276347868,2.51629147238176,0.3319999873638153,desi,3,150.04880112332194,2.5163210811089285,0.14301471614900133,0.3320168549609939,9.30222245209048e-05,1.6867597178615856e-05,True,GALAXY,,DESI-DR1,39627847643432111,,,,,bc93f920-88f4-11ef-9caa-525400f334e1
804317,162050.92+334209.0_804317_0.1,7,150.0488276347868,2.51629147238176,0.3319999873638153,desi,4,150.04880112332194,2.5163210811089285,0.14301471614900133,0.3319992313789874,9.479459558801706e-05,-7.559848279048431e-07,True,GALAXY,,DESI-EDR,39627847643432111,,,,,d45144d4-9d14-11ee-b160-525400ad1336
795495,081010.98+201421.1_795495_0.0001,8,149.9098253457318,2.504579433913914,0.7304999828338623,desi,1,149.90980243249973,2.5045910060128866,0.09234032216161667,0.7307566240450233,0.0001021299435291356,0.0002566412111609795,True,GALAXY,,DESI-DR1,39627847639240100,,,,,5349925a-89a5-11ef-8f42-525400f334e1
795495,081010.98+201421.1_795495_0.0001,8,149.9098253457318,2.504579433913914,0.7304999828338623,desi,2,149.90980243249973,2.5045910060128866,0.09234032216161667,0.7306398323804103,0.00022140323693635843,0.00013984954654799875,True,GALAXY,,DESI-EDR,39627847639240100,,,,,8c1dca66-9d38-11ee-a4c0-525400ad1336
796985,081501.84+525255.5_796985_0.1,2,150.35122842661718,2.5065355629542174,0.13109999895095825,desi,1,150.3512103517943,2.506528451814253,0.06986622396540408,0.13081821411422748,5.146415429263092e-05,-0.00028178483673077515,True,GALAXY,,DESI-EDR,39627847647627688,,,,,2892d5a0-9cf1-11ee-93e9-525400ad1336
796985,081501.84+525255.5_796985_0.1,2,150.35122842661718,2.5065355629542174,0.13109999895095825,desi,2,150.3512103517943,2.506528451814253,0.06986622396540408,0.13081394579681208,4.9631342596957564e-05,-0.0002860531541461764,True,GALAXY,,DESI-EDR,39627847647627688,,,,,41bbe9fd-9c71-11ee-90e6-525400ad1336
796985,081501.84+525255.5_796985_0.1,2,150.35122842661718,2.5065355629542174,0.13109999895095825,desi,3,150.3512103517943,2.506528451814253,0.06986622396540408,0.1308175839561389,5.07839141480229e-05,-0.0002824149948193466,True,GALAXY,,DESI-DR1,39627847647627688,,,,,5726c23f-88f5-11ef-b19e-525400f334e1
796985,081501.84+525255.5_796985_0.1,2,150.35122842661718,2.5065355629542174,0.13109999895095825,desi,4,150.3512103517943,2.506528451814253,0.06986622396540408,0.1308134023420538,4.862842407745503e-05,-0.0002865966089044547,True,GALAXY,,DESI-DR1,39627847647627688,,,,,6eaf1206-87b8-11ef-b2ba-525400f334e1
795149,133424.38-030917.3_795149_0.03,4,149.81272705707852,2.5055355585993775,0.7006999850273132,desi,1,149.81269667927177,2.5055351089343882,0.1092675481986874,1.6814449953485946,2.3606226151183372e-05,0.9807450103212814,False,GALAXY,,DESI-DR1,39089837394900705,,,,,7d0c5869-8787-11ef-a4de-525400f334e1
801326,160630.53+371339.6_801326_0.3,2,149.83999035882903,2.5136156032063495,0.6783000230789185,desi,1,149.8399650004198,2.513617373989308,0.091424956567084,0.6777935443295461,6.732213896208278e-05,-0.0005064787493723744,True,GALAXY,,DESI-DR1,39089837394900811,,,,,72a14c67-8787-11ef-8c06-525400f334e1
797126,085557.58+352903.0_797126_0.3,11,150.73201910976664,2.507029403365944,0.2685999870300293,desi,1,150.73197745427527,2.5070453925399194,0.16049353972853847,0.2684000928328063,2.8063968644671865e-06,-0.00019989419722299395,True,GALAXY,,DESI-EDR,39627847651824711,,,,,241029ae-9b9b-11ee-ad05-525400ad1336
797126,085557.58+352903.0_797126_0.3,11,150.73201910976664,2.507029403365944,0.2685999870300293,desi,2,150.73197745427527,2.5070453925399194,0.16049353972853847,0.26842549007289956,2.099928109537725e-06,-0.0001744969571297328,True,GALAXY,,DESI-DR1,39627847651824711,,,,,2aaa5fbd-87b8-11ef-a106-525400f334e1
797126,085557.58+352903.0_797126_0.3,11,150.73201910976664,2.507029403365944,0.2685999870300293,desi,3,150.73197745427527,2.5070453925399194,0.16049353972853847,0.2684263504221109,2.106570353821012e-06,-0.00017363660791841484,True,GALAXY,,DESI-EDR,39627847651824711,,,,,a38db5d4-9c7e-11ee-b264-525400ad1336
797126,085557.58+352903.0_797126_0.3,11,150.73201910976664,2.507029403365944,0.2685999870300293,desi,4,150.73197745427527,2.5070453925399194,0.16049353972853847,0.26839989666404745,2.8098918207859775e-06,-0.00020009036598184204,True,GALAXY,,DESI-DR1,39627847651824711,,,,,dfccc1fb-88f3-11ef-affc-525400f334e1
797126,085557.58+352903.0_797126_0.3,11,150.73201910976664,2.507029403365944,0.2685999870300293,desi,5,150.73197745427527,2.5070453925399194,0.16049353972853847,0.2683919983678851,3.050468707019241e-06,-0.00020798866214422063,True,GALAXY,,DESI-DR1,39627847651824711,,,,,e8759c6a-8b70-11ef-9e13-525400f334e1
801756,160745.84+113522.0_801756_0.3,21,150.20207292391206,2.5177113608376294,3.1112000942230225,desi,1,150.20204031825676,2.5177186984316067,0.12020537086926543,-0.00205124764651848,3.722494592016503e-05,-3.113251341869541,False,GALAXY,,DESI-DR1,39089837390696263,,,,,ba4c2052-8787-11ef-81cf-525400f334e1
796934,080742.12+412817.1_796934_0.001,1,150.6458420386709,2.508923113301526,0.5188999772071838,desi,1,150.64580210445786,2.5089243544304902,0.14369483993509505,0.5188446375962471,9.018700411132e-05,-5.533961093673323e-05,True,GALAXY,,DESI-DR1,39089837395041138,,,,,fbaddb07-8785-11ef-9c82-525400f334e1
800620,081136.70+475842.7_800620_0.1,1,150.54901997860975,2.5132495822905545,0.6129999756813049,desi,1,150.54896514122052,2.5132740709455024,0.21603153123289326,0.6122240679104867,2.9301313594503344e-05,-0.0007759077708182627,True,GALAXY,,DESI-DR1,39089837395040748,,,,,412c8547-8789-11ef-9d9e-525400f334e1
787192,075101.86+335647.3_787192_0.01,4,150.12993455357045,2.4917536123826682,0.47999998927116394,desi,1,150.12991551318115,2.4917549061999202,0.06863880762070061,0.4802801111252484,5.646879559807382e-05,0.00028012185408443635,True,GALAXY,,DESI-DR1,39089837395051407,,,,,bb26995e-8787-11ef-b2c6-525400f334e1
791475,151305.11+141230.0_791475_0.0003,8,149.8553023642327,2.502029955793205,3.182800054550171,desi,1,149.85526924124292,2.502025592293572,0.12016030662247078,0.016097068343540234,3.720297524086606e-05,-3.1667029862066305,False,GALAXY,,DESI-EDR,234545039278095,,,,,2b55a2dd-9d29-11ee-a920-525400ad1336
791475,151305.11+141230.0_791475_0.0003,8,149.8553023642327,2.502029955793205,3.182800054550171,desi,2,149.85526924124292,2.502025592293572,0.12016030662247078,0.016120045975507594,3.5584951258677253e-05,-3.166680008574663,False,GALAXY,,DESI-EDR,243341132300302,,,,,34ac1bc7-9d29-11ee-993a-525400ad1336
791475,151305.11+141230.0_791475_0.0003,8,149.8553023642327,2.502029955793205,3.182800054550171,desi,3,149.85526924124292,2.502025592293572,0.12016030662247078,0.01612473316621752,3.2532660131364874e-05,-3.1666753213839534,False,GALAXY,,DESI-DR1,234545039278095,,,,,3e33eeaa-8840-11ef-af25-525400f334e1
791475,151305.11+141230.0_791475_0.0003,8,149.8553023642327,2.502029955793205,3.182800054550171,desi,4,149.85526924124292,2.502025592293572,0.12016030662247078,0.016153214198388503,4.068095252493557e-05,-3.1666468403517825,False,GALAXY,,DESI-DR1,243341132300302,,,,,42b20598-8840-11ef-ba52-525400f334e1
793039,030214.27-072021.0_793039_0.03,1,149.9130426719872,2.501910468827725,0.7386000156402588,desi,1,149.9130365616539,2.501922545084724,0.04871333576991194,0.7380984630072736,9.4664031560481e-05,-0.000501552632985236,True,GALAXY,,DESI-DR1,39089837394901112,,,,,b5b14682-8787-11ef-9f72-525400f334e1
786631,170403.54+315628.0_786631_1,1,150.0196679937891,2.492277417017229,0.5324000120162964,desi,1,150.01965541527883,2.4922829460140767,0.04942493829653983,0.5323646921747366,3.00984143791111e-05,-3.531984155979995e-05,True,GALAXY,,DESI-DR1,39089837395050878,,,,,aed2f38e-8787-11ef-8465-525400f334e1
788704,160211.49+141053.4_788704_0.1,6,149.9525850130055,2.49415876028229,0.2824000120162964,desi,1,149.9525649001323,2.494186845072727,0.12431822347272209,0.28245963282120257,7.51488842460755e-06,5.9620804906179714e-05,True,GALAXY,,DESI-DR1,39089837394901337,,,,,af5da393-8787-11ef-b152-525400f334e1
643678,080120.97+194803.9_643678_0.0001,2,149.72344711706415,2.2762324162152727,0.18649999797344208,desi,1,149.72344261819586,2.276286842796717,0.19660287406853885,0.18647790695452562,1.6890116642043398e-05,-2.2091018916453597e-05,True,GALAXY,,DESI-DR1,39627841595249964,,,,,38517f21-89a5-11ef-b241-525400f334e1
643678,080120.97+194803.9_643678_0.0001,2,149.72344711706415,2.2762324162152727,0.18649999797344208,desi,2,149.72344261819586,2.276286842796717,0.19660287406853885,0.18647701207629572,1.683767583471472e-05,-2.2985897146360346e-05,True,GALAXY,,DESI-EDR,39627841595249964,,,,,52aaac3c-9d38-11ee-af82-525400ad1336
668691,152900.10+342905.5_668691_1,5,149.9550271022801,2.3156304042219005,2.000999927520752,desi,1,149.9550112016534,2.3156108317035633,0.09075289821411635,0.2514790756071403,5.056862475134184e-05,-1.7495208519136116,False,GALAXY,,DESI-DR1,39627841599444221,,,,,dfc8ac2c-8812-11ef-994b-525400f334e1
666591,161134.74+384907.6_666591_0.03,3,150.1378049686228,2.3095835085515577,0.4609000086784363,desi,1,150.13776349854695,2.30956171985355,0.16853697769175427,0.46126170459491256,8.898460214998214e-05,0.00036169591647627897,True,GALAXY,,DESI-DR1,39089837395049565,,,,,cba2356a-8787-11ef-86e5-525400f334e1
664769,170726.96+353524.0_664769_0.0003,1,149.67757161959432,2.30752881561598,0.37209999561309814,desi,1,149.6775620447675,2.307504522393988,0.0939930510895368,0.3719145155869806,1.4373294334695202e-05,-0.0001854800261175682,True,GALAXY,,DESI-EDR,39627841595248695,,,,,8b0fea55-9d14-11ee-b24c-525400ad1336
664769,170726.96+353524.0_664769_0.0003,1,149.67757161959432,2.30752881561598,0.37209999561309814,desi,2,149.6775620447675,2.307504522393988,0.0939930510895368,0.3719107133797857,1.4193234697680284e-05,-0.00018928223331243776,True,GALAXY,,DESI-DR1,39627841595248695,,,,,9bbf1331-88f4-11ef-867f-525400f334e1
658785,092125.20+570301.6_658785_0.0001,1,150.3483191715386,2.3003040502785823,1.802299976348877,desi,1,150.3483269096032,2.3002830607930775,0.08052578660263639,1.5155319770700184,9.369771342086569e-05,-0.28676799927885854,False,GALAXY,,DESI-DR1,39627841607829992,,,,,81e95f1f-89a5-11ef-af86-525400f334e1
658785,092125.20+570301.6_658785_0.0001,1,150.3483191715386,2.3003040502785823,1.802299976348877,desi,2,150.3483269096032,2.3002830607930775,0.08052578660263639,1.5155261442469095,9.979628393679823e-05,-0.2867738321019675,False,GALAXY,,DESI-EDR,39627841607829992,,,,,f1dcb62c-9d38-11ee-8917-525400ad1336
660035,150231.12+400613.2_660035_1,3,149.68151654409027,2.2976643850710725,0.3398999869823456,desi,1,149.68149783925682,2.2976407589067804,0.10844931103352079,0.3404586659957818,3.495218849278154e-05,0.000558679013436203,True,GALAXY,,DESI-EDR,39627841595248783,,,,,861dd9f2-9d14-11ee-855a-525400ad1336
660035,150231.12+400613.2_660035_1,3,149.68151654409027,2.2976643850710725,0.3398999869823456,desi,2,149.68149783925682,2.2976407589067804,0.10844931103352079,0.34046409039774955,3.520561555673131e-05,0.0005641034154039715,True,GALAXY,,DESI-DR1,39627841595248783,,,,,995e96e7-88f4-11ef-b413-525400f334e1
711614,140817.56-011432.1_711614_0.003,10,150.47010567620592,2.377539588207366,1.9365999698638916,desi,1,150.47005784429135,2.3775010653014106,0.2209816276393362,0.876720496326189,0.00010601247955417792,-1.0598794735377026,False,GALAXY,,DESI-EDR,39627847647630852,,,,,33e806aa-9b8d-11ee-a25b-525400ad1336
711614,140817.56-011432.1_711614_0.003,10,150.47010567620592,2.377539588207366,1.9365999698638916,desi,2,150.47005784429135,2.3775010653014106,0.2209816276393362,0.8767429863483167,0.00010287679084912876,-1.059856983515575,False,GALAXY,,DESI-DR1,39627847647630852,,,,,34b8aea7-89a3-11ef-bd21-525400f334e1
701578,022947.12-005332.4_701578_0.3,5,150.72646416789576,2.360276583274022,0.7269999980926514,desi,1,150.72643863404124,2.3602672035634096,0.09785452459325208,0.7270994829903555,0.0001610907368023339,9.948489770417179e-05,True,GALAXY,,DESI-DR1,39089837395033194,,,,,f55a3683-8785-11ef-a022-525400f334e1
688498,142341.94+204001.5_688498_0.001,10,150.5099723417684,2.3419460318070864,0.8392000198364258,desi,1,150.509941286921,2.341940227931353,0.1136413520386762,0.8377682618217317,0.00026324009095603186,-0.0014317580146940845,True,GALAXY,,DESI-DR1,39089837395032372,,,,,702de5c2-8784-11ef-b775-525400f334e1
730865,074844.87+441422.0_730865_0.0001,30,150.65172138954642,2.405310146474049,0.429500013589859,desi,1,150.6516934169081,2.4052949935175665,0.11444956604933286,0.43063978071735315,8.054217126284756e-05,0.0011397671274941401,True,GALAXY,,DESI-DR1,39089837395041161,,,,,b6c873fc-8785-11ef-b594-525400f334e1
745294,074959.03+390138.2_745294_0.003,5,150.76663890088358,2.427966342047279,0.3617999851703644,desi,1,150.76661721473837,2.427983944749414,0.10049740330869493,0.36179141346289595,7.820774778227562e-06,-8.571707468429945e-06,True,GALAXY,,DESI-DR1,39089837395009699,,,,,d37f150c-8785-11ef-92e5-525400f334e1
767500,025732.75-074331.5_767500_0.0003,4,150.04007226463668,2.462302565357164,0.4796000123023987,desi,1,150.04005409167087,2.462298721350871,0.06681114138822135,0.4799396529621897,2.3915869209873437e-05,0.00033964065979102953,True,GALAXY,,DESI-DR1,39089837395050961,,,,,a42bc1b6-8787-11ef-ac76-525400f334e1
765830,140358.11+074120.0_765830_0.001,66,150.01208581839418,2.459077531051034,0.7459999918937683,desi,1,150.01207271703757,2.459086341441758,0.05680162832343479,0.7466216410927898,7.869794132388991e-05,0.0006216491990215234,True,GALAXY,,DESI-DR1,39627847643431247,,,,,6059c239-89a5-11ef-b5c7-525400f334e1
765830,140358.11+074120.0_765830_0.001,66,150.01208581839418,2.459077531051034,0.7459999918937683,desi,2,150.01207271703757,2.459086341441758,0.05680162832343479,0.7465238848771002,0.0001981318498463037,0.0005238929833318862,True,GALAXY,,DESI-DR1,39627847643431247,,,,,836c880f-8812-11ef-9af1-525400f334e1
765830,140358.11+074120.0_765830_0.001,66,150.01208581839418,2.459077531051034,0.7459999918937683,desi,3,150.01207271703757,2.459086341441758,0.05680162832343479,0.7466378460956516,7.769853574870496e-05,0.0006378542018833366,True,GALAXY,,DESI-EDR,39627847643431247,,,,,a88632d8-9d38-11ee-82a0-525400ad1336
766939,145900.98+331919.8_766939_0.0003,12,149.46366790477984,2.458860847946829,0.484499990940094,desi,1,149.46363530318973,2.4588613667519033,0.11727253733734182,0.484326395606795,0.00011609448429246846,-0.00017359533329897037,True,GALAXY,,DESI-EDR,39627847630852837,,,,,68d0b80b-9d14-11ee-89f7-525400ad1336
766939,145900.98+331919.8_766939_0.0003,12,149.46366790477984,2.458860847946829,0.484499990940094,desi,2,149.46363530318973,2.4588613667519033,0.11727253733734182,0.48432666943604663,0.00011021983500687833,-0.00017332150404736346,True,GALAXY,,DESI-DR1,39627847630852837,,,,,8c3aaeba-88f4-11ef-bb6c-525400f334e1
765962,022809.78-001526.0_765962_0.003,9,149.92566154677561,2.4595362021767335,0.5015000104904175,desi,1,149.9256469150136,2.459543634822427,0.059037630972312495,0.5016145628278583,9.825166851115876e-05,0.00011455233744084303,True,GALAXY,,DESI-DR1,39089837394901200,,,,,813c40ce-8787-11ef-9cbc-525400f334e1
765622,030313.02-001457.4_765622_0.0001,24,150.2537449849653,2.459469459675827,0.6952999830245972,desi,1,150.25370284206323,2.459452963522578,0.16279312832558152,0.6951691611116209,9.804141765145242e-05,-0.00013082191297630885,True,GALAXY,,DESI-DR1,39627847647625354,,,,,7aa8c7ff-89a5-11ef-860b-525400f334e1
765622,030313.02-001457.4_765622_0.0001,24,150.2537449849653,2.459469459675827,0.6952999830245972,desi,2,150.25370284206323,2.459452963522578,0.16279312832558152,0.6950437491378921,0.0001618393218264304,-0.00025623388670503733,True,GALAXY,,DESI-DR1,39627847647625354,,,,,8aa7d215-8812-11ef-98f0-525400f334e1
765622,030313.02-001457.4_765622_0.0001,24,150.2537449849653,2.459469459675827,0.6952999830245972,desi,3,150.25370284206323,2.459452963522578,0.16279312832558152,0.6951612730576726,0.00010932357712469158,-0.00013870996692455506,True,GALAXY,,DESI-EDR,39627847647625354,,,,,e1b1c8eb-9d38-11ee-9f25-525400ad1336
765364,090152.04+624342.7_765364_0.1,33,150.34647749424317,2.460925913978727,2.0933001041412354,desi,1,150.34643328940052,2.460883671630299,0.22000923691643084,1.2940366635442087,4.476027583272076e-05,-0.7992634405970267,False,GALAXY,,DESI-DR1,39627847647627581,,,,,7d239a33-89a5-11ef-89ae-525400f334e1
765364,090152.04+624342.7_765364_0.1,33,150.34647749424317,2.460925913978727,2.0933001041412354,desi,2,150.34643328940052,2.460883671630299,0.22000923691643084,1.2940111824391156,3.911721116056349e-05,-0.7992889217021197,False,GALAXY,,DESI-DR1,39627847647627581,,,,,a7885ebf-8812-11ef-95e1-525400f334e1
765364,090152.04+624342.7_765364_0.1,33,150.34647749424317,2.460925913978727,2.0933001041412354,desi,3,150.34643328940052,2.460883671630299,0.22000923691643084,1.2940384051087923,4.7020405092299684e-05,-0.799261699032443,False,GALAXY,,DESI-EDR,39627847647627581,,,,,e7506005-9d38-11ee-a4ef-525400ad1336
496531,160615.84+163818.2_496531_0.0003,10,150.2870831642359,2.0533496657555186,0.6211000084877014,desi,1,150.28705556231026,2.0533497491040227,0.09930358189999766,0.6216604454611371,7.53992609689407e-05,0.0005604369734356629,True,GALAXY,,DESI-DR1,39089837395056157,,,,,a9b49415-8784-11ef-ac74-525400f334e1
492600,080149.66+132616.7_492600_0.0001,15,150.3554850357072,2.045238517089723,0.5295000076293945,desi,1,150.35545938609002,2.045244466185263,0.09473245536604398,0.5290864259617558,7.792870415516716e-05,-0.0004135816676387183,True,GALAXY,,DESI-DR1,39089837395056418,,,,,9c1ed728-8784-11ef-ac0b-525400f334e1
498540,085058.07+101822.1_498540_1,3,149.57825466312104,2.0575775039534627,0.8884999752044678,desi,1,149.5782654618268,2.057569706871046,0.0479295377236269,0.8880761614874385,2.5748395348514846e-05,-0.0004238137170292644,True,GALAXY,,DESI-DR1,39627835555448616,,,,,06789fee-89a5-11ef-8022-525400f334e1
498540,085058.07+101822.1_498540_1,3,149.57825466312104,2.0575775039534627,0.8884999752044678,desi,2,149.5782654618268,2.057569706871046,0.0479295377236269,0.8880546132343697,2.5384313306333808e-05,-0.0004453619700980349,True,GALAXY,,DESI-DR1,39627835555448616,,,,,e5094e7f-8812-11ef-b4e3-525400f334e1
498540,085058.07+101822.1_498540_1,3,149.57825466312104,2.0575775039534627,0.8884999752044678,desi,3,149.5782654618268,2.057569706871046,0.0479295377236269,0.8880722601476155,2.5278562066001158e-05,-0.0004277150568522403,True,GALAXY,,DESI-EDR,39627835555448616,,,,,e7042ef8-9d37-11ee-9167-525400ad1336
496327,092551.55+661507.2_496327_0.0001,3,150.0133875654915,2.0528013627839576,0.6773999929428101,desi,1,150.01335927848305,2.052805160179858,0.10268197004183531,0.6775840542044947,0.0002357493807438977,0.00018406126168468706,True,GALAXY,,DESI-DR1,39089837395005908,,,,,ee43b953-8786-11ef-bfc8-525400f334e1
500528,023230.42-072644.2_500528_0.0003,7,149.931578843261,2.061549461830919,2.5555999279022217,desi,1,149.93155167683398,2.061544048281457,0.09965995430347609,0.08139553019824414,6.281691504580654e-05,-2.4742043977039776,False,GALAXY,,DESI-DR1,39627835559644738,,,,,3ec9aa1a-87f0-11ef-a8b7-525400f334e1
500528,023230.42-072644.2_500528_0.0003,7,149.931578843261,2.061549461830919,2.5555999279022217,desi,2,149.93155167683398,2.061544048281457,0.09965995430347609,1.330282325797196,6.431805069614372e-05,-1.2253176021050256,False,GALAXY,,DESI-EDR,39627835559644738,,,,,95a2ab93-9b0a-11ee-9a8e-525400ad1336
385984,152011.92+043545.9_385984_0.03,30,149.96247545139326,1.8784249086654874,2.237299919128418,desi,1,149.96243545964003,1.8784235004083576,0.143982228491919,0.7798784200953651,7.504066820329184e-05,-1.4574214990330527,False,GALAXY,,DESI-DR1,234532959682565,,,,,b2c612db-883f-11ef-a964-525400f334e1
385984,152011.92+043545.9_385984_0.03,30,149.96247545139326,1.8784249086654874,2.237299919128418,desi,2,149.96243545964003,1.8784235004083576,0.143982228491919,0.7805536782133425,4.6571528398962096e-05,-1.4567462409150753,False,GALAXY,,DESI-EDR,234532959682565,,,,,d8b1ddf7-9d01-11ee-8330-525400ad1336
385984,152011.92+043545.9_385984_0.03,30,149.96247545139326,1.8784249086654874,2.237299919128418,desi,3,149.96242963733926,1.8784171139877037,0.16721329044385194,1.6747170375733342,0.0002337499265513671,-0.5625828815550837,False,GALAXY,,DESI-EDR,39627835559645376,,,,,797c934b-9afb-11ee-b02e-525400ad1336
385984,152011.92+043545.9_385984_0.03,30,149.96247545139326,1.8784249086654874,2.237299919128418,desi,4,149.96242963733926,1.8784171139877037,0.16721329044385194,1.6772151496565193,0.0001221521261599897,-0.5600847694718987,False,GALAXY,,DESI-DR1,39627835559645376,,,,,cdb18aff-87ef-11ef-8e87-525400f334e1
383517,084242.66+104158.9_383517_0.003,31,150.26533789005822,1.873270230125093,0.5293999910354614,desi,1,150.26530759715737,1.8732711346071431,0.10904478738435493,0.529335139222406,9.341498490387816e-05,-6.485181305537768e-05,True,GALAXY,,DESI-DR1,39089837395048199,,,,,dc53c945-8784-11ef-a85c-525400f334e1
385598,090315.19+252401.0_385598_1,11,150.00072255153736,1.8765783431225238,0.31850001215934753,desi,1,150.00069481942666,1.876581816475607,0.10056246981063473,0.31844965656811003,5.3268267392930294e-06,-5.0355591237505326e-05,True,GALAXY,,DESI-DR1,39089837395005876,,,,,623f69f4-8784-11ef-b873-525400f334e1
382682,164359.36+344630.3_382682_1,5,150.01476226058256,1.8715707119460736,0.4251999855041504,desi,1,150.01472730001544,1.8715854996121095,0.13659201929296205,0.42507166925306494,2.1471105912819305e-05,-0.00012831625108544742,True,GALAXY,,DESI-DR1,39089837395058080,,,,,3390475d-8784-11ef-bd62-525400f334e1
389679,142034.52+130201.5_389679_0.3,10,150.0887806368742,1.8832543156585402,1.4463000297546387,desi,1,150.0887493049244,1.8832604530687027,0.11487885255938728,1.446277416578897,2.5990135408041747e-05,-2.261317574170363e-05,True,GALAXY,,DESI-DR1,39627835563837157,,,,,183ae3fb-89a3-11ef-bd37-525400f334e1
389679,142034.52+130201.5_389679_0.3,10,150.0887806368742,1.8832543156585402,1.4463000297546387,desi,2,150.0887493049244,1.8832604530687027,0.11487885255938728,1.446186766257049,3.501220314697078e-05,-0.00011326349758977727,True,GALAXY,,DESI-DR1,39627835563837157,,,,,4217c0c6-8811-11ef-ab84-525400f334e1
389679,142034.52+130201.5_389679_0.3,10,150.0887806368742,1.8832543156585402,1.4463000297546387,desi,3,150.0887493049244,1.8832604530687027,0.11487885255938728,1.4462724902254855,2.5907515958070476e-05,-2.753952915313107e-05,True,GALAXY,,DESI-EDR,39627835563837157,,,,,f4946d8c-9b8c-11ee-b2ce-525400ad1336
385272,154115.79-014208.6_385272_1,13,150.02250744557568,1.8756245708667696,0.5619999766349792,desi,1,150.02247317388623,1.8756331949143974,0.1271602685703235,0.5614158639505263,5.2607228287490846e-05,-0.0005841126844529088,True,GALAXY,,DESI-DR1,39089837395005937,,,,,66489fbe-8784-11ef-b57e-525400f334e1
425968,080912.47+074731.4_425968_0.01,8,150.53556543639067,1.9393157916569266,0.847000002861023,desi,1,150.53550416072375,1.9393040852472068,0.2244578340662004,0.846152226266129,0.0001607474912866471,-0.0008477765948939897,True,GALAXY,,DESI-DR1,39627835572224980,,,,,2f38cf39-8811-11ef-8763-525400f334e1
425968,080912.47+074731.4_425968_0.01,8,150.53556543639067,1.9393157916569266,0.847000002861023,desi,2,150.53550416072375,1.9393040852472068,0.2244578340662004,0.8462826360461875,0.00011003309762990576,-0.0007173668148354739,True,GALAXY,,DESI-DR1,39627835572224980,,,,,4191d92e-89a3-11ef-b184-525400f334e1
425968,080912.47+074731.4_425968_0.01,8,150.53556543639067,1.9393157916569266,0.847000002861023,desi,3,150.53550416072375,1.9393040852472068,0.2244578340662004,0.8462773526913324,0.00012621319396051572,-0.0007226501696905308,True,GALAXY,,DESI-EDR,39627835572224980,,,,,51b41590-9b8d-11ee-8ab0-525400ad1336
430114,145432.54+343523.9_430114_0.001,8,150.46069979791136,1.9487974692828582,1.6030999422073364,desi,1,150.4606558835954,1.9487733014501067,0.18037117942594016,1.602539105249002,0.00010247151668700915,-0.0005608369583345318,True,GALAXY,,DESI-DR1,39627835568034822,,,,,47833d0d-8811-11ef-ae00-525400f334e1
430114,145432.54+343523.9_430114_0.001,8,150.46069979791136,1.9487974692828582,1.6030999422073364,desi,2,150.4606558835954,1.9487733014501067,0.18037117942594016,1.602498682520369,6.993943289308651e-05,-0.000601259686967337,True,GALAXY,,DESI-DR1,39627835568034822,,,,,513a30d3-89a3-11ef-b66b-525400f334e1
430114,145432.54+343523.9_430114_0.001,8,150.46069979791136,1.9487974692828582,1.6030999422073364,desi,3,150.4606558835954,1.9487733014501067,0.18037117942594016,1.6034466690896914,6.69360993630463e-05,0.00034672688235493077,True,GALAXY,,DESI-EDR,39627835568034822,,,,,746119d2-9b8d-11ee-bf23-525400ad1336
436571,153512.15+463923.3_436571_0.0003,10,149.81637302241168,1.9588743654834924,1.2101000547409058,desi,1,149.8163525221853,1.9588399795860332,0.14409708606753102,1.2095380342820339,3.478805907376982e-05,-0.0005620204588718813,True,GALAXY,,DESI-DR1,39627835559642348,,,,,8cf7b708-8812-11ef-a1c8-525400f334e1
436571,153512.15+463923.3_436571_0.0003,10,149.81637302241168,1.9588743654834924,1.2101000547409058,desi,2,149.8163525221853,1.9588399795860332,0.14409708606753102,1.2096036539078039,4.1807532177642294e-05,-0.0004964008331018732,True,GALAXY,,DESI-EDR,39627835559642348,,,,,a7ef0fef-9d37-11ee-a6f5-525400ad1336
436571,153512.15+463923.3_436571_0.0003,10,149.81637302241168,1.9588743654834924,1.2101000547409058,desi,3,149.8163525221853,1.9588399795860332,0.14409708606753102,1.2095869024279726,4.2328263846007913e-05,-0.0005131523129331406,True,GALAXY,,DESI-DR1,39627835559642348,,,,,e9fedba3-89a4-11ef-9ed2-525400f334e1
400224,163343.16+460105.0_400224_0.001,8,149.8738341610137,1.9001392520653702,0.869700014591217,desi,1,149.87378166340133,1.9001318950554353,0.19073528719036423,0.8687744593124874,2.1854622984398224e-05,-0.0009255552787296173,True,GALAXY,,DESI-EDR,39627835559643491,,,,,af1eb5aa-9d37-11ee-bfe0-525400ad1336
400224,163343.16+460105.0_400224_0.001,8,149.8738341610137,1.9001392520653702,0.869700014591217,desi,2,149.87378166340133,1.9001318950554353,0.19073528719036423,0.8687608104639537,2.0708449233435765e-05,-0.0009392041272633378,True,GALAXY,,DESI-DR1,39627835559643491,,,,,edb55578-89a4-11ef-b768-525400f334e1
403826,074551.28+402715.0_403826_0.03,6,150.03584262763195,1.906509072946385,1.5677000284194946,desi,1,150.03581608663512,1.906500492975015,0.10036582824677494,1.5673521018851508,6.250611596086954e-05,-0.00034792653434378984,True,GALAXY,,DESI-EDR,39627835563836147,,,,,01f6bd3c-9b8d-11ee-9abf-525400ad1336
403826,074551.28+402715.0_403826_0.03,6,150.03584262763195,1.906509072946385,1.5677000284194946,desi,2,150.03581608663512,1.906500492975015,0.10036582824677494,1.5673946815437212,7.5561837754706e-05,-0.0003053468757734379,True,GALAXY,,DESI-DR1,39627835563836147,,,,,1e256351-89a3-11ef-bdf5-525400f334e1
406638,085513.41+551014.1_406638_0.1,9,150.09409236676396,1.9102491618875745,0.8442000150680542,desi,1,150.0940949802251,1.9102276121801325,0.07814674496843485,0.8435061524895268,2.9699300773645795e-05,-0.0006938625785274377,True,GALAXY,,DESI-DR1,39627835563837282,,,,,1be5af6f-89a3-11ef-be0a-525400f334e1
406638,085513.41+551014.1_406638_0.1,9,150.09409236676396,1.9102491618875745,0.8442000150680542,desi,2,150.0940949802251,1.9102276121801325,0.07814674496843485,0.8436155835153221,2.7405946245167348e-05,-0.0005844315527321342,True,GALAXY,,DESI-DR1,39627835563837282,,,,,420a16c9-8811-11ef-b76b-525400f334e1
406638,085513.41+551014.1_406638_0.1,9,150.09409236676396,1.9102491618875745,0.8442000150680542,desi,3,150.0940949802251,1.9102276121801325,0.07814674496843485,0.8435079334361741,3.007220146567636e-05,-0.0006920816318800593,True,GALAXY,,DESI-EDR,39627835563837282,,,,,fce5d84b-9b8c-11ee-8c75-525400ad1336
496869,161449.71+265858.8_496869_0.01,2,150.64154107282897,2.054792444163742,0.8414000272750854,desi,1,150.6415078689859,2.054785573687797,0.1219906772100745,0.84054513046653,8.852170150941735e-06,-0.0008548968085554387,True,GALAXY,,DESI-DR1,39627835572227401,,,,,386782ea-8811-11ef-8629-525400f334e1
496869,161449.71+265858.8_496869_0.01,2,150.64154107282897,2.054792444163742,0.8414000272750854,desi,2,150.6415078689859,2.054785573687797,0.1219906772100745,0.8405422541322303,7.256497087293784e-06,-0.0008577731428551782,True,GALAXY,,DESI-DR1,39627835572227401,,,,,3ddda003-89a3-11ef-b1b3-525400f334e1
496869,161449.71+265858.8_496869_0.01,2,150.64154107282897,2.054792444163742,0.8414000272750854,desi,3,150.6415078689859,2.054785573687797,0.1219906772100745,0.8405442032200665,7.282871634477921e-06,-0.0008558240550189389,True,GALAXY,,DESI-EDR,39627835572227401,,,,,49507dee-9b8d-11ee-ba27-525400ad1336
403815,140935.10+002108.3_403815_0.0001,3,149.4583647422284,1.9043603456853915,0.5396000146865845,desi,1,149.45834248117782,1.904362649856094,0.08052390699848799,0.5396902089382272,0.0001103957755453544,9.019425164269457e-05,True,GALAXY,,DESI-DR1,39089837394903360,,,,,0e952321-8782-11ef-b587-525400f334e1
432897,080746.32+425153.7_432897_1,1,150.24964121572174,1.952919822815388,1.1734000444412231,desi,1,150.24963608630816,1.952907858768246,0.046857945212169794,1.1729995912306808,4.93445917164188e-05,-0.00040045321054238414,True,GALAXY,,DESI-EDR,39627835563840776,,,,,0f6a4563-9b8e-11ee-916d-525400ad1336
432897,080746.32+425153.7_432897_1,1,150.24964121572174,1.952919822815388,1.1734000444412231,desi,2,150.24963608630816,1.952907858768246,0.046857945212169794,1.1730085089117201,4.759074384981307e-05,-0.0003915355295029954,True,GALAXY,,DESI-DR1,39627835563840776,,,,,978b904d-89a3-11ef-8589-525400f334e1
402162,134152.25-013055.7_402162_0.1,15,149.70351925427337,1.9016711175180663,0.753600001335144,desi,1,149.7034902169152,1.9016732578879505,0.10476067141806548,0.7529345123086887,0.0002511357145415329,-0.000665489026455357,True,GALAXY,,DESI-DR1,39627835555451305,,,,,a093530c-8812-11ef-89fa-525400f334e1
402162,134152.25-013055.7_402162_0.1,15,149.70351925427337,1.9016711175180663,0.753600001335144,desi,2,149.7034902169152,1.9016732578879505,0.10476067141806548,0.7530312232361955,5.973137060224255e-05,-0.0005687780989485081,True,GALAXY,,DESI-EDR,39627835555451305,,,,,c25d3114-9d37-11ee-80f7-525400ad1336
402162,134152.25-013055.7_402162_0.1,15,149.70351925427337,1.9016711175180663,0.753600001335144,desi,3,149.7034902169152,1.9016732578879505,0.10476067141806548,0.753034944145268,5.9370531762110015e-05,-0.0005650571898760948,True,GALAXY,,DESI-DR1,39627835555451305,,,,,f6391c12-89a4-11ef-b9c0-525400f334e1
406680,102134.89+600939.4_406680_0.3,6,149.97998886784183,1.9086329671830677,0.267300009727478,desi,1,149.97994071954594,1.9086269752530514,0.17457550514649295,0.26731495577894754,1.1498984366914202e-05,1.4946051469511001e-05,True,GALAXY,,DESI-DR1,39089837394907098,,,,,33835574-8784-11ef-85cc-525400f334e1
435955,090009.35+225214.1_435955_0.0001,14,149.90295444061928,1.9586944918742686,3.680000066757202,desi,1,149.90293178726523,1.958675844724552,0.10559059319643554,1.5475991520000112,9.848793595947235e-05,-2.132400914757191,False,GALAXY,,DESI-DR1,243329052704850,,,,,2477e8be-8840-11ef-a1fd-525400f334e1
435955,090009.35+225214.1_435955_0.0001,14,149.90295444061928,1.9586944918742686,3.680000066757202,desi,2,149.90293178726523,1.958675844724552,0.10559059319643554,0.4830020014851749,5.832316328462502e-05,-3.196998065272027,False,GALAXY,,DESI-EDR,243329052704850,,,,,f2a48b1a-9d28-11ee-bf75-525400ad1336
404165,090239.89+395726.7_404165_0.0001,18,150.4173678032106,1.9077840701787316,3.090100049972534,desi,1,150.4173122553838,1.9077587367349256,0.21968628840045926,1.506339187134762,0.00011982131325906558,-1.5837608628377722,False,GALAXY,,DESI-DR1,39089837390717061,,,,,c206c9b6-8784-11ef-95c2-525400f334e1
413098,072659.65+391751.0_413098_0.003,64,149.76745414439011,1.9180147458535122,0.9872000217437744,desi,1,149.76743059449555,1.9180054608085597,0.09108699592780203,0.9870381899343488,0.00016687524026083312,-0.0001618318094256388,True,GALAXY,,DESI-EDR,39627835559641488,,,,,a5279bbd-9d37-11ee-9298-525400ad1336
413098,072659.65+391751.0_413098_0.003,64,149.76745414439011,1.9180147458535122,0.9872000217437744,desi,2,149.76743059449555,1.9180054608085597,0.09108699592780203,0.9873255367129994,0.00016579627436853024,0.0001255149692249713,True,GALAXY,,DESI-DR1,39627835559641488,,,,,e39b32c5-8812-11ef-af5a-525400f334e1
413098,072659.65+391751.0_413098_0.003,64,149.76745414439011,1.9180147458535122,0.9872000217437744,desi,3,149.76743059449555,1.9180054608085597,0.09108699592780203,0.987031009680166,0.00017592693204411547,-0.00016901206360842025,True,GALAXY,,DESI-DR1,39627835559641488,,,,,e8c9a660-89a4-11ef-8b21-525400f334e1
410831,150518.44+005203.6_410831_0.003,12,149.62680926410474,1.9176309686695072,0.7432000041007996,desi,1,149.62680624952569,1.917636896671178,0.02393897537445858,0.7953355012725435,1.6441421981010763e-05,0.05213549717174393,False,GALAXY,,DESI-DR1,39627835555449729,,,,,04fb1f83-89a5-11ef-9ba2-525400f334e1
410831,150518.44+005203.6_410831_0.003,12,149.62680926410474,1.9176309686695072,0.7432000041007996,desi,2,149.62680624952569,1.917636896671178,0.02393897537445858,0.7953326628874948,1.79164190576666e-05,0.05213265878669526,False,GALAXY,,DESI-DR1,39627835555449729,,,,,99204aba-8812-11ef-9121-525400f334e1
410831,150518.44+005203.6_410831_0.003,12,149.62680926410474,1.9176309686695072,0.7432000041007996,desi,3,149.62680624952569,1.917636896671178,0.02393897537445858,0.7953337146878672,1.6652830594144715e-05,0.052133710587067617,False,GALAXY,,DESI-EDR,39627835555449729,,,,,e369908f-9d37-11ee-b14b-525400ad1336
404101,162956.09+274800.1_404101_1,4,150.11033136669778,1.9040253542485739,0.2303999960422516,desi,1,150.1103371069512,1.9040369581528054,0.04660084621887661,0.23005202940384495,6.973708546642004e-06,-0.0003479666384066382,True,GALAXY,,DESI-DR1,39089837395006234,,,,,448fc3db-8784-11ef-a3c2-525400f334e1
406304,165006.23+215451.8_406304_0.1,2,149.9762562858384,1.9090870870493644,0.18569999933242798,desi,1,149.97621355753014,1.9091022327916771,0.16311915999498244,0.18534089088618053,6.411147445023437e-06,-0.00035910844624745253,True,GALAXY,,DESI-DR1,39089837394907082,,,,,609575ed-8784-11ef-9bfe-525400f334e1
414425,092642.18+554554.3_414425_1,9,150.33573015091363,1.9228944743463607,1.6088000535964966,desi,1,150.33569622557894,1.9229159669637261,0.14451949164402755,1.6111883140881518,4.3582529746796624e-05,0.002388260491655192,True,GALAXY,,DESI-DR1,39627835568031637,,,,,8c90b80f-89a3-11ef-ac01-525400f334e1
414425,092642.18+554554.3_414425_1,9,150.33573015091363,1.9228944743463607,1.6088000535964966,desi,2,150.33569622557894,1.9229159669637261,0.14451949164402755,1.6110687681783538,0.00013244567029143523,0.0022687145818571786,True,GALAXY,,DESI-DR1,39627835568031637,,,,,8e696519-8811-11ef-ae5e-525400f334e1
414425,092642.18+554554.3_414425_1,9,150.33573015091363,1.9228944743463607,1.6088000535964966,desi,3,150.33569622557894,1.9229159669637261,0.14451949164402755,1.6101730947639137,3.875498524820859e-05,0.0013730411674170995,True,GALAXY,,DESI-EDR,39627835568031637,,,,,a21675e7-9afb-11ee-8694-525400ad1336
414425,092642.18+554554.3_414425_1,9,150.33573015091363,1.9228944743463607,1.6088000535964966,desi,4,150.33569622557894,1.9229159669637261,0.14451949164402755,1.6101874236826046,3.976758813609375e-05,0.0013873700861080085,True,GALAXY,,DESI-DR1,39627835568031637,,,,,e0ccec67-87ef-11ef-888b-525400f334e1
414425,092642.18+554554.3_414425_1,9,150.33573015091363,1.9228944743463607,1.6088000535964966,desi,5,150.33569622557894,1.9229159669637261,0.14451949164402755,1.611184783517144,4.381099885274987e-05,0.0023847299206474215,True,GALAXY,,DESI-EDR,39627835568031637,,,,,f77f89cb-9b8d-11ee-aa23-525400ad1336
415094,141007.12-012002.7_415094_0.0003,8,149.6970721814898,1.9221167216148256,0.32659998536109924,desi,1,149.69704082150164,1.9221117556744636,0.11423992072201081,0.3266827355951888,2.9699784880093174e-05,8.275023408954585e-05,True,GALAXY,,DESI-DR1,39089837394921643,,,,,eb5110cc-8786-11ef-921f-525400f334e1
399385,151134.54+245515.2_399385_0.003,11,150.08534833594987,1.89583332412201,0.3425999879837036,desi,1,150.0853188499317,1.895820677579554,0.11544772676551812,0.3427140577127894,7.230616888356635e-05,0.00011406972908578616,True,GALAXY,,DESI-DR1,39089837395006136,,,,,6800ea04-8784-11ef-b152-525400f334e1
409754,152911.55+155655.4_409754_0.003,1,150.22872492414817,1.9147584974970755,0.21729999780654907,desi,1,150.22869378431997,1.9147660841177,0.11532161268522631,0.21752770276875413,7.477099423596602e-06,0.00022770496220506087,True,GALAXY,,DESI-DR1,39089837395006703,,,,,42e79fe7-8784-11ef-bd62-525400f334e1
502086,153354.67+235614.7_502086_1,2,150.73831659179746,2.0608710398206993,0.22779999673366547,desi,1,150.73829651657798,2.060864674234195,0.07577242748438626,0.22723065290669608,4.720555067268778e-06,-0.0005693438269693818,True,GALAXY,,DESI-DR1,39089837395030497,,,,,9ae02c14-8784-11ef-8b3a-525400f334e1
506027,142100.45+211200.3_506027_1,2,150.6380826697238,2.0665884423156733,0.37470000982284546,desi,1,150.63804122666681,2.0665839637778696,0.14996715174302983,0.37451566788950175,2.4110093590005975e-05,-0.0001843419333437124,True,GALAXY,,DESI-DR1,39627835572227317,,,,,4185e7bf-88f3-11ef-868e-525400f334e1
506027,142100.45+211200.3_506027_1,2,150.6380826697238,2.0665884423156733,0.37470000982284546,desi,2,150.63804122666681,2.0665839637778696,0.14996715174302983,0.374428133217182,1.0741768656435554e-05,-0.00027187660566346805,True,GALAXY,,DESI-DR1,39089837395030161,,,,,bcf782cb-8784-11ef-9321-525400f334e1
506027,142100.45+211200.3_506027_1,2,150.6380826697238,2.0665884423156733,0.37470000982284546,desi,3,150.63804122666681,2.0665839637778696,0.14996715174302983,0.3745149359224337,2.391969119378669e-05,-0.00018507390041178073,True,GALAXY,,DESI-EDR,39627835572227317,,,,,c28406b8-9b38-11ee-bd31-525400ad1336
506027,142100.45+211200.3_506027_1,2,150.6380826697238,2.0665884423156733,0.37470000982284546,desi,4,150.63804122666681,2.0665839637778696,0.14996715174302983,0.3743026721717671,1.958702225202462e-05,-0.0003973376510783555,True,GALAXY,,DESI-DR1,39627835572227317,,,,,d4451753-8b70-11ef-a93b-525400f334e1
507997,162521.94+200730.4_507997_0.03,13,149.4670379054693,2.070312544208405,0.2842000126838684,desi,1,149.46704232415274,2.070279059176857,0.12158978655977865,0.28443928694433074,7.540827973985748e-06,0.0002392742604623299,True,GALAXY,,DESI-DR1,39089837394903390,,,,,13b40e54-8787-11ef-bfae-525400f334e1
502782,094003.03+511602.7_502782_0.01,12,149.7602232950658,2.0655089443241663,3.5999999046325684,desi,1,149.7601911032498,2.0655199560064994,0.12241185564317945,0.4278441477338031,6.594178548711052e-05,-3.172155756898765,False,GALAXY,,DESI-DR1,39089837390707321,,,,,f7d53765-8786-11ef-b467-525400f334e1
504491,172620.59+333306.3_504491_0.03,6,150.1378202502306,2.0667063347329893,2.7690000534057617,desi,1,150.13779921407126,2.0667095051631774,0.07653672055609467,1.5413082052354512,5.890732748534279e-05,-1.2276918481703105,False,GALAXY,,DESI-DR1,234532963876887,,,,,aa61c735-883f-11ef-a786-525400f334e1
504491,172620.59+333306.3_504491_0.03,6,150.1378202502306,2.0667063347329893,2.7690000534057617,desi,2,150.13779921407126,2.0667095051631774,0.07653672055609467,0.3394727017205864,6.006124963103408e-05,-2.4295273516851754,False,GALAXY,,DESI-DR1,243329056899100,,,,,b10e520b-883f-11ef-8b3a-525400f334e1
504491,172620.59+333306.3_504491_0.03,6,150.1378202502306,2.0667063347329893,2.7690000534057617,desi,3,150.13779921407126,2.0667095051631774,0.07653672055609467,1.4129501217076106,9.644894357242395e-05,-1.3560499316981511,False,GALAXY,,DESI-EDR,234532963876887,,,,,c7c19c99-9d01-11ee-bbac-525400ad1336
504491,172620.59+333306.3_504491_0.03,6,150.1378202502306,2.0667063347329893,2.7690000534057617,desi,4,150.13779921407126,2.0667095051631774,0.07653672055609467,0.19532177756133148,4.7739579188783277e-05,-2.57367827584443,False,GALAXY,,DESI-EDR,243329056899100,,,,,d52f0340-9d01-11ee-8b75-525400ad1336
506935,171304.46+352333.5_506935_0.003,1,149.96812473111115,2.067243040524213,0.0778999999165535,desi,1,149.96809968524838,2.0672629119514467,0.11505098781833469,0.07760022832761872,3.389103449364358e-06,-0.0002997715889347802,True,GALAXY,,DESI-DR1,39627835559645493,,,,,0717aa0e-89a5-11ef-8a62-525400f334e1
506935,171304.46+352333.5_506935_0.003,1,149.96812473111115,2.067243040524213,0.0778999999165535,desi,2,149.96809968524838,2.0672629119514467,0.11505098781833469,0.07760014089462158,3.383771713481075e-06,-0.00029985902193191416,True,GALAXY,,DESI-EDR,39627835559645493,,,,,e86cb569-9d37-11ee-b096-525400ad1336
505374,093732.33+474631.9_505374_0.03,4,149.46338747540756,2.0669622906357223,0.28450000286102295,desi,1,149.46336566473013,2.066930285039261,0.139401605700081,0.28408473340183893,1.1290953153969272e-05,-0.00041526945918402003,True,GALAXY,,DESI-DR1,39089837394903379,,,,,02d7df0b-8787-11ef-9eff-525400f334e1
490601,205707.66+752603.8_490601_0.3,4,150.2923066501982,2.0456311879498,0.7127000093460083,desi,1,150.2922706894542,2.0456282364910687,0.1298117522938976,0.7127018946056122,1.9219151101759706e-05,1.8852596038732017e-06,True,GALAXY,,DESI-EDR,39627835568030669,,,,,27459557-9b8e-11ee-9598-525400ad1336
490601,205707.66+752603.8_490601_0.3,4,150.2923066501982,2.0456311879498,0.7127000093460083,desi,2,150.2922706894542,2.0456282364910687,0.1298117522938976,0.7126498438879455,1.779736214828387e-05,-5.0165458062800816e-05,True,GALAXY,,DESI-DR1,39627835568030669,,,,,81e22829-8811-11ef-9c73-525400f334e1
490601,205707.66+752603.8_490601_0.3,4,150.2923066501982,2.0456311879498,0.7127000093460083,desi,3,150.2922706894542,2.0456282364910687,0.1298117522938976,0.7126983320290939,1.900741095626514e-05,-1.6773169143613487e-06,True,GALAXY,,DESI-DR1,39627835568030669,,,,,a2854998-89a3-11ef-9c6a-525400f334e1
492654,155948.17+065727.6_492654_0.3,2,150.08373699634316,2.0493829294640893,2.891200065612793,desi,1,150.0837035516462,2.0493672179410103,0.13295503705007292,0.32125121713913407,5.421678275905672e-05,-2.569948848473659,False,GALAXY,,DESI-DR1,234532963876878,,,,,ab1d6a7d-883f-11ef-ac0c-525400f334e1
492654,155948.17+065727.6_492654_0.3,2,150.08373699634316,2.0493829294640893,2.891200065612793,desi,2,150.0837035516462,2.0493672179410103,0.13295503705007292,1.4923854869884998,9.62037681086987e-05,-1.3988145786242931,False,GALAXY,,DESI-EDR,234532963876878,,,,,c8ff0502-9d01-11ee-8ca4-525400ad1336
495013,142748.28+050222.0_495013_0.01,5,150.41276827397843,2.049469008085695,0.0997999981045723,desi,1,150.4127210214561,2.049461465866816,0.1721549326518172,0.09958607300101753,2.8139799240908e-06,-0.00021392510355476568,True,GALAXY,,DESI-DR1,39089837395056630,,,,,92b78494-8784-11ef-8c2d-525400f334e1
477589,085811.17+493609.9_477589_0.03,6,149.93637187975102,2.021816695937576,0.16920000314712524,desi,1,149.93635848466303,2.0218033650473264,0.06801215501614453,0.1684090548276259,3.9384351305076264e-06,-0.0007909483194993572,True,GALAXY,,DESI-DR1,39627835559644847,,,,,0983dc77-8b71-11ef-967a-525400f334e1
477589,085811.17+493609.9_477589_0.03,6,149.93637187975102,2.021816695937576,0.16920000314712524,desi,2,149.93635848466303,2.0218033650473264,0.06801215501614453,0.16838176192010063,8.118952680326436e-06,-0.0008182412270246187,True,GALAXY,,DESI-EDR,39627835559644847,,,,,14e33e34-9d14-11ee-adf8-525400ad1336
477589,085811.17+493609.9_477589_0.03,6,149.93637187975102,2.021816695937576,0.16920000314712524,desi,3,149.93635848466303,2.0218033650473264,0.06801215501614453,0.16838200268011216,8.078542088559631e-06,-0.0008180004670130803,True,GALAXY,,DESI-DR1,39627835559644847,,,,,666d1884-88f4-11ef-93fc-525400f334e1
480990,083346.15+165304.8_480990_0.3,2,149.8305500469248,2.0297347367932703,0.8891000151634216,desi,1,149.8305435616868,2.029731639756648,0.025859225762857135,0.8880356401312018,1.8948912401722025e-05,-0.0010643750322197887,True,GALAXY,,DESI-DR1,39627835559642596,,,,,9fd08521-8812-11ef-8331-525400f334e1
480990,083346.15+165304.8_480990_0.3,2,149.8305500469248,2.0297347367932703,0.8891000151634216,desi,2,149.8305435616868,2.029731639756648,0.025859225762857135,0.8879760642331451,1.245934462287645e-05,-0.0011239509302765072,True,GALAXY,,DESI-EDR,39627835559642596,,,,,a7299f7e-9d37-11ee-a5cc-525400ad1336
480990,083346.15+165304.8_480990_0.3,2,149.8305500469248,2.0297347367932703,0.8891000151634216,desi,3,149.8305435616868,2.029731639756648,0.025859225762857135,0.887977890779798,1.2449372843913572e-05,-0.0011221243836235795,True,GALAXY,,DESI-DR1,39627835559642596,,,,,e9a300a7-89a4-11ef-9fdd-525400f334e1
475782,144202.93+145539.2_475782_0.3,3,150.03705764995618,2.0192089860402733,0.31459999084472656,desi,1,150.03702412295863,2.019172466879864,0.1784203429394794,0.3142612788805908,1.7610613058619755e-05,-0.00033871196413576277,True,GALAXY,,DESI-DR1,39627835563836176,,,,,37fabfa1-88f3-11ef-b9c2-525400f334e1
475782,144202.93+145539.2_475782_0.3,3,150.03705764995618,2.0192089860402733,0.31459999084472656,desi,2,150.03702412295863,2.019172466879864,0.1784203429394794,0.3142588812772832,1.787820809567007e-05,-0.00034110956744337617,True,GALAXY,,DESI-EDR,39627835563836176,,,,,acb3e810-9b38-11ee-bf60-525400ad1336
485172,030210.95-075209.4_485172_0.1,5,150.22755989588444,2.0367833529478436,0.7430999875068665,desi,1,150.22756285627256,2.03677490792346,0.0322137173657996,0.7429261297799689,6.1818236963275996e-06,-0.00017385772689759715,True,GALAXY,,DESI-DR1,39089837395006700,,,,,554236ee-8784-11ef-a9c5-525400f334e1
483080,031542.46-010051.9_483080_0.01,21,150.41082491214797,2.034010312111269,1.2239999771118164,desi,1,150.41080188444147,2.034004589498286,0.08537053410050909,1.5337609396932759,0.0002047989954241056,0.30976096258145946,False,GALAXY,,DESI-DR1,39627835568033448,,,,,6a5cff44-89a3-11ef-846d-525400f334e1
483080,031542.46-010051.9_483080_0.01,21,150.41082491214797,2.034010312111269,1.2239999771118164,desi,2,150.41080188444147,2.034004589498286,0.08537053410050909,1.0734016441754242,6.0027333804283104e-05,-0.15059833293639224,False,GALAXY,,DESI-EDR,39627835568033448,,,,,ab289dbe-9b8d-11ee-95d2-525400ad1336
482454,152139.66+033729.2_482454_0.3,4,150.38625157500982,2.0330754971534373,0.12240000069141388,desi,1,150.38620601442182,2.0330651213296353,0.16811700902465848,0.1225438862802168,8.60648424983491e-06,0.00014388558880291946,True,GALAXY,,DESI-DR1,39627835568032861,,,,,60d25e66-89a3-11ef-8a9b-525400f334e1
482454,152139.66+033729.2_482454_0.3,4,150.38625157500982,2.0330754971534373,0.12240000069141388,desi,2,150.38620601442182,2.0330651213296353,0.16811700902465848,0.1225215689603639,1.1342863725246054e-05,0.00012156826895001749,True,GALAXY,,DESI-DR1,39627835568032861,,,,,698e95b7-8811-11ef-95e5-525400f334e1
482454,152139.66+033729.2_482454_0.3,4,150.38625157500982,2.0330754971534373,0.12240000069141388,desi,3,150.38620601442182,2.0330651213296353,0.16811700902465848,0.12254442814268683,9.502582126683744e-06,0.0001444274512729521,True,GALAXY,,DESI-EDR,39627835568032861,,,,,9634763a-9b8d-11ee-a106-525400ad1336
489714,080002.81+440011.4_489714_1,6,150.1622344099067,2.0440263429000156,0.8299999833106995,desi,1,150.1622260759804,2.0440156457628,0.04880552739702661,0.8297698762848824,3.6772685166441554e-05,-0.00023010702581705011,True,GALAXY,,DESI-EDR,39627835563838891,,,,,18cd25e5-9b8d-11ee-bab9-525400ad1336
489714,080002.81+440011.4_489714_1,6,150.1622344099067,2.0440263429000156,0.8299999833106995,desi,2,150.1622260759804,2.0440156457628,0.04880552739702661,0.8297727622437573,3.627434139489633e-05,-0.0002272210669421737,True,GALAXY,,DESI-DR1,39627835563838891,,,,,28bac1fa-89a3-11ef-a581-525400f334e1
488457,091154.86+283150.3_488457_0.01,5,149.7679935456013,2.0384402113744717,0.3718999922275543,desi,1,149.767965850523,2.0384293672716476,0.10701398805571324,0.3720835157524283,2.3808639774631967e-05,0.00018352352487399637,True,GALAXY,,DESI-DR1,39627835559641497,,,,,0b2e2156-8b71-11ef-a664-525400f334e1
488457,091154.86+283150.3_488457_0.01,5,149.7679935456013,2.0384402113744717,0.3718999922275543,desi,2,149.767965850523,2.0384293672716476,0.10701398805571324,0.37205350135699167,4.9344928983575145e-05,0.00015350912943734585,True,GALAXY,,DESI-EDR,39627835559641497,,,,,1620ad28-9d14-11ee-8d16-525400ad1336
488457,091154.86+283150.3_488457_0.01,5,149.7679935456013,2.0384402113744717,0.3718999922275543,desi,3,149.767965850523,2.0384293672716476,0.10701398805571324,0.3720588988442529,4.903043122671029e-05,0.0001589066166985953,True,GALAXY,,DESI-DR1,39627835559641497,,,,,66f9b47e-88f4-11ef-b719-525400f334e1
488457,091154.86+283150.3_488457_0.01,5,149.7679935456013,2.0384402113744717,0.3718999922275543,desi,4,149.767965850523,2.0384293672716476,0.10701398805571324,0.3720343208250306,2.2207744656724757e-05,0.00013432859747625203,True,GALAXY,,DESI-DR1,39089837394906438,,,,,fc9b2b8a-8786-11ef-a95c-525400f334e1
482215,141807.99+190343.0_482215_0.001,5,149.5763207601634,2.03130760975576,0.31380000710487366,desi,1,149.57631094389959,2.0312828642373653,0.095828906625116,0.3127349490541085,0.00016591775334103828,-0.0010650580507651775,True,GALAXY,,DESI-DR1,39089837394921229,,,,,fb38d9a9-8786-11ef-97e3-525400f334e1
481746,022616.09+000332.8_481746_1,4,149.53001728621794,2.031157715181013,0.8790000081062317,desi,1,149.5300125468252,2.0311447999684584,0.04952275233425398,0.8792712860513342,2.0537105917163485e-05,0.00027127794510251046,True,GALAXY,,DESI-DR1,39627835555447465,,,,,44c91d44-87f0-11ef-b999-525400f334e1
481746,022616.09+000332.8_481746_1,4,149.53001728621794,2.031157715181013,0.8790000081062317,desi,2,149.5300125468252,2.0311447999684584,0.04952275233425398,0.8792718011990059,2.0473916386501e-05,0.0002717930927742529,True,GALAXY,,DESI-EDR,39627835555447465,,,,,a2d40281-9b0a-11ee-b466-525400ad1336
489082,091043.31+325351.5_489082_0.03,14,149.4628683588053,2.0404585176428562,0.3230000138282776,desi,1,149.4628451168183,2.040429046900968,0.13508540255114374,0.32296238705414726,3.992358998542874e-06,-3.762677413032822e-05,True,GALAXY,,DESI-EDR,39627835551257098,,,,,956d974b-9c81-11ee-bde3-525400ad1336
489082,091043.31+325351.5_489082_0.03,14,149.4628683588053,2.0404585176428562,0.3230000138282776,desi,2,149.4628451168183,2.040429046900968,0.13508540255114374,0.3229617241453893,3.993816384631242e-06,-3.8289682888270615e-05,True,GALAXY,,DESI-DR1,39627835551257098,,,,,c2ba8c61-89a1-11ef-8d55-525400f334e1
480994,150414.91+031217.5_480994_1,11,149.69007592206378,2.0302047173986177,1.1507999897003174,desi,1,149.6900774904003,2.030187148353308,0.06349974941212244,1.1503092401249237,3.706986423384238e-05,-0.0004907495753936342,True,GALAXY,,DESI-DR1,39627835555451007,,,,,beabb732-8812-11ef-b499-525400f334e1
480994,150414.91+031217.5_480994_1,11,149.69007592206378,2.0302047173986177,1.1507999897003174,desi,2,149.6900774904003,2.030187148353308,0.06349974941212244,1.1502822292617476,3.5889737561531254e-05,-0.0005177604385697698,True,GALAXY,,DESI-EDR,39627835555451007,,,,,cb76a3c3-9d37-11ee-bb85-525400ad1336
480994,150414.91+031217.5_480994_1,11,149.69007592206378,2.0302047173986177,1.1507999897003174,desi,3,149.6900774904003,2.030187148353308,0.06349974941212244,1.150280079153034,3.6262653074739964e-05,-0.0005199105472832866,True,GALAXY,,DESI-DR1,39627835555451007,,,,,fa11ea4b-89a4-11ef-afc4-525400f334e1
485715,164805.75+245455.6_485715_0.1,4,150.03086186025206,2.03685403724477,0.24899999797344208,desi,1,150.0308362954706,2.036837709263925,0.10915395933736796,0.24884536202592408,7.705536900001712e-06,-0.0001546359475179948,True,GALAXY,,DESI-DR1,39089837395005966,,,,,e7dbbeeb-8786-11ef-95dc-525400f334e1
488568,100215.99+524021.7_488568_0.03,3,150.29593052617975,2.040620396418066,0.7152000069618225,desi,1,150.29589522252863,2.0406176133756664,0.1274070886304193,0.7142071399274439,8.764063781481855e-05,-0.0009928670343786195,True,GALAXY,,DESI-DR1,39089837395056199,,,,,862d2ff2-8784-11ef-8267-525400f334e1
486855,161436.81+283905.9_486855_1,2,150.57065648709602,2.038602347572005,0.32120001316070557,desi,1,150.5706069325566,2.038590775940823,0.18308566543716337,0.3205457126700236,1.6758747150636873e-05,-0.0006543004906819916,True,GALAXY,,DESI-DR1,39089837395029901,,,,,8518327d-8784-11ef-b276-525400f334e1
481511,080202.78+101943.1_481511_1,2,150.4065987113011,2.028898310461424,0.2078000009059906,desi,1,150.40657901435065,2.028870259068093,0.12336839389972476,0.20791083569178193,1.1762865510669745e-05,0.000110834785791325,True,GALAXY,,DESI-DR1,39089837395056598,,,,,9bad6bd0-8784-11ef-9339-525400f334e1
460318,160808.47+093715.5_460318_0.01,9,150.72936733934665,1.995217548536535,0.5659000277519226,desi,1,150.7293477857521,1.9951712148688823,0.18102983523535288,0.5665558991731532,8.930853641322545e-05,0.0006558714212305805,True,GALAXY,,DESI-DR1,39089837395030473,,,,,96113882-8784-11ef-9fc9-525400f334e1
451003,154603.66+290805.7_451003_0.1,20,150.0513548871771,1.979889184486269,0.5705000162124634,desi,1,150.05132131046454,1.9798602867506405,0.15942469406972923,0.570489362293533,0.00011053649272852293,-1.065391893040335e-05,True,GALAXY,,DESI-DR1,39089837395006021,,,,,4c5abe94-8784-11ef-89be-525400f334e1
455957,164730.88+360101.6_455957_0.003,13,149.7663561534683,1.987611502639437,0.8389999866485596,desi,1,149.76631920460804,1.9875719136025567,0.19489496571475257,0.838513501656929,0.00012864279187882672,-0.0004864849916306202,True,GALAXY,,DESI-DR1,39627835559641453,,,,,a1396287-8812-11ef-9669-525400f334e1
455957,164730.88+360101.6_455957_0.003,13,149.7663561534683,1.987611502639437,0.8389999866485596,desi,2,149.76631920460804,1.9875719136025567,0.19489496571475257,0.8387321927077268,6.906694800521272e-05,-0.0002677939408327612,True,GALAXY,,DESI-EDR,39627835559641453,,,,,cd3be3fc-9d37-11ee-a797-525400ad1336
455957,164730.88+360101.6_455957_0.003,13,149.7663561534683,1.987611502639437,0.8389999866485596,desi,3,149.76631920460804,1.9875719136025567,0.19489496571475257,0.8387322066957295,6.833152411261139e-05,-0.00026777995283011613,True,GALAXY,,DESI-DR1,39627835559641453,,,,,fadb6650-89a4-11ef-a93c-525400f334e1
482853,022014.57-072859.2_482853_1,2,149.89801312019605,2.031540749089484,0.2206999957561493,desi,1,149.8980211224257,2.031535770775079,0.033912462691912074,0.22031230509747327,7.865475123657345e-06,-0.0003876906586760265,True,GALAXY,,DESI-DR1,39089837394906823,,,,,0e046320-8787-11ef-a194-525400f334e1
459078,085653.91+391824.6_459078_0.03,7,150.29362971799543,1.995619667525847,1.2161999940872192,desi,1,150.29363273027874,1.9956182206204784,0.012024421720321504,1.2156269296045639,4.2546094137691866e-05,-0.0005730644826553721,True,GALAXY,,DESI-EDR,39627835568030698,,,,,0f40eeb1-9b8e-11ee-bee7-525400ad1336
459078,085653.91+391824.6_459078_0.03,7,150.29362971799543,1.995619667525847,1.2161999940872192,desi,2,150.29363273027874,1.9956182206204784,0.012024421720321504,1.2156301146290442,4.193923563465148e-05,-0.0005698794581749933,True,GALAXY,,DESI-DR1,39627835568030698,,,,,97788540-89a3-11ef-a16c-525400f334e1
459078,085653.91+391824.6_459078_0.03,7,150.29362971799543,1.995619667525847,1.2161999940872192,desi,3,150.29363273027874,1.9956182206204784,0.012024421720321504,1.2156589389281303,1.6298748678110954e-05,-0.0005410551590889767,True,GALAXY,,DESI-EDR,39627835568030698,,,,,a164463c-9afb-11ee-85ff-525400ad1336
459078,085653.91+391824.6_459078_0.03,7,150.29362971799543,1.995619667525847,1.2161999940872192,desi,4,150.29363273027874,1.9956182206204784,0.012024421720321504,1.2156585517822789,1.624533549387611e-05,-0.0005414423049403538,True,GALAXY,,DESI-DR1,39627835568030698,,,,,e0622190-87ef-11ef-bcbf-525400f334e1
461197,094549.67+575709.7_461197_0.03,2,150.07217720951152,1.9965724750857041,0.3605000078678131,desi,1,150.07214449700766,1.9965394712267726,0.16723787241231922,0.3605150198640145,5.067906458869705e-05,1.5011996201408362e-05,True,GALAXY,,DESI-DR1,39089837395006089,,,,,5ef1726c-8784-11ef-84f3-525400f334e1
402870,094225.42+565613.0_402870_0.01,3,149.91984796793207,1.9043593872899658,0.83160001039505,desi,1,149.91982899148624,1.904350276264993,0.07574716573487504,0.8306398519026764,2.4118540738752662e-05,-0.0009601584923736306,True,GALAXY,,DESI-EDR,39627835559644476,,,,,79f5b093-9afb-11ee-9bc0-525400ad1336
402870,094225.42+565613.0_402870_0.01,3,149.91984796793207,1.9043593872899658,0.83160001039505,desi,2,149.91982899148624,1.904350276264993,0.07574716573487504,0.830634065890282,2.414547302025159e-05,-0.000965944504768057,True,GALAXY,,DESI-DR1,39627835559644476,,,,,cde6443b-87ef-11ef-80ed-525400f334e1
418989,152339.56+123813.9_418989_0.0001,8,150.06363125106566,1.9307237181352483,2.788800001144409,desi,1,150.0636037192748,1.9307092800765235,0.11186658420669902,0.44841464673218,4.829399603709118e-05,-2.3403853544122293,False,GALAXY,,DESI-DR1,234532963876879,,,,,b0bdf126-883f-11ef-bbcc-525400f334e1
418989,152339.56+123813.9_418989_0.0001,8,150.06363125106566,1.9307237181352483,2.788800001144409,desi,2,150.0636037192748,1.9307092800765235,0.11186658420669902,1.6281528808140482,8.303985772409012e-05,-1.160647120330361,False,GALAXY,,DESI-EDR,234532963876879,,,,,d47847ca-9d01-11ee-bf04-525400ad1336
463953,145655.80+045331.4_463953_1,1,150.31912614077316,2.002604611219548,0.37209999561309814,desi,1,150.3190965835992,2.0025844204433842,0.1288089437079528,0.3721490717018345,7.66736128867325e-06,4.9076088736332846e-05,True,GALAXY,,DESI-DR1,39089837395056291,,,,,af8a7540-8784-11ef-b272-525400f334e1
468244,161507.32+185412.0_468244_0.03,4,150.54910013499568,2.0080717636493026,0.6395999789237976,desi,1,150.54905366121395,2.0080574683956196,0.17494351110250325,0.63862529657369,0.00012680834516478294,-0.0009746823501075585,True,GALAXY,,DESI-DR1,39089837395029834,,,,,ae8f9397-8784-11ef-83c8-525400f334e1
465395,074408.40+375841.1_465395_0.0003,18,149.55517414798715,2.002056837699967,0.8876000046730042,desi,1,149.55512780507536,2.002009440999567,0.23856598798234316,0.887921845755233,9.49857334488845e-05,0.00032184108222887975,True,GALAXY,,DESI-EDR,39627835555448059,,,,,d54dfd47-9d37-11ee-a163-525400ad1336
465395,074408.40+375841.1_465395_0.0003,18,149.55517414798715,2.002056837699967,0.8876000046730042,desi,2,149.55512780507536,2.002009440999567,0.23856598798234316,0.8879226456410197,9.860349126565303e-05,0.0003226409680155973,True,GALAXY,,DESI-DR1,39627835555448059,,,,,fe479bfc-89a4-11ef-93e4-525400f334e1
472402,041920.33+075840.6_472402_1,2,150.45073805588473,2.0138817942408536,0.729200005531311,desi,1,150.45068821401398,2.0138607395320056,0.19468129774223003,0.7285296390203131,2.94392861682613e-05,-0.000670366510997944,True,GALAXY,,DESI-DR1,39089837395056826,,,,,83acbef1-8784-11ef-9df2-525400f334e1
448794,025334.57+000108.3_448794_0.0001,4,150.21003913511257,1.9755818202799718,0.16779999434947968,desi,1,150.21001292443262,1.9755768741043005,0.09596873152173382,0.16774654575813638,7.798140932315679e-06,-5.3448591343291385e-05,True,GALAXY,,DESI-DR1,39089837395006645,,,,,eb63f6d3-8784-11ef-8dd4-525400f334e1
444741,153132.19+251636.1_444741_0.0001,16,150.69317744276313,1.9695966959173383,0.44200000166893005,sdss,1,150.693116926723,1.96955054104241,0.27388732251798303,0.4428965,,0.0008964983310699726,True,,,v5_13_2,4737-55630-27,4737,55630,27,,
444741,153132.19+251636.1_444741_0.0001,16,150.69317744276313,1.9695966959173383,0.44200000166893005,desi,1,150.69313407977694,1.9695575250815263,0.21029922676415913,0.44314210742360655,3.365548723801914e-05,0.0011421057546764923,True,GALAXY,,DESI-EDR,39627835572228531,,,,,82f40dff-9afb-11ee-9c2b-525400ad1336
444741,153132.19+251636.1_444741_0.0001,16,150.69317744276313,1.9695966959173383,0.44200000166893005,desi,2,150.69313407977694,1.9695575250815263,0.21029922676415913,0.4426335358130225,3.9311078358709275e-05,0.0006335341440924513,True,GALAXY,,DESI-DR1,39089837395030366,,,,,bd3c1ee9-8784-11ef-a868-525400f334e1
444741,153132.19+251636.1_444741_0.0001,16,150.69317744276313,1.9695966959173383,0.44200000166893005,desi,3,150.69313407977694,1.9695575250815263,0.21029922676415913,0.4431402859025702,3.3730903276492554e-05,0.0011402842336401542,True,GALAXY,,DESI-DR1,39627835572228531,,,,,d21c8e57-87ef-11ef-9dcb-525400f334e1
444741,153132.19+251636.1_444741_0.0001,16,150.69317744276313,1.9695966959173383,0.44200000166893005,desi,4,150.69311,1.9695506,0.2939678775829882,0.4428965151309967,0.00011000305676134303,0.0008965134620666504,True,GALAXY,,BOSS-DR17,5333395374874056704,,,,,03b40e60-251b-11f0-8b03-525400f334e1
453898,150209.87+141556.7_453898_1,7,150.3273209931598,1.9871137357387667,1.1742000579833984,desi,1,150.3273066945886,1.9870916492931616,0.09470219992119042,1.1738212595080733,4.4000486982888665e-05,-0.00037879847532518163,True,GALAXY,,DESI-EDR,39627835568031429,,,,,2677f3ae-9b8e-11ee-8139-525400ad1336
453898,150209.87+141556.7_453898_1,7,150.3273209931598,1.9871137357387667,1.1742000579833984,desi,2,150.3273066945886,1.9870916492931616,0.09470219992119042,1.1738100663502442,4.229515940396335e-05,-0.0003899916331542297,True,GALAXY,,DESI-DR1,39627835568031429,,,,,a22b5276-89a3-11ef-8512-525400f334e1
453898,150209.87+141556.7_453898_1,7,150.3273209931598,1.9871137357387667,1.1742000579833984,desi,3,150.3273066945886,1.9870916492931616,0.09470219992119042,1.1738309354249905,1.9186759313190502e-05,-0.0003691225584079305,True,GALAXY,,DESI-EDR,39627835568031429,,,,,a410180b-9afb-11ee-a563-525400ad1336
453898,150209.87+141556.7_453898_1,7,150.3273209931598,1.9871137357387667,1.1742000579833984,desi,4,150.3273066945886,1.9870916492931616,0.09470219992119042,1.1738375921920297,1.938729784018301e-05,-0.0003624657913687823,True,GALAXY,,DESI-DR1,39627835568031429,,,,,e22d45c3-87ef-11ef-acfc-525400f334e1
455224,142548.75+122210.2_455224_0.3,3,150.3787959913701,1.989407583805948,0.9574000239372253,desi,1,150.37877653619915,1.9893882603453537,0.09868490247746725,0.932752477574551,2.232146096148817e-46,-0.0246475463626743,False,GALAXY,,DESI-DR1,39627835568032698,,,,,6c9eca17-89a3-11ef-8e92-525400f334e1
455224,142548.75+122210.2_455224_0.3,3,150.3787959913701,1.989407583805948,0.9574000239372253,desi,2,150.37877653619915,1.9893882603453537,0.09868490247746725,0.9560465950203527,1.0458116045237024e-05,-0.0013534289168726232,True,GALAXY,,DESI-EDR,39627835568032698,,,,,a26682c4-9afb-11ee-a44f-525400ad1336
455224,142548.75+122210.2_455224_0.3,3,150.3787959913701,1.989407583805948,0.9574000239372253,desi,3,150.37877653619915,1.9893882603453537,0.09868490247746725,-0.0019956912923479522,4.1311493573349107e-48,-0.9593957152295733,False,STAR,,DESI-EDR,39627835568032698,,,,,b094e20b-9b8d-11ee-9ddc-525400ad1336
455224,142548.75+122210.2_455224_0.3,3,150.3787959913701,1.989407583805948,0.9574000239372253,desi,4,150.37877653619915,1.9893882603453537,0.09868490247746725,0.9560489992797663,1.0461044000522042e-05,-0.0013510246574590656,True,GALAXY,,DESI-DR1,39627835568032698,,,,,e0f42f63-87ef-11ef-8108-525400f334e1
447283,160724.72+444809.9_447283_1,1,150.3530621008813,1.9749869511774207,0.531000018119812,desi,1,150.35303728957857,1.9749931292973615,0.09199664233352975,0.5307790583746695,0.00010757684188297805,-0.0002209597451424683,True,GALAXY,,DESI-DR1,39089837395056414,,,,,f4906cc6-8784-11ef-927c-525400f334e1
450783,032838.28-000341.6_450783_0.3,1,149.63599078253813,1.9804010978990954,0.30889999866485596,desi,1,149.6359907757461,1.9803769062568448,0.08708991553150185,0.30840868550446154,8.386054116945057e-06,-0.0004913131603944132,True,GALAXY,,DESI-DR1,39089837394921450,,,,,0ee62177-8787-11ef-97fc-525400f334e1
420862,154458.49+230810.1_420862_0.03,2,150.75081160174142,1.931667440657432,0.3763999938964844,desi,1,150.7507830457518,1.931653781641141,0.11390383883939102,0.37596635971384185,1.1686629675970466e-05,-0.0004336341826425283,True,GALAXY,,DESI-DR1,39089837395041536,,,,,95df42ff-8784-11ef-be4e-525400f334e1
396747,021447.00-003250.6_396747_0.001,4,150.22693019360014,1.893353932822636,0.34529998898506165,desi,1,150.22690197809925,1.893338697369409,0.11538909795193625,0.3454123668650191,1.0242345062167287e-05,0.00011237787995743709,True,GALAXY,,DESI-DR1,39089837395006697,,,,,515db91f-8784-11ef-a6fa-525400f334e1
378299,080002.76+405927.2_378299_0.0003,10,150.1354344269091,1.8662069543810396,1.6241999864578247,desi,1,150.13539855300138,1.8661920637916678,0.13976635883691355,1.6257028199663135,0.0001291994773989509,0.0015028335084887878,True,GALAXY,,DESI-EDR,39627829524040318,,,,,18b19404-9b8d-11ee-8e81-525400ad1336
378299,080002.76+405927.2_378299_0.0003,10,150.1354344269091,1.8662069543810396,1.6241999864578247,desi,2,150.13539855300138,1.8661920637916678,0.13976635883691355,1.6256548053791129,0.0001176817262077011,0.0014548189212881812,True,GALAXY,,DESI-DR1,39627829524040318,,,,,28addf9e-89a3-11ef-976a-525400f334e1
380778,093509.48+481910.2_380778_0.03,7,150.06632759287754,1.8672456772998163,0.21960000693798065,desi,1,150.06629908950407,1.8672375401647299,0.10665923937408461,0.2188691636709537,2.869169619904467e-06,-0.0007308432670269649,True,GALAXY,,DESI-DR1,39627829524039059,,,,,2cc1c6b1-88f3-11ef-a2b1-525400f334e1
380778,093509.48+481910.2_380778_0.03,7,150.06632759287754,1.8672456772998163,0.21960000693798065,desi,2,150.06629908950407,1.8672375401647299,0.10665923937408461,0.2188684170691212,2.851325730259468e-06,-0.0007315898688594613,True,GALAXY,,DESI-EDR,39627829524039059,,,,,953a7ffa-9b38-11ee-91ea-525400ad1336
361911,135126.32+021942.2_361911_0.0001,2,149.9328481125997,1.8395400522715588,0.8855999708175659,desi,1,149.93279161383987,1.8395166426220246,0.22006668692544523,0.9278908074655172,3.5035254874495904e-05,0.0422908366479513,False,GALAXY,,DESI-EDR,39627829519846863,,,,,7a4f80cd-9afb-11ee-a390-525400ad1336
361911,135126.32+021942.2_361911_0.0001,2,149.9328481125997,1.8395400522715588,0.8855999708175659,desi,2,149.93279161383987,1.8395166426220246,0.22006668692544523,0.9278947472792473,3.530869454250783e-05,0.04229477646168134,False,GALAXY,,DESI-DR1,39627829519846863,,,,,ce0ccc5a-87ef-11ef-ba42-525400f334e1
358874,152304.08+151155.8_358874_0.001,11,149.686636874348,1.8320765466430213,0.9192000031471252,desi,1,149.6865974867536,1.8320786957019612,0.14193386930950927,0.9191969521281341,0.00012842844484973264,-3.0510189911181484e-06,True,GALAXY,,DESI-DR1,39627829515652564,,,,,411b4cbc-89a1-11ef-a84c-525400f334e1
358874,152304.08+151155.8_358874_0.001,11,149.686636874348,1.8320765466430213,0.9192000031471252,desi,2,149.6865974867536,1.8320786957019612,0.14193386930950927,0.9184572422049095,0.00012452571368303252,-0.0007427609422157033,True,GALAXY,,DESI-DR1,39627829515652564,,,,,59342b4b-880b-11ef-ad95-525400f334e1
358874,152304.08+151155.8_358874_0.001,11,149.686636874348,1.8320765466430213,0.9192000031471252,desi,3,149.6865974867536,1.8320786957019612,0.14193386930950927,0.9191678355603848,0.00012350617301381015,-3.2167586740405874e-05,True,GALAXY,,DESI-EDR,39627829515652564,,,,,7d5cc6b9-9c80-11ee-a860-525400ad1336
368004,082054.81+100609.4_368004_1,3,150.4236963032811,1.8487957528999335,0.9627000093460083,desi,1,150.42366752290081,1.8487663762632578,0.14801363778599272,0.9623422873993173,3.0407150349361523e-05,-0.0003577219466910364,True,GALAXY,,DESI-DR1,39627829528235738,,,,,6c790cfa-89a3-11ef-844f-525400f334e1
368004,082054.81+100609.4_368004_1,3,150.4236963032811,1.8487957528999335,0.9627000093460083,desi,2,150.42366752290081,1.8487663762632578,0.14801363778599272,0.9622573917178339,2.9293939185259425e-05,-0.0004426176281744354,True,GALAXY,,DESI-DR1,39627829528235738,,,,,8973c75c-8811-11ef-a7b2-525400f334e1
368004,082054.81+100609.4_368004_1,3,150.4236963032811,1.8487957528999335,0.9627000093460083,desi,3,150.42366752290081,1.8487663762632578,0.14801363778599272,0.96234070308759,3.058584819803092e-05,-0.00035930625841829045,True,GALAXY,,DESI-EDR,39627829528235738,,,,,b0416db1-9b8d-11ee-8185-525400ad1336
400046,080611.98+225545.2_400046_0.0001,14,150.2537945627543,1.8970328188725645,0.3619999885559082,desi,1,150.253764920422,1.8970336908969168,0.1067001020719784,0.3617751219525017,0.00010376971084563802,-0.00022486660340648168,True,GALAXY,,DESI-DR1,39627835568029811,,,,,03962b2b-87b8-11ef-a784-525400f334e1
400046,080611.98+225545.2_400046_0.0001,14,150.2537945627543,1.8970328188725645,0.3619999885559082,desi,2,150.253764920422,1.8970336908969168,0.1067001020719784,0.36184492204970997,7.501025472645529e-05,-0.00015506650619823148,True,GALAXY,,DESI-DR1,39089837395056012,,,,,13252a8f-8785-11ef-8348-525400f334e1
400046,080611.98+225545.2_400046_0.0001,14,150.2537945627543,1.8970328188725645,0.3619999885559082,desi,3,150.253764920422,1.8970336908969168,0.1067001020719784,0.361785246986618,0.00010242687813984624,-0.00021474156929018884,True,GALAXY,,DESI-EDR,39627835568029811,,,,,9ffb5325-9be8-11ee-9494-525400ad1336
371390,084403.74+161814.8_371390_0.01,1,150.38792906477155,1.8544452291765625,0.6963000297546387,desi,1,150.38787284139912,1.8544563470003148,0.20621946690163553,0.6956728226227066,0.00010763404180908619,-0.0006272071319320949,True,GALAXY,,DESI-DR1,39089837395048595,,,,,fd4ea6ae-8784-11ef-9f38-525400f334e1
395058,133553.88-022636.1_395058_1,11,150.25901701266943,1.8913566372223212,0.445499986410141,desi,1,150.25899121607475,1.8913558486418964,0.09286055186334172,0.444558164525111,2.810059317678794e-05,-0.0009418218850300031,True,GALAXY,,DESI-DR1,39089837395056035,,,,,50c41e2e-8784-11ef-9912-525400f334e1
394723,133712.88-024752.7_394723_0.003,9,150.74526180537205,1.8908038563926746,0.7200000286102295,desi,1,150.7451945209191,1.8907677142137842,0.27484122708759434,0.7195802192265024,7.725486750239695e-06,-0.00041980938372709886,True,GALAXY,,DESI-EDR,39627835572229498,,,,,83120191-9afb-11ee-a72f-525400ad1336
394723,133712.88-024752.7_394723_0.003,9,150.74526180537205,1.8908038563926746,0.7200000286102295,desi,2,150.7451945209191,1.8907677142137842,0.27484122708759434,0.7195813757550331,7.758726173203586e-06,-0.0004186528551963775,True,GALAXY,,DESI-DR1,39627835572229498,,,,,d228e242-87ef-11ef-a8c4-525400f334e1
397548,092135.57+551018.8_397548_1,9,149.583787552125,1.895913267623217,0.8367000222206116,desi,1,149.5837584659887,1.895903928939602,0.10992023041834285,0.835910898115735,7.516462623159519e-06,-0.0007891241048765263,True,GALAXY,,DESI-EDR,39627835555448739,,,,,2b8d5e92-9c81-11ee-8756-525400ad1336
397548,092135.57+551018.8_397548_1,9,149.583787552125,1.895913267623217,0.8367000222206116,desi,2,149.5837584659887,1.895903928939602,0.10992023041834285,0.835897844959932,9.078354612587047e-06,-0.0008021772606795485,True,GALAXY,,DESI-DR1,39627835555448739,,,,,58440b19-880b-11ef-bac8-525400f334e1
397548,092135.57+551018.8_397548_1,9,149.583787552125,1.895913267623217,0.8367000222206116,desi,3,149.5837584659887,1.895903928939602,0.10992023041834285,0.8359087258749951,7.509623681682471e-06,-0.0007912963456164768,True,GALAXY,,DESI-DR1,39627835555448739,,,,,91ced8e8-89a1-11ef-915c-525400f334e1
399716,093509.35+514116.4_399716_1,20,150.2823108016831,1.9001226679907757,2.7170000076293945,desi,1,150.28232614113446,1.9001618624937677,0.15151035881473773,0.048780049951035784,7.335460911829792e-05,-2.668219957678359,False,GALAXY,,DESI-DR1,39627835568030443,,,,,1205514a-89a3-11ef-b9e9-525400f334e1
399716,093509.35+514116.4_399716_1,20,150.2823108016831,1.9001226679907757,2.7170000076293945,desi,2,150.28232614113446,1.9001618624937677,0.15151035881473773,0.22318402701405815,7.211760059448079e-05,-2.493815980615336,False,GALAXY,,DESI-EDR,39627835568030443,,,,,e6e92d07-9b8c-11ee-8d9b-525400ad1336
393599,091854.48+583339.6_393599_0.3,18,150.51384288285843,1.890626417319771,1.3102999925613403,desi,1,150.51379264418767,1.8905896386970376,0.2240647639871292,1.3127617552257198,7.851963077194767e-05,0.0024617626643794743,True,GALAXY,,DESI-DR1,39627835572224391,,,,,502c306d-89a3-11ef-bb5e-525400f334e1
393599,091854.48+583339.6_393599_0.3,18,150.51384288285843,1.890626417319771,1.3102999925613403,desi,2,150.51379264418767,1.8905896386970376,0.2240647639871292,1.312338023594937,8.649732378999813e-05,0.0020380310335965657,True,GALAXY,,DESI-DR1,39627835572224391,,,,,6dc4ebd7-8811-11ef-9cc8-525400f334e1
393599,091854.48+583339.6_393599_0.3,18,150.51384288285843,1.890626417319771,1.3102999925613403,desi,3,150.51379264418767,1.8905896386970376,0.2240647639871292,1.3127701858666996,7.790713410563939e-05,0.0024701933053592473,True,GALAXY,,DESI-EDR,39627835572224391,,,,,7200d176-9b8d-11ee-8329-525400ad1336
391243,164311.83+405043.2_391243_0.1,11,150.05483011079954,1.884770141883549,0.8276000022888184,desi,1,150.05481821582927,1.8847403761915635,0.11538736750141146,0.8271624346591148,4.789809318087223e-05,-0.00043756762970359464,True,GALAXY,,DESI-EDR,39627835563836501,,,,,21512553-9b8d-11ee-bf47-525400ad1336
391243,164311.83+405043.2_391243_0.1,11,150.05483011079954,1.884770141883549,0.8276000022888184,desi,2,150.05481821582927,1.8847403761915635,0.11538736750141146,0.8271753685077602,4.5348931403473845e-05,-0.0004246337810581702,True,GALAXY,,DESI-DR1,39627835563836501,,,,,2c57d06c-89a3-11ef-9b14-525400f334e1
391243,164311.83+405043.2_391243_0.1,11,150.05483011079954,1.884770141883549,0.8276000022888184,desi,3,150.05481821582927,1.8847403761915635,0.11538736750141146,0.8272902613927823,3.7091789895429326e-05,-0.00030974089603608146,True,GALAXY,,DESI-DR1,39627835563836501,,,,,42c29a19-8811-11ef-9d90-525400f334e1
391243,164311.83+405043.2_391243_0.1,11,150.05483011079954,1.884770141883549,0.8276000022888184,desi,4,150.05481821582927,1.8847403761915635,0.11538736750141146,-0.0019956912923479522,4.1311493573349107e-48,-0.8295956935811664,False,STAR,,DESI-EDR,39627835563836501,,,,,6838fd0b-9afb-11ee-b12f-525400ad1336
391243,164311.83+405043.2_391243_0.1,11,150.05483011079954,1.884770141883549,0.8276000022888184,desi,5,150.05481821582927,1.8847403761915635,0.11538736750141146,0.932752477574551,2.232146096148817e-46,0.10515247528573268,False,GALAXY,,DESI-DR1,39627835563836501,,,,,c5bf9542-87ef-11ef-80ae-525400f334e1
390676,163428.68+334505.1_390676_0.01,26,149.74113728640202,1.8863911866187049,3.007499933242798,desi,1,149.74109822743986,1.8863646062713424,0.17002004979850927,3.0038919569382903,0.0005656894004957954,-0.0036079763045075985,True,QSO,,DESI-DR1,243329048510509,,,,,24a4a124-8840-11ef-bc12-525400f334e1
390676,163428.68+334505.1_390676_0.01,26,149.74113728640202,1.8863911866187049,3.007499933242798,desi,2,149.74109822743986,1.8863646062713424,0.17002004979850927,0.0017718506929852648,9.025384739285455e-05,-3.0057280825498127,False,STAR,,DESI-EDR,243329048510509,,,,,f2f6d977-9d28-11ee-8d66-525400ad1336
383996,142715.08+232911.0_383996_0.3,11,149.93019166064343,1.871306684448627,0.2298000007867813,desi,1,149.93013808405388,1.8713006907906682,0.19397667425554316,0.22966224732433738,8.356730949716728e-06,-0.00013775346244393472,True,GALAXY,,DESI-DR1,39627829519846818,,,,,2d5aa3a9-88f3-11ef-9231-525400f334e1
383996,142715.08+232911.0_383996_0.3,11,149.93019166064343,1.871306684448627,0.2298000007867813,desi,2,149.93013808405388,1.8713006907906682,0.19397667425554316,0.22970192414267185,6.234033377337331e-06,-9.807664410946271e-05,True,GALAXY,,DESI-DR1,39089837394919812,,,,,66bc2804-8784-11ef-83af-525400f334e1
383996,142715.08+232911.0_383996_0.3,11,149.93019166064343,1.871306684448627,0.2298000007867813,desi,3,149.93013808405388,1.8713006907906682,0.19397667425554316,0.22966222114763227,8.319729695713358e-06,-0.0001377796391490438,True,GALAXY,,DESI-EDR,39627829519846818,,,,,9692dd00-9b38-11ee-8ecb-525400ad1336
383996,142715.08+232911.0_383996_0.3,11,149.93019166064343,1.871306684448627,0.2298000007867813,desi,4,149.93013808405388,1.8713006907906682,0.19397667425554316,0.2296282038744326,1.88266539476388e-06,-0.00017179691234869843,True,GALAXY,,DESI-DR1,39627829519846818,,,,,b2f8494d-883f-11ef-9c96-525400f334e1
383996,142715.08+232911.0_383996_0.3,11,149.93019166064343,1.871306684448627,0.2298000007867813,desi,5,149.93013808405388,1.8713006907906682,0.19397667425554316,0.22962702568027596,1.8905068017712243e-06,-0.00017297510650535197,True,GALAXY,,DESI-EDR,39627829519846818,,,,,d92302ca-9d01-11ee-a8e1-525400ad1336
388723,160158.11+294330.0_388723_1,4,150.25602892278795,1.880335869016201,0.5285999774932861,desi,1,150.25600010009273,1.8803325337920156,0.10439857654929793,0.5283311278232985,1.9017390050340762e-05,-0.0002688496699876364,True,GALAXY,,DESI-DR1,39089837395056022,,,,,dbd21c8b-8784-11ef-8e29-525400f334e1
360531,025754.18+000506.4_360531_0.03,1,149.9268177752439,1.8388751026230477,2.6772000789642334,desi,1,149.9267712993446,1.838860679473112,0.17510262070926982,0.20846949750561905,5.1945615509678034e-05,-2.4687305814586145,False,GALAXY,,DESI-DR1,234526919884836,,,,,b3351bfa-883f-11ef-af5a-525400f334e1
360531,025754.18+000506.4_360531_0.03,1,149.9268177752439,1.8388751026230477,2.6772000789642334,desi,2,149.9267712993446,1.838860679473112,0.17510262070926982,0.8861605790412627,8.594257647937185e-05,-1.7910394999229706,False,GALAXY,,DESI-DR1,243323012907042,,,,,b4a8539e-883f-11ef-b124-525400f334e1
360531,025754.18+000506.4_360531_0.03,1,149.9268177752439,1.8388751026230477,2.6772000789642334,desi,3,149.9267712993446,1.838860679473112,0.17510262070926982,0.20848280629944188,4.399157076067869e-05,-2.4687172726647915,False,GALAXY,,DESI-EDR,234526919884836,,,,,d9afc840-9d01-11ee-b7ce-525400ad1336
360531,025754.18+000506.4_360531_0.03,1,149.9268177752439,1.8388751026230477,2.6772000789642334,desi,4,149.9267712993446,1.838860679473112,0.17510262070926982,0.7617062646831659,5.036746988346497e-05,-1.9154938142810676,False,GALAXY,,DESI-EDR,243323012907042,,,,,dd000adc-9d01-11ee-8590-525400ad1336
380690,085657.01+644055.4_380690_0.0001,9,149.92957295171195,1.8668092023766552,0.3700000047683716,desi,1,149.9295317240254,1.8667891688178417,0.1649437295385808,0.3698356829731214,0.00010382084071582173,-0.00016432179525016632,True,GALAXY,,DESI-DR1,39089837394919808,,,,,615460a2-8784-11ef-9197-525400f334e1
367158,163422.80+460845.9_367158_0.01,2,149.71573910918127,1.8457737040341127,0.6744999885559082,desi,1,149.7157087101279,1.845760918986066,0.11866908470935218,0.6744758543457611,7.05699988116615e-05,-2.4134210147130908e-05,True,GALAXY,,DESI-DR1,39627829515653162,,,,,3cbec9f0-87f0-11ef-bf47-525400f334e1
367158,163422.80+460845.9_367158_0.01,2,149.71573910918127,1.8457737040341127,0.6744999885559082,desi,2,149.7157087101279,1.845760918986066,0.11866908470935218,0.6744733547146127,0.00010583771839001238,-2.663384129553137e-05,True,GALAXY,,DESI-DR1,39627829515653162,,,,,88b628c3-8812-11ef-9e69-525400f334e1
367158,163422.80+460845.9_367158_0.01,2,149.71573910918127,1.8457737040341127,0.6744999885559082,desi,3,149.7157087101279,1.845760918986066,0.11866908470935218,0.6744744257315619,7.258691945321731e-05,-2.5562824346292423e-05,True,GALAXY,,DESI-EDR,39627829515653162,,,,,91f67eb2-9b0a-11ee-b75e-525400ad1336
367158,163422.80+460845.9_367158_0.01,2,149.71573910918127,1.8457737040341127,0.6744999885559082,desi,4,149.7157087101279,1.845760918986066,0.11866908470935218,0.6732382565087569,6.278056144454986e-05,-0.0012617320471512983,True,GALAXY,,DESI-EDR,39627829515653162,,,,,a586a5b6-9d37-11ee-937e-525400ad1336
367158,163422.80+460845.9_367158_0.01,2,149.71573910918127,1.8457737040341127,0.6744999885559082,desi,5,149.7157087101279,1.845760918986066,0.11866908470935218,0.673243976614307,6.998222051146846e-05,-0.0012560119416011872,True,GALAXY,,DESI-DR1,39627829515653162,,,,,e8f03ead-89a4-11ef-83d4-525400f334e1
357409,155507.28+141817.9_357409_1,1,150.45101551728115,1.8313591564148912,0.35839998722076416,desi,1,150.45098313824977,1.8313305851509734,0.15541196571720897,0.3580524790482545,8.370530279751646e-06,-0.0003475081725096696,True,GALAXY,,DESI-DR1,39089837395048824,,,,,ba93b76d-8784-11ef-b757-525400f334e1
374162,074738.39+245637.3_374162_0.03,5,149.87437738187666,1.8609550036060083,0.12549999356269836,desi,1,149.87429970630905,1.8609828823379808,0.29695864484402257,0.12539018619185252,1.2680146108280096e-05,-0.00010980737084584358,True,GALAXY,,DESI-DR1,39627829519845791,,,,,3328bd6b-88f3-11ef-b4f7-525400f334e1
374162,074738.39+245637.3_374162_0.03,5,149.87437738187666,1.8609550036060083,0.12549999356269836,desi,2,149.87429970630905,1.8609828823379808,0.29695864484402257,0.12530572658273778,5.767034434552641e-06,-0.0001942669799605834,True,GALAXY,,DESI-DR1,39089837394919640,,,,,5d3c90f5-8784-11ef-b20c-525400f334e1
374162,074738.39+245637.3_374162_0.03,5,149.87437738187666,1.8609550036060083,0.12549999356269836,desi,3,149.87429970630905,1.8609828823379808,0.29695864484402257,0.12538843948293585,1.2817137330249214e-05,-0.00011155407976251586,True,GALAXY,,DESI-EDR,39627829519845791,,,,,a204cd58-9b38-11ee-955b-525400ad1336
755275,101347.80+594006.3_755275_0.03,10,150.5194553451356,2.441357963503966,0.3278000056743622,desi,1,150.51942715451506,2.4413551603746892,0.1018950493402356,0.3273012443092086,6.409362849001697e-05,-0.0004987613651535883,True,GALAXY,,DESI-DR1,39089837395040622,,,,,474bf890-8789-11ef-a8ba-525400f334e1
757939,075114.93+353950.0_757939_1,6,149.75846349796868,2.448565647990014,0.7459999918937683,desi,1,149.7584310402934,2.4485694195706222,0.1175278782992545,0.42672477330298514,1.3936124506077354e-05,-0.31927521859078317,False,GALAXY,,DESI-DR1,39089837394900506,,,,,95fe91d9-8787-11ef-9c92-525400f334e1
754336,083950.18+432941.4_754336_0.0003,13,150.42346718646533,2.4405220373332512,0.5526999831199646,desi,1,150.42343941082328,2.4405142168030762,0.10379294417771327,0.5525313429019877,7.882007882143025e-05,-0.00016864021797691198,True,GALAXY,,DESI-DR1,39089837395009314,,,,,3cdb5d30-8789-11ef-804b-525400f334e1
754053,153325.42+361915.5_754053_1,1,149.56994884871068,2.44158799850798,0.6920999884605408,desi,1,149.56992080936385,2.4415864337636406,0.10100720912069418,0.6914106623278801,6.899655139668431e-05,-0.0006893261326607059,True,GALAXY,,DESI-DR1,39089837394897226,,,,,5fafcbb2-8787-11ef-8f63-525400f334e1
758018,084952.43+333303.6_758018_0.0001,2,149.9104936983639,2.4466769512773645,0.3582000136375427,desi,1,149.9104756356348,2.446687091773127,0.0745206307091357,0.35813165292181887,9.129938180843053e-05,-6.83607157238586e-05,True,GALAXY,,DESI-DR1,39089837394901100,,,,,b7c6a7a2-8787-11ef-a742-525400f334e1
759932,172308.14+524455.5_759932_0.3,5,150.24169235979798,2.452359484005032,1.8250999450683594,desi,1,150.2416530512567,2.452353531025242,0.1429961692198994,0.7799825284122464,0.00010091416131725509,-1.045117416656113,False,GALAXY,,DESI-DR1,39627847643436757,,,,,60840558-87f0-11ef-a3ae-525400f334e1
759932,172308.14+524455.5_759932_0.3,5,150.24169235979798,2.452359484005032,1.8250999450683594,desi,2,150.2416530512567,2.452353531025242,0.1429961692198994,0.7799619494765194,0.00010787604095208352,-1.04513799559184,False,GALAXY,,DESI-EDR,39627847643436757,,,,,dd0628ca-9b0a-11ee-9bea-525400ad1336
701602,163745.98+314100.3_701602_0.01,4,149.65571020636438,2.36247728891014,0.8680999875068665,desi,1,149.6557042552655,2.362448024224196,0.10750550255552808,0.8680656608833429,5.592393436906947e-06,-3.4326623523539546e-05,True,GALAXY,,DESI-EDR,39627841595248140,,,,,19c6ecc3-9d38-11ee-929c-525400ad1336
701602,163745.98+314100.3_701602_0.01,4,149.65571020636438,2.36247728891014,0.8680999875068665,desi,2,149.6557042552655,2.362448024224196,0.10750550255552808,0.8680666943209574,5.586109589808031e-06,-3.329318590905572e-05,True,GALAXY,,DESI-DR1,39627841595248140,,,,,1e2ce48c-89a5-11ef-8b7d-525400f334e1
691448,162003.88+261135.7_691448_0.0001,2,149.55313433607708,2.346217955311894,0.7645000219345093,desi,1,149.55311884562755,2.3461957032125116,0.09757977925011642,0.7636235373640633,6.289481859065148e-06,-0.0008764845704459789,True,GALAXY,,DESI-DR1,39089837394932605,,,,,4420476f-8787-11ef-a42a-525400f334e1
684326,171304.46+352333.5_684326_0.001,13,149.9324513258519,2.337753756090719,0.09210000187158585,desi,1,149.9324246465375,2.3377530316325705,0.09600102929987217,0.09084360723479758,5.292204300706263e-06,-0.001256394636788269,True,GALAXY,,DESI-DR1,39627841599443643,,,,,3a81f4e9-89a5-11ef-bdf0-525400f334e1
684326,171304.46+352333.5_684326_0.001,13,149.9324513258519,2.337753756090719,0.09210000187158585,desi,2,149.9324246465375,2.3377530316325705,0.09600102929987217,0.09084363153535943,5.330058082275318e-06,-0.0012563703362264145,True,GALAXY,,DESI-EDR,39627841599443643,,,,,57507269-9d38-11ee-bf5c-525400ad1336
698607,140804.35+164339.3_698607_1,1,150.5400946702422,2.355429316203225,0.36640000343322754,desi,1,150.54007001405054,2.355415831707388,0.10110377971979882,0.36631724642573416,1.4786679842905594e-05,-8.275700749338366e-05,True,GALAXY,,DESI-DR1,39089837395032517,,,,,f533dc62-8785-11ef-85f6-525400f334e1
698920,082549.26+173348.5_698920_0.0003,2,150.00300283608922,2.3554085953316113,0.22110000252723694,desi,1,150.00300497820893,2.355416610348486,0.029865123922156525,0.22046555318660352,1.0315346570956068e-05,-0.0006344493406334195,True,GALAXY,,DESI-DR1,39089837395048989,,,,,a8e31bea-8787-11ef-9a1f-525400f334e1
640611,151352.52+085555.7_640611_0.0001,10,149.91960842244342,2.2725962367792216,2.909600019454956,desi,1,149.91955852471656,2.272612833493674,0.18917371567049113,0.45536759060646365,7.977523493292e-05,-2.4542324288484925,False,GALAXY,,DESI-DR1,243335092502568,,,,,2957a029-8840-11ef-b757-525400f334e1
640611,151352.52+085555.7_640611_0.0001,10,149.91960842244342,2.2725962367792216,2.909600019454956,desi,2,149.91955852471656,2.272612833493674,0.18917371567049113,0.26498449983856015,4.752473940840637e-05,-2.644615519616396,False,GALAXY,,DESI-EDR,243335092502568,,,,,fcfe9f00-9d28-11ee-808a-525400ad1336
633912,095738.18+552257.7_633912_0.3,1,149.63997574310582,2.2612863476545937,0.9035000205039978,desi,1,149.6399485198367,2.2613290546784826,0.18228384039750456,0.9032064809552249,4.3183181127536495e-05,-0.0002935395487728698,True,GALAXY,,DESI-DR1,39627841595247668,,,,,3c540cb2-89a5-11ef-b32f-525400f334e1
633912,095738.18+552257.7_633912_0.3,1,149.63997574310582,2.2612863476545937,0.9035000205039978,desi,2,149.6399485198367,2.2613290546784826,0.18228384039750456,0.9032099997087355,4.239288750985788e-05,-0.0002900207952623024,True,GALAXY,,DESI-EDR,39627841595247668,,,,,5b58467a-9d38-11ee-b501-525400ad1336
634925,162324.11+432533.6_634925_0.003,27,149.87288780707416,2.2614609340716263,0.28299999237060547,desi,1,149.87287198723524,2.2614675483424427,0.06168788797641973,0.2830634902460155,7.192126400980824e-05,6.34978754100457e-05,True,GALAXY,,DESI-DR1,39627841599442052,,,,,3dcd9aab-87b8-11ef-ac34-525400f334e1
634925,162324.11+432533.6_634925_0.003,27,149.87288780707416,2.2614609340716263,0.28299999237060547,desi,2,149.87287198723524,2.2614675483424427,0.06168788797641973,0.2829516792994623,0.00010621174579478197,-4.831307114316896e-05,True,GALAXY,,DESI-EDR,39627841599442052,,,,,5e5c0699-9d14-11ee-82ed-525400ad1336
634925,162324.11+432533.6_634925_0.003,27,149.87288780707416,2.2614609340716263,0.28299999237060547,desi,3,149.87287198723524,2.2614675483424427,0.06168788797641973,0.28296270568016985,0.00010061221744437516,-3.728669043562283e-05,True,GALAXY,,DESI-DR1,39627841599442052,,,,,87bcfe32-88f4-11ef-a8e6-525400f334e1
634925,162324.11+432533.6_634925_0.003,27,149.87288780707416,2.2614609340716263,0.28299999237060547,desi,4,149.87287198723524,2.2614675483424427,0.06168788797641973,0.28307464263748916,7.368699751801197e-05,7.465026688369125e-05,True,GALAXY,,DESI-EDR,39627841599442052,,,,,ad317092-9cb1-11ee-8b78-525400ad1336
705742,144814.81+051020.7_705742_0.0001,22,150.1782191278495,2.369318118754339,0.7275999784469604,desi,1,150.17817977469514,2.369309393296282,0.14499366524163454,0.7275631364471095,6.841189702977135e-06,-3.684199985098946e-05,True,GALAXY,,DESI-DR1,39627841603637986,,,,,79d3798b-89a5-11ef-a81d-525400f334e1
705742,144814.81+051020.7_705742_0.0001,22,150.1782191278495,2.369318118754339,0.7275999784469604,desi,2,150.17817977469514,2.369309393296282,0.14499366524163454,0.7275775887558396,9.630189550929688e-06,-2.2389691120894284e-05,True,GALAXY,,DESI-DR1,39627841603637986,,,,,d81516b6-8812-11ef-84e6-525400f334e1
705742,144814.81+051020.7_705742_0.0001,22,150.1782191278495,2.369318118754339,0.7275999784469604,desi,3,150.17817977469514,2.369309393296282,0.14499366524163454,0.7275658241680147,6.898662392677107e-06,-3.415427894570833e-05,True,GALAXY,,DESI-EDR,39627841603637986,,,,,dffd15e5-9d38-11ee-a57a-525400ad1336
722181,075853.87+484043.0_722181_0.003,35,150.37530584696717,2.3923833913301737,0.7495999932289124,desi,1,150.37528080208867,2.392376170476513,0.09375866126579711,0.7486225227910832,0.00013127947471220473,-0.0009774704378291421,True,GALAXY,,DESI-DR1,39627847647628312,,,,,7edd2461-89a5-11ef-9109-525400f334e1
722181,075853.87+484043.0_722181_0.003,35,150.37530584696717,2.3923833913301737,0.7495999932289124,desi,2,150.37528080208867,2.392376170476513,0.09375866126579711,0.7486331745711781,0.00012733448961634272,-0.0009668186577342919,True,GALAXY,,DESI-EDR,39627847647628312,,,,,eb1dbcef-9d38-11ee-b473-525400ad1336
714480,090739.50+280301.8_714480_0.3,9,150.40055025617968,2.382269062735413,1.7615000009536743,desi,1,150.40052005729015,2.3822492852760364,0.12987696213331965,0.4725680712479782,0.0006151638815526346,-1.288931929705696,False,GALAXY,,DESI-DR1,39627847647629035,,,,,82021138-89a5-11ef-b76b-525400f334e1
714480,090739.50+280301.8_714480_0.3,9,150.40055025617968,2.382269062735413,1.7615000009536743,desi,2,150.40052005729015,2.3822492852760364,0.12987696213331965,1.3127917446419362,0.00016653979083493318,-0.44870825631173816,False,GALAXY,,DESI-DR1,39627847647629035,,,,,9dc22ed3-8812-11ef-baba-525400f334e1
714480,090739.50+280301.8_714480_0.3,9,150.40055025617968,2.382269062735413,1.7615000009536743,desi,3,150.40052005729015,2.3822492852760364,0.12987696213331965,1.3916637861343506,0.00019684077488421074,-0.3698362148193237,False,GALAXY,,DESI-EDR,39627847647629035,,,,,f2101365-9d38-11ee-92f9-525400ad1336
708039,075327.46+272957.1_708039_0.003,38,149.84700093699766,2.3730293893096737,3.3557000160217285,desi,1,149.84698321880234,2.373018752600538,0.07434987706120792,0.9557036460306654,5.4119485703157294e-05,-2.3999963699910634,False,GALAXY,,DESI-EDR,243335092502556,,,,,1ada3e0a-9d29-11ee-8527-525400ad1336
708039,075327.46+272957.1_708039_0.003,38,149.84700093699766,2.3730293893096737,3.3557000160217285,desi,2,149.84698321880234,2.373018752600538,0.07434987706120792,0.4443500933321107,9.931356712029769e-05,-2.911349922689618,False,GALAXY,,DESI-DR1,243335092502556,,,,,36d2257b-8840-11ef-ba61-525400f334e1
399209,170804.21+380325.2_399209_1,4,149.65712662762203,1.895784661571969,0.31040000915527344,desi,1,149.65711992442874,1.8957760002063684,0.039420062524043425,0.3101502989120218,1.0847669788692228e-05,-0.00024971024325165514,True,GALAXY,,DESI-DR1,39089837394921524,,,,,14768ef4-8787-11ef-957d-525400f334e1
450281,144741.75+294834.8_450281_0.01,4,149.85424551784706,1.9804034741508922,0.7490000128746033,desi,1,149.85422309455203,1.980398197908727,0.08288154115826397,0.7488104174326746,5.186180870045557e-05,-0.0001895954419286472,True,GALAXY,,DESI-DR1,39089837394906670,,,,,16a2877e-8787-11ef-9f19-525400f334e1
719368,164729.85+354605.8_719368_0.3,4,150.66540402477892,2.3863818379569954,0.2669999897480011,desi,1,150.66538703105923,2.3863408359596283,0.15976253362108075,0.26686775468293394,9.906772999937219e-06,-0.00013223506506715443,True,GALAXY,,DESI-DR1,39089837395041213,,,,,08d68e3f-8786-11ef-a46b-525400f334e1
704594,161910.54+351600.4_704594_0.1,16,150.20291685235975,2.3630607998660027,0.7301999926567078,desi,1,150.20287778542342,2.363058895035214,0.14068859218248406,0.7293333895703588,0.00010184471200856027,-0.0008666030863490048,True,GALAXY,,DESI-DR1,39089837395049795,,,,,c667599f-8787-11ef-87aa-525400f334e1
703722,081037.87+200830.2_703722_1,2,150.56337539591823,2.3658883089064475,1.4501999616622925,desi,1,150.56336773887287,2.3658652250219254,0.08754709700607641,1.4501281414625886,3.289113068188695e-05,-7.182019970386477e-05,True,GALAXY,,DESI-DR1,39627841612023521,,,,,037a6427-8812-11ef-be22-525400f334e1
703722,081037.87+200830.2_703722_1,2,150.56337539591823,2.3658883089064475,1.4501999616622925,desi,2,150.56336773887287,2.3658652250219254,0.08754709700607641,1.4502201768172196,3.0136104295712458e-05,2.0215154927116785e-05,True,GALAXY,,DESI-DR1,39627841612023521,,,,,06581572-89a4-11ef-84c2-525400f334e1
703722,081037.87+200830.2_703722_1,2,150.56337539591823,2.3658883089064475,1.4501999616622925,desi,3,150.56336773887287,2.3658652250219254,0.08754709700607641,1.4502174841416593,2.9279616296015684e-05,1.7522479366816057e-05,True,GALAXY,,DESI-EDR,39627841612023521,,,,,3830693a-9ca7-11ee-af1b-525400ad1336
485100,171304.46+352333.5_485100_0.01,4,150.05394800328384,2.033440329982846,0.07850000262260437,desi,1,150.05391491474438,2.0334023902647025,0.18118035827865914,-0.0019956912923479522,4.1311493573349107e-48,-0.08049569391495232,False,STAR,,DESI-EDR,39627835563836474,,,,,39b51de3-9b39-11ee-861a-525400ad1336
485100,171304.46+352333.5_485100_0.01,4,150.05394800328384,2.033440329982846,0.07850000262260437,desi,2,150.05391491474438,2.0334023902647025,0.18118035827865914,0.932752477574551,2.232146096148817e-46,0.8542524749519467,False,GALAXY,,DESI-DR1,39627835563836474,,,,,7932c5fa-88f3-11ef-b631-525400f334e1
767507,082930.59+081238.0_767507_0.001,6,150.28224827855817,2.4602156029855027,0.12319999933242798,desi,1,150.2822177367919,2.4602014456773817,0.12109653447921317,0.12315997351194904,2.6049078572926192e-06,-4.002582047893388e-05,True,GALAXY,,DESI-DR1,39627847647626055,,,,,1223e75a-8b71-11ef-94e0-525400f334e1
767507,082930.59+081238.0_767507_0.001,6,150.28224827855817,2.4602156029855027,0.12319999933242798,desi,2,150.2822177367919,2.4602014456773817,0.12109653447921317,0.12315890871281643,4.628120665779998e-06,-4.109061961155014e-05,True,GALAXY,,DESI-DR1,39627847647626055,,,,,cbc06b8e-88f4-11ef-8133-525400f334e1
767507,082930.59+081238.0_767507_0.001,6,150.28224827855817,2.4602156029855027,0.12319999933242798,desi,3,150.2822177367919,2.4602014456773817,0.12109653447921317,0.12315900312382229,4.664803798303711e-06,-4.0996208605689755e-05,True,GALAXY,,DESI-EDR,39627847647626055,,,,,f6ed72a8-9d14-11ee-8404-525400ad1336
728988,073028.10+435330.8_728988_1,9,149.98991893541472,2.402542771062491,0.28360000252723694,desi,1,149.98992421487716,2.402557457723653,0.05617866140921656,0.283052570420202,8.543279709775992e-06,-0.0005474321070349508,True,GALAXY,,DESI-DR1,39627847639242128,,,,,b53f89d1-88f4-11ef-93b8-525400f334e1
728988,073028.10+435330.8_728988_1,9,149.98991893541472,2.402542771062491,0.28360000252723694,desi,2,149.98992421487716,2.402557457723653,0.05617866140921656,0.28305271166095053,8.737523233319127e-06,-0.0005472908662864095,True,GALAXY,,DESI-EDR,39627847639242128,,,,,c36f698b-9d14-11ee-a4c6-525400ad1336
751525,084429.24+221040.4_751525_0.1,5,149.9724100882597,2.438154740847925,0.7311000227928162,desi,1,149.97239262186793,2.4381692869217764,0.0817850752389217,0.7300182610475084,0.00023331864135039143,-0.0010817617453077188,True,GALAXY,,DESI-DR1,39089837394901420,,,,,819506d8-8787-11ef-8666-525400f334e1
732702,155206.82+222539.2_732702_0.0001,8,149.56399182861452,2.4083550523131843,0.5498999953269958,desi,1,149.56397159238566,2.408359969803714,0.07490799592600418,0.5495947644116062,0.00010597033590037332,-0.00030523091538969815,True,GALAXY,,DESI-DR1,39089837394897202,,,,,4452cca7-8787-11ef-8c6f-525400f334e1
735387,075626.44+132541.1_735387_0.3,3,149.47763030643037,2.4125029841933348,0.48030000925064087,desi,1,149.4776026406149,2.4125101006051435,0.1027536408760933,0.4802456084081104,0.00010504645563774089,-5.4400842530444304e-05,True,GALAXY,,DESI-DR1,39089837394905489,,,,,3d10f4b5-8787-11ef-9ec5-525400f334e1
745121,154518.05+463837.9_745121_0.1,2,150.05481549506433,2.426701808379842,0.2214999943971634,desi,1,150.0547834621592,2.426710732614163,0.11961047400835899,0.932752477574551,2.232146096148817e-46,0.7112524831773877,False,GALAXY,,DESI-DR1,39089837395051039,,,,,913861e2-8787-11ef-9d70-525400f334e1
739962,110213.70+671045.2_739962_0.3,8,149.96207410729585,2.4216535116488225,1.9607000350952148,desi,1,149.962074729512,2.421675622003201,0.0796287313305076,0.2873648523821175,6.016215572887837e-05,-1.6733351827130973,False,GALAXY,,DESI-DR1,39627847639241450,,,,,51d0d50a-89a5-11ef-913f-525400f334e1
739962,110213.70+671045.2_739962_0.3,8,149.96207410729585,2.4216535116488225,1.9607000350952148,desi,2,149.962074729512,2.421675622003201,0.0796287313305076,0.049790329139992505,0.00011207960404170135,-1.9109097059552222,False,GALAXY,,DESI-EDR,39627847639241450,,,,,88e4440f-9d38-11ee-b5ea-525400ad1336
739778,155403.96+024730.4_739778_0.03,6,149.60086320755076,2.4192787944506446,0.18809999525547028,desi,1,149.60083919716976,2.419295656468998,0.10556037495423701,0.18762003147352482,1.423667043524975e-05,-0.00047996378194545275,True,GALAXY,,DESI-DR1,39089837394897323,,,,,43e1e50b-8787-11ef-91c4-525400f334e1
724880,084205.57+075925.5_724880_0.1,6,149.61019897490326,2.3950973718494564,0.12549999356269836,desi,1,149.61018981912548,2.3951046967083967,0.042188471354190175,0.12466440636725172,8.169978706803154e-06,-0.0008355871954466437,True,GALAXY,,DESI-DR1,39089837394897360,,,,,47611797-8787-11ef-8b10-525400f334e1
724880,084205.57+075925.5_724880_0.1,6,149.61019897490326,2.3950973718494564,0.12549999356269836,desi,2,149.61018981912548,2.3951046967083967,0.042188471354190175,0.12463695336373114,2.13349148162107e-05,-0.0008630401989672271,True,GALAXY,,DESI-EDR,39627847635044481,,,,,7499c524-9d14-11ee-9d36-525400ad1336
724880,084205.57+075925.5_724880_0.1,6,149.61019897490326,2.3950973718494564,0.12549999356269836,desi,3,149.61018981912548,2.3951046967083967,0.042188471354190175,0.12463132166354993,2.146960563944241e-05,-0.0008686718991484377,True,GALAXY,,DESI-DR1,39627847635044481,,,,,91609a2b-88f4-11ef-bd74-525400f334e1
841503,155611.17+044145.4_841503_0.03,7,150.05095669303554,2.5726807872064423,0.6298999786376953,desi,1,150.05093978379068,2.5726905464247247,0.07023126879842577,0.6297546797229444,0.00018738337809712596,-0.00014529891475090206,True,GALAXY,,DESI-DR1,39089837395051021,,,,,af8fd664-8787-11ef-b82b-525400f334e1
839016,145907.47+114300.0_839016_0.0001,6,150.06263048692136,2.5696175351518127,0.8919000029563904,desi,1,150.06262447066254,2.5696300093633204,0.04984779088858898,0.89192574550873,8.523117866111864e-05,2.5742552339669267e-05,True,GALAXY,,DESI-DR1,39627847643432481,,,,,6aa14670-89a5-11ef-a987-525400f334e1
839016,145907.47+114300.0_839016_0.0001,6,150.06263048692136,2.5696175351518127,0.8919000029563904,desi,2,150.06262447066254,2.5696300093633204,0.04984779088858898,0.891960026981731,9.49602488697525e-05,6.0024025340665865e-05,True,GALAXY,,DESI-EDR,39627847643432481,,,,,c0068bdb-9d38-11ee-8346-525400ad1336
839016,145907.47+114300.0_839016_0.0001,6,150.06263048692136,2.5696175351518127,0.8919000029563904,desi,3,150.06262447066254,2.5696300093633204,0.04984779088858898,0.8917451322149222,0.00011677923802963934,-0.00015487074146813828,True,GALAXY,,DESI-DR1,39627847643432481,,,,,dc4d7ea0-8812-11ef-a20b-525400f334e1
849421,075057.26+353037.6_849421_0.3,7,150.74717638821386,2.5867128490899125,0.17759999632835388,desi,1,150.74714818185973,2.5867261488573674,0.11217115420760031,0.17722115718604012,5.380975779206528e-06,-0.0003788391423137638,True,GALAXY,,DESI-DR1,39089837395041524,,,,,ce955077-8785-11ef-b4cf-525400f334e1
846241,075352.98+315341.6_846241_0.03,2,149.85119082193947,2.581014326877144,0.5016000270843506,desi,1,149.85114699493758,2.5810065024012316,0.160114360600437,0.502135977160116,1.0342093921823115e-05,0.0005359500757654567,True,GALAXY,,DESI-DR1,39089837394900857,,,,,893c5977-8787-11ef-95d8-525400f334e1
751540,032838.28-000341.6_751540_1,1,150.23150612164747,2.436719849386706,0.3124000132083893,desi,1,150.23146454252364,2.436731031889317,0.1548731068925147,0.3117807195906706,8.185908762278255e-06,-0.0006192936177186747,True,GALAXY,,DESI-DR1,39627847643436542,,,,,c0eb9566-88f4-11ef-b5e3-525400f334e1
751540,032838.28-000341.6_751540_1,1,150.23150612164747,2.436719849386706,0.3124000132083893,desi,2,150.23146454252364,2.436731031889317,0.1548731068925147,0.31178021814051365,8.214056038827131e-06,-0.0006197950678756281,True,GALAXY,,DESI-EDR,39627847643436542,,,,,de32119a-9d14-11ee-8fe5-525400ad1336
844095,155942.55+173118.6_844095_0.01,3,149.98990095897474,2.578490699134849,0.7276999950408936,desi,1,149.98988349380565,2.5785109430210205,0.09621027407956184,0.7271816919750664,0.0002008297334571518,-0.0005183030658271193,True,GALAXY,,DESI-DR1,39089837394901488,,,,,b60aafcb-8787-11ef-ae02-525400f334e1
748027,155403.96+024730.4_748027_1,3,150.6177930429129,2.4303916712651037,0.19580000638961792,desi,1,150.6177485220814,2.4303699785473367,0.1781586926881606,0.19529229537807113,5.323175913500908e-06,-0.0005077110115467853,True,GALAXY,,DESI-DR1,39627847651822302,,,,,0185662d-88f4-11ef-af5e-525400f334e1
748027,155403.96+024730.4_748027_1,3,150.6177930429129,2.4303916712651037,0.19580000638961792,desi,2,150.6177485220814,2.4303699785473367,0.1781586926881606,0.1952171996186092,2.9382801322947758e-06,-0.0005828067710087204,True,GALAXY,,DESI-DR1,39627847651822302,,,,,2afa1e9c-87b8-11ef-b802-525400f334e1
748027,155403.96+024730.4_748027_1,3,150.6177930429129,2.4303916712651037,0.19580000638961792,desi,3,150.6177485220814,2.4303699785473367,0.1781586926881606,0.19529740496328757,5.48828886114171e-06,-0.0005026014263303513,True,GALAXY,,DESI-EDR,39627847651822302,,,,,6f45918a-9b9b-11ee-9d66-525400ad1336
748027,155403.96+024730.4_748027_1,3,150.6177930429129,2.4303916712651037,0.19580000638961792,desi,4,150.6177485220814,2.4303699785473367,0.1781586926881606,0.195216519976722,2.957889549925058e-06,-0.0005834864128959061,True,GALAXY,,DESI-EDR,39627847651822302,,,,,a44f1fd9-9c7e-11ee-8453-525400ad1336
739926,081253.10+401859.9_739926_1,2,150.47084071367817,2.4195519143387476,0.5529999732971191,desi,1,150.47080735991955,2.4195535397670236,0.12010910726979675,0.23798034637000745,1.1837447532974545e-05,-0.3150196269271117,False,GALAXY,,DESI-DR1,39089837395009518,,,,,1ced8435-8789-11ef-b5ec-525400f334e1
843568,161456.18+413055.8_843568_0.1,1,150.53038871807448,2.5760020804288506,0.18700000643730164,desi,1,150.5303478045704,2.5760282839525876,0.17478206157336018,0.1874481424610171,7.610158163396545e-06,0.0004481360237154619,True,GALAXY,,DESI-DR1,39089837395040675,,,,,3c1317c0-8789-11ef-a7af-525400f334e1
684249,144016.02+202114.1_684249_1,8,150.64315521130254,2.3338497274763985,0.21410000324249268,desi,1,150.6431390342826,2.333825302941372,0.1054388267893117,0.21412389393858974,7.001620604357848e-05,2.389069609706751e-05,True,GALAXY,,DESI-EDR,39627841612025286,,,,,0213fd0c-9b9b-11ee-820b-525400ad1336
684249,144016.02+202114.1_684249_1,8,150.64315521130254,2.3338497274763985,0.21410000324249268,desi,2,150.6431390342826,2.333825302941372,0.1054388267893117,0.2141235242861994,6.918822765269136e-05,2.352104370673125e-05,True,GALAXY,,DESI-DR1,39627841612025286,,,,,d00f4e98-88f3-11ef-9e3f-525400f334e1
692016,155609.80+030922.3_692016_0.001,4,150.46225686769571,2.3446125604734926,0.12359999865293503,desi,1,150.46222112359445,2.34459622660108,0.1413795630475904,0.12369960321950473,7.238860147716525e-05,9.960456656969707e-05,True,GALAXY,,DESI-DR1,39627841607832808,,,,,0fa62d4f-87b8-11ef-b765-525400f334e1
692016,155609.80+030922.3_692016_0.001,4,150.46225686769571,2.3446125604734926,0.12359999865293503,desi,2,150.46222112359445,2.34459622660108,0.1413795630475904,0.12381670398118506,0.00011655364043016739,0.00021670532825003586,True,GALAXY,,DESI-DR1,39627841607832808,,,,,38795fcf-88f3-11ef-b137-525400f334e1
692016,155609.80+030922.3_692016_0.001,4,150.46225686769571,2.3446125604734926,0.12359999865293503,desi,3,150.46222112359445,2.34459622660108,0.1413795630475904,0.12384347318760278,0.00017146988559290543,0.00024347453466774804,True,GALAXY,,DESI-EDR,39627841607832808,,,,,add4a121-9b38-11ee-89de-525400ad1336
692016,155609.80+030922.3_692016_0.001,4,150.46225686769571,2.3446125604734926,0.12359999865293503,desi,4,150.46222112359445,2.34459622660108,0.1413795630475904,0.12371105385696998,7.158740012483305e-05,0.00011105520403495439,True,GALAXY,,DESI-EDR,39627841607832808,,,,,b9da0ffc-9be8-11ee-bcda-525400ad1336
692016,155609.80+030922.3_692016_0.001,4,150.46225686769571,2.3446125604734926,0.12359999865293503,desi,5,150.46222112359445,2.34459622660108,0.1413795630475904,0.12367149882547004,6.509319287645852e-05,7.150017253501617e-05,True,GALAXY,,DESI-DR1,39627841607832808,,,,,cd87b1d3-8b70-11ef-a616-525400f334e1
417569,075111.52+273638.4_417569_0.3,2,149.70700483641403,1.925837790427105,0.6895999908447266,desi,1,149.7069796625587,1.925839757847051,0.0908511933177873,0.689207618695499,1.9437502581769747e-05,-0.00039237214922760444,True,GALAXY,,DESI-DR1,39089837394921683,,,,,ffc0cc1e-8786-11ef-8c4e-525400f334e1
444297,091520.20+395331.3_444297_0.0003,2,149.93993187755066,1.970211713158083,0.6370999813079834,desi,1,149.93991848916573,1.9701931118392357,0.08248997986349028,0.6371552061599137,8.785008563627851e-05,5.522485193032445e-05,True,GALAXY,,DESI-DR1,39089837394906986,,,,,eee4e8f7-8786-11ef-9c2c-525400f334e1
439399,110022.09+645812.9_439399_0.03,1,149.58695543022978,1.962591562899462,0.8881999850273132,desi,1,149.58695661629997,1.962557899203092,0.12126441511753175,0.8867680908399096,4.394654946628744e-05,-0.0014318941874036373,True,GALAXY,,DESI-DR1,39089837394921268,,,,,0ecc7bd0-8787-11ef-aeea-525400f334e1
444763,081516.01+205223.9_444763_0.3,8,150.7511962406514,1.9708398527974,0.8429999947547913,desi,1,150.7511697000827,1.9708052145086317,0.1570598654611036,0.8428115728170288,6.702424741050955e-05,-0.00018842193776247296,True,GALAXY,,DESI-EDR,39627835576418354,,,,,86768023-9afb-11ee-a686-525400ad1336
444763,081516.01+205223.9_444763_0.3,8,150.7511962406514,1.9708398527974,0.8429999947547913,desi,2,150.7511697000827,1.9708052145086317,0.1570598654611036,0.8430212106050927,0.00019467456556263144,2.1215850301459227e-05,True,GALAXY,,DESI-DR1,39089837395041537,,,,,9aba251f-8784-11ef-a459-525400f334e1
444763,081516.01+205223.9_444763_0.3,8,150.7511962406514,1.9708398527974,0.8429999947547913,desi,3,150.7511697000827,1.9708052145086317,0.1570598654611036,0.8427671489925974,6.715652518928504e-05,-0.00023284576219384512,True,GALAXY,,DESI-DR1,39627835576418354,,,,,d42c6ce3-87ef-11ef-ab3c-525400f334e1
442556,075228.65+405931.7_442556_0.01,8,150.5476785125899,1.967946944457692,0.41530001163482666,desi,1,150.5476398689358,1.967923759889095,0.16216372579360686,0.41481997143398003,6.580796532472042e-05,-0.000480040200846632,True,GALAXY,,DESI-DR1,39627835572225283,,,,,13128b15-87b8-11ef-8d01-525400f334e1
442556,075228.65+405931.7_442556_0.01,8,150.5476785125899,1.967946944457692,0.41530001163482666,desi,2,150.5476398689358,1.967923759889095,0.16216372579360686,0.4146973538923026,4.342573536644648e-05,-0.0006026577425240487,True,GALAXY,,DESI-DR1,39089837395029830,,,,,b83b9c55-8784-11ef-af3b-525400f334e1
442556,075228.65+405931.7_442556_0.01,8,150.5476785125899,1.967946944457692,0.41530001163482666,desi,3,150.5476398689358,1.967923759889095,0.16216372579360686,0.4148064973389477,6.549510465399774e-05,-0.0004935142958789607,True,GALAXY,,DESI-EDR,39627835572225283,,,,,c17771ef-9be8-11ee-9ddf-525400ad1336
443854,094912.76+631916.3_443854_0.0001,4,150.73934784218383,1.9691150694831676,0.59170001745224,desi,1,150.73931584208316,1.9690703176858426,0.19801704454456703,0.5910261787199578,9.450561905894353e-05,-0.000673838732282217,True,GALAXY,,DESI-DR1,39089837395030499,,,,,b1dbfba8-8784-11ef-9678-525400f334e1
446577,025042.90-004138.8_446577_0.1,1,149.5156467533235,1.9739435051706156,0.44920000433921814,desi,1,149.5156171143416,1.9739102336972154,0.16036850222236265,0.44881034575896656,6.752609931524017e-05,-0.00038965858025158395,True,GALAXY,,DESI-DR1,39089837394920997,,,,,0f178d22-8782-11ef-acac-525400f334e1
467528,084205.57+075925.5_467528_0.03,3,150.620646074456,2.006900952549144,0.1251000016927719,desi,1,150.62061898633172,2.0068630151954183,0.1677812207829931,0.12474815937221179,5.694869777138132e-06,-0.0003518423205601251,True,GALAXY,,DESI-DR1,39627835572226970,,,,,420802f2-88f3-11ef-b364-525400f334e1
467528,084205.57+075925.5_467528_0.03,3,150.620646074456,2.006900952549144,0.1251000016927719,desi,2,150.62061898633172,2.0068630151954183,0.1677812207829931,0.12474837440009262,5.700231954513892e-06,-0.0003516272926792907,True,GALAXY,,DESI-EDR,39627835572226970,,,,,c3a54728-9b38-11ee-8226-525400ad1336
467528,084205.57+075925.5_467528_0.03,3,150.620646074456,2.006900952549144,0.1251000016927719,desi,3,150.62061898633172,2.0068630151954183,0.1677812207829931,0.12475326299334295,3.724815758052558e-06,-0.0003467386994289584,True,GALAXY,,DESI-DR1,39627835572226970,,,,,d49c949b-8b70-11ef-b554-525400f334e1
686767,172130.96+584404.7_686767_1,4,149.9792797306724,2.340419652562634,1.0029000043869019,desi,1,149.97925076975514,2.340406169393908,0.11492584165138518,1.0017865835846202,1.656371146361329e-05,-0.0011134208022816061,True,GALAXY,,DESI-DR1,39627841599444805,,,,,64944bc0-89a5-11ef-a151-525400f334e1
686767,172130.96+584404.7_686767_1,4,149.9792797306724,2.340419652562634,1.0029000043869019,desi,2,149.97925076975514,2.340406169393908,0.11492584165138518,1.0017850745971135,1.6706534298719782e-05,-0.0011149297897883326,True,GALAXY,,DESI-EDR,39627841599444805,,,,,b1ae8e19-9d38-11ee-9b0c-525400ad1336
720543,081625.05+231323.2_720543_0.3,5,150.3195535677998,2.3893750911944687,0.5608000159263611,desi,1,150.31954023996494,2.38937421088636,0.04804312775081859,0.5604529767078898,0.0001079474027310006,-0.00034703921847123453,True,GALAXY,,DESI-DR1,39089837395008834,,,,,c9b6a80e-8787-11ef-8a63-525400f334e1
641228,075537.02+254238.9_641228_1,1,150.1396104482965,2.2707294937712303,0.4410000145435333,desi,1,150.13957841820877,2.2707173619545244,0.12321769571082859,0.4405453508013592,1.796770689203293e-05,-0.00045466374217412175,True,GALAXY,,DESI-DR1,39089837395049569,,,,,bc71b6ce-8787-11ef-b78f-525400f334e1
732676,162830.17+161314.6_732676_0.3,1,149.8844725185733,2.4099643947937337,0.7310000061988831,desi,1,149.8844376540385,2.409957322487749,0.12795982380447923,0.730715266378868,5.913360308942436e-06,-0.0002847398200150897,True,GALAXY,,DESI-DR1,39627847639239460,,,,,4dd16607-87f0-11ef-a2d8-525400f334e1
732676,162830.17+161314.6_732676_0.3,1,149.8844725185733,2.4099643947937337,0.7310000061988831,desi,2,149.8844376540385,2.409957322487749,0.12795982380447923,0.7307149742146848,5.9223225956893255e-06,-0.0002850319841982696,True,GALAXY,,DESI-EDR,39627847639239460,,,,,b5b99d3e-9b0a-11ee-bcde-525400ad1336
747839,143229.91+012332.6_747839_0.3,1,149.55883133839086,2.4313328152617495,0.48089998960494995,desi,1,149.5588177722933,2.4313433931639086,0.06189485910546217,0.4803988880722233,4.61448557162237e-05,-0.0005011015327266444,True,GALAXY,,DESI-DR1,39089837394897184,,,,,48658476-8787-11ef-a5b5-525400f334e1
851584,100927.57+603209.9_851584_0.1,2,149.90528475603654,2.591115979215212,0.8657000064849854,desi,1,149.90527086806867,2.591138615367669,0.09557826116029983,0.8648324259815083,3.3184850152705313e-05,-0.0008675805034770168,True,GALAXY,,DESI-DR1,39627847639239972,,,,,788394ca-89a5-11ef-a9d2-525400f334e1
851584,100927.57+603209.9_851584_0.1,2,149.90528475603654,2.591115979215212,0.8657000064849854,desi,2,149.90527086806867,2.591138615367669,0.09557826116029983,0.8648454401114747,3.502216671139607e-05,-0.0008545663735106679,True,GALAXY,,DESI-EDR,39627847639239972,,,,,dd619b63-9d38-11ee-a588-525400ad1336
844675,154458.49+230810.1_844675_0.03,1,150.41004718705327,2.57818230775683,0.37389999628067017,desi,1,150.41002544834433,2.5781737882387747,0.0839809432569358,0.37349338577481367,7.989730628061286e-06,-0.0004066105058564973,True,GALAXY,,DESI-DR1,39089837395009245,,,,,10e6ba7e-8789-11ef-932b-525400f334e1
852876,035138.03+001956.0_852876_1,3,150.20825553529366,2.5898841085962694,0.3765000104904175,desi,1,150.2082285913228,2.5898998394358217,0.11223426803819107,0.37629407788941377,2.1134386395250134e-05,-0.00020593260100371102,True,GALAXY,,DESI-DR1,39627847643436039,,,,,c8c0fc05-88f4-11ef-8366-525400f334e1
852876,035138.03+001956.0_852876_1,3,150.20825553529366,2.5898841085962694,0.3765000104904175,desi,2,150.2082285913228,2.5898998394358217,0.11223426803819107,0.37629243079875674,2.1043806151601946e-05,-0.00020757969166074197,True,GALAXY,,DESI-EDR,39627847643436039,,,,,f02b2fb9-9d14-11ee-b500-525400ad1336
710978,034621.27-000141.5_710978_0.1,1,150.18573974272152,2.37528504910161,0.6836000084877014,desi,1,150.18570261078702,2.3752917760336194,0.13573785035636146,0.6837645280724367,5.0606024181668654e-05,0.00016451958473528983,True,GALAXY,,DESI-DR1,39089837395051647,,,,,a5d3e84e-8787-11ef-9848-525400f334e1
683566,153751.12+023411.0_683566_1,1,150.73064444996334,2.335166797785816,0.6722999811172485,desi,1,150.73060916071552,2.3351350667114326,0.17076772455030476,0.6717610769225135,0.000161691610994728,-0.0005389041947350126,True,GALAXY,,DESI-DR1,39089837395033209,,,,,cbe7d24f-8785-11ef-9f5e-525400f334e1
608503,144016.02+202114.1_608503_0.003,3,150.77062797408385,2.2199964816492073,0.21040000021457672,desi,1,150.77061461931655,2.2200057289541686,0.05844817472052202,0.2110659633752962,5.1040229517645916e-05,0.0006659631607194849,True,GALAXY,,DESI-EDR,39627841616216545,,,,,3b85b6cd-9b9b-11ee-af92-525400ad1336
608503,144016.02+202114.1_608503_0.003,3,150.77062797408385,2.2199964816492073,0.21040000021457672,desi,2,150.77061461931655,2.2200057289541686,0.05844817472052202,0.21105807136941826,5.051688847667807e-05,0.0006580711548415386,True,GALAXY,,DESI-DR1,39627841616216545,,,,,ea2bf82c-88f3-11ef-877b-525400f334e1
596805,092140.89+443043.1_596805_0.3,1,149.68781915360242,2.207140290501782,0.9458000063896179,desi,1,149.68779864460342,2.207138777254933,0.07397847538871867,0.9453938781603437,3.2314798813866856e-05,-0.0004061282292742163,True,GALAXY,,DESI-DR1,39627841595248951,,,,,3256dfe0-89a5-11ef-b797-525400f334e1
596805,092140.89+443043.1_596805_0.3,1,149.68781915360242,2.207140290501782,0.9458000063896179,desi,2,149.68779864460342,2.207138777254933,0.07397847538871867,0.9453990962122557,3.213998367781225e-05,-0.00040091017736221257,True,GALAXY,,DESI-EDR,39627841595248951,,,,,45722032-9d38-11ee-a63b-525400ad1336
605240,090325.62+224147.5_605240_1,5,149.53344947754104,2.2179803503669375,0.2818000018596649,desi,1,149.53341359569657,2.2179559949878693,0.15604091295263237,0.281307099161015,3.2003865978427862e-06,-0.000492902698649933,True,GALAXY,,DESI-DR1,39089837394932550,,,,,27679c5c-8787-11ef-9262-525400f334e1
596558,145450.02+111434.4_596558_0.01,1,150.3294564549035,2.2028509965220717,0.4749999940395355,desi,1,150.32941693603286,2.2028633121123433,0.14891592672128345,0.4742188018473556,7.45195160042467e-05,-0.0007811921921799247,True,GALAXY,,DESI-DR1,39627841607829515,,,,,3d525df4-89a3-11ef-b9a2-525400f334e1
596558,145450.02+111434.4_596558_0.01,1,150.3294564549035,2.2028509965220717,0.4749999940395355,desi,2,150.32941693603286,2.2028633121123433,0.14891592672128345,0.4742191009554746,6.0011688214755934e-05,-0.0007808930840609296,True,GALAXY,,DESI-EDR,39627841607829515,,,,,4814f1bb-9b8d-11ee-be48-525400ad1336
596558,145450.02+111434.4_596558_0.01,1,150.3294564549035,2.2028509965220717,0.4749999940395355,desi,3,150.32941693603286,2.2028633121123433,0.14891592672128345,0.47440208119059857,0.00010842722102816624,-0.0005979128489369545,True,GALAXY,,DESI-DR1,39627841607829515,,,,,50105d73-8811-11ef-a520-525400f334e1
627857,164729.85+354605.8_627857_0.1,2,150.56716440899186,2.248950690215186,0.25999999046325684,desi,1,150.56714595732367,2.2489523202373984,0.06663372942490486,0.2595917199684631,9.388423043094e-06,-0.0004082704947937499,True,GALAXY,,DESI-DR1,39089837395032629,,,,,6d21e2e0-8784-11ef-aab9-525400f334e1
626958,083225.34+370736.2_626958_0.0003,3,150.20161953683956,2.24840811926434,0.09309999644756317,desi,1,150.20158609449427,2.24840862988585,0.12031379981728257,0.09288739733943742,6.8778782937751476e-06,-0.00021259910812575222,True,GALAXY,,DESI-DR1,39627841603638563,,,,,cdbee63d-88f4-11ef-b5bb-525400f334e1
626958,083225.34+370736.2_626958_0.0003,3,150.20161953683956,2.24840811926434,0.09309999644756317,desi,2,150.20158609449427,2.24840862988585,0.12031379981728257,0.09288781040546723,6.885173422879751e-06,-0.00021218604209594094,True,GALAXY,,DESI-EDR,39627841603638563,,,,,fb26e79e-9d14-11ee-a0f1-525400ad1336
618296,150153.55+111512.1_618296_0.03,1,150.4397256977216,2.239109470553547,2.158099889755249,desi,1,150.43969095858904,2.2391200164903906,0.13060520014150798,0.013970873049762175,5.187859124391213e-05,-2.1441290167054867,False,GALAXY,,DESI-DR1,39627841607832263,,,,,37973503-89a3-11ef-a3bb-525400f334e1
618296,150153.55+111512.1_618296_0.03,1,150.4397256977216,2.239109470553547,2.158099889755249,desi,2,150.43969095858904,2.2391200164903906,0.13060520014150798,0.014116344893173038,7.432509118973264e-05,-2.143983544862076,False,GALAXY,,DESI-EDR,39627841607832263,,,,,3a8e641a-9b8d-11ee-ab54-525400ad1336
618296,150153.55+111512.1_618296_0.03,1,150.4397256977216,2.239109470553547,2.158099889755249,desi,3,150.43969095858904,2.2391200164903906,0.13060520014150798,0.19556995188142237,3.104570602668242e-05,-1.9625299378738266,False,GALAXY,,DESI-DR1,39627841607832263,,,,,5bd86544-8811-11ef-85f5-525400f334e1
611429,012214.46+390702.2_611429_0.3,3,149.7137503180528,2.2276937198189097,1.2138999700546265,desi,1,149.71372127241716,2.227694478515909,0.104520956265936,1.2131519211089055,1.8855261269587587e-05,-0.0007480489457210027,True,GALAXY,,DESI-DR1,39627841595249731,,,,,0afc5b83-89a5-11ef-a72f-525400f334e1
611429,012214.46+390702.2_611429_0.3,3,149.7137503180528,2.2276937198189097,1.2138999700546265,desi,2,149.71372127241716,2.227694478515909,0.104520956265936,1.2131465941332031,3.2529450732929705e-05,-0.0007533759214233271,True,GALAXY,,DESI-DR1,39627841595249731,,,,,ba5365d1-8812-11ef-b487-525400f334e1
611429,012214.46+390702.2_611429_0.3,3,149.7137503180528,2.2276937198189097,1.2138999700546265,desi,3,149.71372127241716,2.227694478515909,0.104520956265936,1.2131505453209188,1.88139831412207e-05,-0.0007494247337076487,True,GALAXY,,DESI-EDR,39627841595249731,,,,,f171377c-9d37-11ee-8f0f-525400ad1336
654210,162107.48+290350.3_654210_0.001,8,150.26437996762485,2.293815944034631,2.9658000469207764,desi,1,150.26436128111078,2.293821416976693,0.0700456335111792,0.283015838357006,5.0324479450229526e-05,-2.6827842085637705,False,GALAXY,,DESI-EDR,234539007868942,,,,,42b547c8-9d29-11ee-af99-525400ad1336
654210,162107.48+290350.3_654210_0.001,8,150.26437996762485,2.293815944034631,2.9658000469207764,desi,2,150.26436128111078,2.293821416976693,0.0700456335111792,0.9748985022727619,6.441236314221636e-05,-1.9909015446480145,False,GALAXY,,DESI-DR1,234539007868942,,,,,49627539-8840-11ef-9315-525400f334e1
655522,084704.39+375836.0_655522_0.003,13,150.52862689938692,2.292917227823791,0.7479000091552734,desi,1,150.528603592465,2.2929174265826204,0.08384079367398553,0.7473336320058911,0.00012980447758536478,-0.0005663771493823466,True,GALAXY,,DESI-DR1,39089837395032453,,,,,a1d342a5-8784-11ef-9d0e-525400f334e1
661852,144033.82+044830.9_661852_0.001,4,150.1761042558809,2.3045586517877714,1.23580002784729,desi,1,150.1760747729745,2.3045337509435226,0.1388633591115026,1.2357685122836521,4.810517591579845e-05,-3.1515563637896093e-05,True,GALAXY,,DESI-DR1,39627841603637933,,,,,7f8a5da6-89a5-11ef-bdca-525400f334e1
661852,144033.82+044830.9_661852_0.001,4,150.1761042558809,2.3045586517877714,1.23580002784729,desi,2,150.1760747729745,2.3045337509435226,0.1388633591115026,1.2358992767230683,3.741993966305085e-05,9.924887577827946e-05,True,GALAXY,,DESI-DR1,39627841603637933,,,,,c3231573-8812-11ef-b0b0-525400f334e1
661852,144033.82+044830.9_661852_0.001,4,150.1761042558809,2.3045586517877714,1.23580002784729,desi,3,150.1760747729745,2.3045337509435226,0.1388633591115026,1.2357743788139,4.600947944166916e-05,-2.5649033390084952e-05,True,GALAXY,,DESI-EDR,39627841603637933,,,,,eca8f041-9d38-11ee-9fc9-525400ad1336
661714,153458.50+024214.0_661714_1,1,149.97133417814894,2.302839299075518,0.38019999861717224,desi,1,149.97131052065583,2.3028316734611947,0.08941659079594011,0.3795755977248983,2.2019889112345248e-05,-0.0006244008922739464,True,GALAXY,,DESI-DR1,39089837394900354,,,,,5c3ee55e-8787-11ef-8b14-525400f334e1
670260,171304.46+352333.5_670260_0.003,3,149.9133440687946,2.31601451885528,0.08889999985694885,desi,1,149.91332035328855,2.316006315716834,0.09027305901233822,0.08870788440569927,2.1038998896048398e-06,-0.00019211545124958596,True,GALAXY,,DESI-DR1,39089837394900145,,,,,1e944608-8787-11ef-b1bb-525400f334e1
680259,151318.20+010952.6_680259_0.001,3,150.17631036984614,2.327681079759284,0.21969999372959137,desi,1,150.17627454864154,2.3276696731118687,0.13523517242117078,0.21952071125432274,4.577811291781386e-05,-0.00017928247526863283,True,GALAXY,,DESI-DR1,39627841603637938,,,,,0cdcf2a5-8b71-11ef-a9a9-525400f334e1
680259,151318.20+010952.6_680259_0.001,3,150.17631036984614,2.327681079759284,0.21969999372959137,desi,2,150.17627454864154,2.3276696731118687,0.13523517242117078,0.2192518178400426,6.490086345723408e-05,-0.0004481758895487631,True,GALAXY,,DESI-DR1,39627841603637938,,,,,c438787d-88f4-11ef-b670-525400f334e1
680259,151318.20+010952.6_680259_0.001,3,150.17631036984614,2.327681079759284,0.21969999372959137,desi,3,150.17627454864154,2.3276696731118687,0.13523517242117078,0.21924910410773862,6.567592817058896e-05,-0.00045088962185274584,True,GALAXY,,DESI-EDR,39627841603637938,,,,,e5b5b59f-9d14-11ee-910a-525400ad1336
673293,155140.62+094943.1_673293_0.0001,14,150.35140722519668,2.322422705315436,3.1103999614715576,desi,1,150.35139916493424,2.3224112608837704,0.05037893093181912,-0.0005355116374109187,2.664488417446203e-05,-3.1109354731089685,False,GALAXY,,DESI-EDR,234539007868936,,,,,445ac10e-9d29-11ee-bc46-525400ad1336
673293,155140.62+094943.1_673293_0.0001,14,150.35140722519668,2.322422705315436,3.1103999614715576,desi,2,150.35139916493424,2.3224112608837704,0.05037893093181912,-0.0004919193636511229,2.3014253180537726e-05,-3.110891880835209,False,GALAXY,,DESI-DR1,234539007868936,,,,,4a217aae-8840-11ef-ae5c-525400f334e1
678946,170237.72+394135.1_678946_0.003,5,150.31922007822538,2.328652926689399,0.6653000116348267,desi,1,150.3192122608545,2.3286526679582833,0.028134717394984635,0.6634591865991524,8.980219991499418e-05,-0.0018408250356742872,True,GALAXY,,DESI-DR1,39089837395054615,,,,,c77c0133-8787-11ef-87e2-525400f334e1
678699,081520.66+273616.9_678699_0.003,1,149.55614939976962,2.3293681598667413,0.9117000102996826,desi,1,149.55614029758956,2.329337658054602,0.11458372841220209,0.9105882757363607,1.3849986246650044e-05,-0.00111173456332192,True,GALAXY,,DESI-EDR,39627841595245714,,,,,1477314f-9d38-11ee-bc0d-525400ad1336
678699,081520.66+273616.9_678699_0.003,1,149.55614939976962,2.3293681598667413,0.9117000102996826,desi,2,149.55614029758956,2.329337658054602,0.11458372841220209,0.9105864623239242,1.388702510569202e-05,-0.0011135479757584665,True,GALAXY,,DESI-DR1,39627841595245714,,,,,1b782cb2-89a5-11ef-b1aa-525400f334e1
678699,081520.66+273616.9_678699_0.003,1,149.55614939976962,2.3293681598667413,0.9117000102996826,desi,3,149.55614029758956,2.329337658054602,0.11458372841220209,0.9106150998439022,1.5606688737721023e-05,-0.001084910455780408,True,GALAXY,,DESI-DR1,39627841595245714,,,,,b6f8aa3a-8812-11ef-ab66-525400f334e1
659714,163352.27+361916.9_659714_0.1,3,150.31331381093463,2.2991318582228017,0.6680999994277954,desi,1,150.31330316330977,2.299149818816906,0.07515058416669135,0.66690869184737,0.00012454615495254915,-0.0011913075804254047,True,GALAXY,,DESI-DR1,39089837395054589,,,,,cbbc7b74-8787-11ef-bee8-525400f334e1
661259,033627.43+000442.9_661259_1,2,150.25156009011891,2.3016143190817693,0.38589999079704285,desi,1,150.25153960401505,2.3016171378624724,0.07438588852422508,0.3853956630608839,7.578106800776414e-06,-0.0005043277361589382,True,GALAXY,,DESI-DR1,39089837395054378,,,,,cbc98589-8787-11ef-8c70-525400f334e1
628334,140332.86+133218.7_628334_0.03,2,149.9161802919675,2.2533318878508064,1.0994999408721924,desi,1,149.91612165526448,2.253336649656681,0.21162435545372593,1.0992877948444475,2.25269763259674e-05,-0.0002121460277448861,True,GALAXY,,DESI-DR1,39627841599443204,,,,,21fff2ee-89a5-11ef-8bac-525400f334e1
628334,140332.86+133218.7_628334_0.03,2,149.9161802919675,2.2533318878508064,1.0994999408721924,desi,2,149.91612165526448,2.253336649656681,0.21162435545372593,1.0992902824258348,2.232065701953716e-05,-0.00020965844635756348,True,GALAXY,,DESI-EDR,39627841599443204,,,,,224ecd6d-9d38-11ee-948e-525400ad1336
628334,140332.86+133218.7_628334_0.03,2,149.9161802919675,2.2533318878508064,1.0994999408721924,desi,3,149.91612165526448,2.253336649656681,0.21162435545372593,1.0993230332012982,2.652394022640689e-05,-0.00017690767089417747,True,GALAXY,,DESI-DR1,39627841599443204,,,,,d0f14ad5-8812-11ef-95de-525400f334e1
622769,075057.26+353037.6_622769_1,3,150.34549132831341,2.243176739875259,0.18539999425411224,desi,1,150.3454737359373,2.243173404145756,0.0644133109117448,0.18543820892192642,8.815441319911602e-06,3.821466781417371e-05,True,GALAXY,,DESI-DR1,39627841607829911,,,,,3bbaedf3-88f3-11ef-8b4b-525400f334e1
622769,075057.26+353037.6_622769_1,3,150.34549132831341,2.243176739875259,0.18539999425411224,desi,2,150.3454737359373,2.243173404145756,0.0644133109117448,0.18543821598847596,8.770473251141143e-06,3.822173436371368e-05,True,GALAXY,,DESI-EDR,39627841607829911,,,,,b57fa499-9b38-11ee-ab96-525400ad1336
776772,075209.09+414235.5_776772_0.1,6,149.76504689505106,2.475852773424557,0.2614000141620636,desi,1,149.7650029888828,2.475851277788852,0.158006422515274,0.26106051745559095,3.046792301005949e-06,-0.00033949670647265284,True,GALAXY,,DESI-DR1,39627847639236904,,,,,ada3a978-88f4-11ef-92dc-525400f334e1
776772,075209.09+414235.5_776772_0.1,6,149.76504689505106,2.475852773424557,0.2614000141620636,desi,2,149.7650029888828,2.475851277788852,0.158006422515274,0.26106058584943526,3.0482152468251807e-06,-0.0003394283126283426,True,GALAXY,,DESI-EDR,39627847639236904,,,,,b2a5f4c0-9d14-11ee-b2fd-525400ad1336
769557,084205.57+075925.5_769557_0.3,1,149.95689924190876,2.464712727283145,0.13249999284744263,desi,1,149.95688577829097,2.464712583276024,0.048426960211484876,0.13255172312911528,7.995611011598538e-06,5.173028167265725e-05,True,GALAXY,,DESI-DR1,39089837394901354,,,,,a8c8d864-8787-11ef-93d9-525400f334e1
915291,160407.48+521700.9_915291_0.3,1,150.65511321375004,2.688290660547607,0.5504000186920166,desi,1,150.65508999145558,2.6882401944746896,0.19995118128135592,0.5501492573929035,0.00012692889739477855,-0.0002507612991130559,True,GALAXY,,DESI-DR1,39089837395023657,,,,,33f7898d-8789-11ef-982d-525400f334e1
924366,143848.16+310604.7_924366_0.3,1,149.8425299584717,2.7016621564954155,0.7348999977111816,desi,1,149.84250861287612,2.7016675954272418,0.07921669916393344,0.73541688993687,6.0730574253073515e-05,0.0005168922256884034,True,GALAXY,,DESI-DR1,39089837394933742,,,,,71f1d96a-8787-11ef-9921-525400f334e1
915039,160724.72+444809.9_915039_0.3,20,150.64997392782675,2.6872662181821,0.520799994468689,desi,1,150.6499440559437,2.687240519396619,0.14176850805836558,0.5205574091998738,0.00013886360738209585,-0.0002425852688151542,True,GALAXY,,DESI-DR1,39089837395023636,,,,,1758b5eb-8789-11ef-968b-525400f334e1
697367,161016.47+303945.9_697367_1,1,150.6724401082167,2.3565496575525664,1.027999997138977,desi,1,150.67241531977714,2.35653112626579,0.11135798382734113,0.932752477574551,2.232146096148817e-46,-0.09524751956442601,False,GALAXY,,DESI-DR1,39627841612025930,,,,,19f8dfc9-87f0-11ef-a16e-525400f334e1
697367,161016.47+303945.9_697367_1,1,150.6724401082167,2.3565496575525664,1.027999997138977,desi,2,150.67241531977714,2.35653112626579,0.11135798382734113,-0.0019956912923479522,4.1311493573349107e-48,-1.029995688431325,False,STAR,,DESI-EDR,39627841612025930,,,,,32c31454-9c31-11ee-9052-525400ad1336
712113,145221.62+002359.8_712113_0.3,1,150.25268220801956,2.3779345466257213,0.46779999136924744,desi,1,150.25264337432463,2.37795304382221,0.1547416360393259,0.4672909534308838,1.8278740772547368e-05,-0.0005090379383636545,True,GALAXY,,DESI-DR1,39089837395008565,,,,,c65a9325-8787-11ef-9509-525400f334e1
718174,074914.60+175631.9_718174_1,1,149.56447674583893,2.3850951896613477,0.42570000886917114,desi,1,149.5644573852301,2.3850764337515717,0.09699766731950253,0.4245720552820375,1.7006184346402072e-05,-0.0011279535871336344,True,GALAXY,,DESI-DR1,39627847635043631,,,,,461654ea-87b8-11ef-bfe8-525400f334e1
718174,074914.60+175631.9_718174_1,1,149.56447674583893,2.3850951896613477,0.42570000886917114,desi,2,149.5644573852301,2.3850764337515717,0.09699766731950253,0.4245362022411471,1.782177912441622e-05,-0.0011638066280240666,True,GALAXY,,DESI-DR1,39089837394897205,,,,,49b96f5e-8787-11ef-a956-525400f334e1
718174,074914.60+175631.9_718174_1,1,149.56447674583893,2.3850951896613477,0.42570000886917114,desi,3,149.5644573852301,2.3850764337515717,0.09699766731950253,0.42457311271067577,1.7274714207422337e-05,-0.0011268961584953718,True,GALAXY,,DESI-EDR,39627847635043631,,,,,bd44e8d0-9cb1-11ee-a050-525400ad1336
926908,082231.53+231152.0_926908_0.3,1,149.9792501162462,2.7060548450666375,0.6470000147819519,desi,1,149.97925095582787,2.7060789155814655,0.08670643236164018,0.6468892836789061,2.3586765862533705e-05,-0.00011073110304582467,True,GALAXY,,DESI-DR1,39089837394934252,,,,,90dcb083-8787-11ef-bfe4-525400f334e1
903376,034534.10-000359.7_903376_1,13,150.48537643893988,2.668023461663709,0.7437999844551086,desi,1,150.48532778194252,2.668026552884865,0.17532883764705995,0.7433481361435609,3.2698681407999576e-05,-0.0004518483115477645,True,GALAXY,,DESI-DR1,39089837395052856,,,,,045c9e41-8789-11ef-ac7e-525400f334e1
875670,160855.60+155200.2_875670_0.001,7,150.37101432114963,2.624850275229785,0.12240000069141388,desi,1,150.37100029215253,2.6248462661183014,0.052475228114913126,0.12230578555781484,4.62381096724797e-05,-9.421513359904321e-05,True,GALAXY,,DESI-EDR,39627847647628192,,,,,112a7fc7-9cf1-11ee-9781-525400ad1336
875670,160855.60+155200.2_875670_0.001,7,150.37101432114963,2.624850275229785,0.12240000069141388,desi,2,150.37100029215253,2.6248462661183014,0.052475228114913126,0.1223344696953238,4.291074402778529e-05,-6.553099609007962e-05,True,GALAXY,,DESI-DR1,39627847647628192,,,,,1e49c39e-8b71-11ef-b87c-525400f334e1
875670,160855.60+155200.2_875670_0.001,7,150.37101432114963,2.624850275229785,0.12240000069141388,desi,3,150.37100029215253,2.6248462661183014,0.052475228114913126,0.12223715689876417,3.9387928848643725e-05,-0.0001628437926497056,True,GALAXY,,DESI-EDR,39627847647628192,,,,,3c27b9c6-9c71-11ee-a4f0-525400ad1336
875670,160855.60+155200.2_875670_0.001,7,150.37101432114963,2.624850275229785,0.12240000069141388,desi,4,150.37100029215253,2.6248462661183014,0.052475228114913126,0.12229584910457318,4.488189852351567e-05,-0.00010415158684069781,True,GALAXY,,DESI-DR1,39627847647628192,,,,,4cb0c0e0-88f5-11ef-b9c8-525400f334e1
875670,160855.60+155200.2_875670_0.001,7,150.37101432114963,2.624850275229785,0.12240000069141388,desi,5,150.37100029215253,2.6248462661183014,0.052475228114913126,0.12223058847157887,3.91386795132005e-05,-0.0001694122198350051,True,GALAXY,,DESI-DR1,39627847647628192,,,,,6bc2d470-87b8-11ef-9f60-525400f334e1
881136,110022.09+645812.9_881136_0.1,2,149.4584282444874,2.6352181510723884,0.8787000179290771,desi,1,149.45837706809607,2.635231592838094,0.19029559649771816,0.8774898208640617,2.4659365706157345e-05,-0.0012101970650154614,True,GALAXY,,DESI-DR1,39627853670649430,,,,,29fceb3a-89a5-11ef-86ac-525400f334e1
881136,110022.09+645812.9_881136_0.1,2,149.4584282444874,2.6352181510723884,0.8787000179290771,desi,2,149.45837706809607,2.635231592838094,0.19029559649771816,0.8775008451705357,2.557305988960679e-05,-0.0011991727585414225,True,GALAXY,,DESI-EDR,39627853670649430,,,,,337168d3-9d38-11ee-b0aa-525400ad1336
881136,110022.09+645812.9_881136_0.1,2,149.4584282444874,2.6352181510723884,0.8787000179290771,desi,3,149.45837706809607,2.635231592838094,0.19029559649771816,0.8774757711996959,3.2486958147065934e-05,-0.001224246729381262,True,GALAXY,,DESI-DR1,39627853670649430,,,,,b234d8c1-8812-11ef-9b86-525400f334e1
891438,085353.71+142920.2_891438_0.0003,21,149.59590066517845,2.6522657960159712,0.4821000099182129,desi,1,149.59588785838574,2.6522690653889844,0.04753520689572784,0.482904373981609,6.347307397455056e-05,0.0008043640633961235,True,GALAXY,,DESI-DR1,39627853674841883,,,,,4222fb29-89a5-11ef-804c-525400f334e1
891438,085353.71+142920.2_891438_0.0003,21,149.59590066517845,2.6522657960159712,0.4821000099182129,desi,2,149.59588785838574,2.6522690653889844,0.04753520689572784,0.48273338014393036,2.9079830467642097e-05,0.0006333702257174667,True,GALAXY,,DESI-DR1,39627853674841883,,,,,57cdd222-87f0-11ef-9e12-525400f334e1
891438,085353.71+142920.2_891438_0.0003,21,149.59590066517845,2.6522657960159712,0.4821000099182129,desi,3,149.59588785838574,2.6522690653889844,0.04753520689572784,0.48294493281610756,8.205451776549986e-05,0.0008449228978946732,True,GALAXY,,DESI-EDR,39627853674841883,,,,,67cec66e-9d38-11ee-baf4-525400ad1336
891438,085353.71+142920.2_891438_0.0003,21,149.59590066517845,2.6522657960159712,0.4821000099182129,desi,4,149.59588785838574,2.6522690653889844,0.04753520689572784,0.48283985731061063,7.483881770255401e-05,0.0007398473923977411,True,GALAXY,,DESI-DR1,39627853674841883,,,,,c933fd3e-8812-11ef-b44b-525400f334e1
891438,085353.71+142920.2_891438_0.0003,21,149.59590066517845,2.6522657960159712,0.4821000099182129,desi,5,149.59588785838574,2.6522690653889844,0.04753520689572784,0.48273073418352536,2.8846644115290952e-05,0.0006307242653124656,True,GALAXY,,DESI-EDR,39627853674841883,,,,,caa06412-9b0a-11ee-980b-525400ad1336
886081,154641.59+160930.3_886081_1,3,149.97785221607896,2.6411389529244302,0.5041000247001648,desi,1,149.97784150305796,2.6411494909921167,0.05406907457665262,0.5029194210279369,6.981327704996528e-05,-0.0011806036722279423,True,GALAXY,,DESI-DR1,39089837394934245,,,,,a2549f51-8787-11ef-b5a6-525400f334e1
861502,092708.88+582319.4_861502_0.1,3,150.40875593000763,2.607350699041744,1.9192999601364136,desi,1,150.40872321914202,2.60732365877404,0.1526910419346525,0.4731427296095663,8.369536160412389e-05,-1.4461572305268473,False,GALAXY,,DESI-DR1,39627847647629271,,,,,24d436aa-8813-11ef-af48-525400f334e1
861502,092708.88+582319.4_861502_0.1,3,150.40875593000763,2.607350699041744,1.9192999601364136,desi,2,150.40872321914202,2.60732365877404,0.1526910419346525,1.1466249045648889,6.924389245462241e-05,-0.7726750555715247,False,GALAXY,,DESI-DR1,39627847647629271,,,,,4ee385f5-89a6-11ef-881d-525400f334e1
861502,092708.88+582319.4_861502_0.1,3,150.40875593000763,2.607350699041744,1.9192999601364136,desi,3,150.40872321914202,2.60732365877404,0.1526910419346525,1.1466274147521334,6.831696263543664e-05,-0.7726725453842802,False,GALAXY,,DESI-EDR,39627847647629271,,,,,804e6987-9ca3-11ee-ba06-525400ad1336
870906,161348.24+522541.4_870906_0.003,3,149.78179227011574,2.6203835010695746,0.6116999983787537,desi,1,149.78175193119318,2.6203940627934212,0.14996830402252034,0.6111505451379686,0.00012750140614496995,-0.0005494532407850361,True,GALAXY,,DESI-DR1,39089837394900579,,,,,8e6ee24c-8787-11ef-8325-525400f334e1
886886,151445.81+152420.9_886886_1,1,150.63146580014896,2.6442597186948253,0.40310001373291016,desi,1,150.63144689975144,2.6442215805064446,0.1532004577279888,0.40210285845111077,9.686181286495173e-06,-0.000997155281799389,True,GALAXY,,DESI-DR1,39089837395023568,,,,,f27bd8cd-8788-11ef-a19a-525400f334e1
862319,145032.97+050822.4_862319_0.03,4,149.86918689351776,2.6084141064906317,1.6440999507904053,desi,1,149.8691644561788,2.60841940966828,0.08291849549303557,1.1670195161138597,5.275029347118976e-05,-0.4770804346765456,False,GALAXY,,DESI-DR1,39627847639239083,,,,,6daa9cf0-89a5-11ef-bc61-525400f334e1
862319,145032.97+050822.4_862319_0.03,4,149.86918689351776,2.6084141064906317,1.6440999507904053,desi,2,149.8691644561788,2.60841940966828,0.08291849549303557,1.1670144212938247,5.493133453841185e-05,-0.47708552949658056,False,GALAXY,,DESI-EDR,39627847639239083,,,,,c6fa9c15-9d38-11ee-bc89-525400ad1336
678254,140331.83+040455.1_678254_0.01,1,149.9683942722148,2.32721309096704,0.357699990272522,desi,1,149.96838648327298,2.327207443692468,0.034616071672686224,0.35751598902741893,2.7329224816671687e-06,-0.00018400124510303817,True,GALAXY,,DESI-DR1,39089837394900340,,,,,8a586f84-8787-11ef-8245-525400f334e1
653696,081318.52+310607.0_653696_0.3,1,149.5729708600642,2.2914712232600616,1.1274000406265259,desi,1,149.57294770526642,2.291473775176031,0.0837957385245269,1.1268561365145942,1.3209339721863113e-05,-0.0005439041119317256,True,GALAXY,,DESI-DR1,39627841595246113,,,,,21cd8c3c-89a5-11ef-9cba-525400f334e1
653696,081318.52+310607.0_653696_0.3,1,149.5729708600642,2.2914712232600616,1.1274000406265259,desi,2,149.57294770526642,2.291473775176031,0.0837957385245269,1.1268562631564698,1.3078098262920256e-05,-0.0005437774700560727,True,GALAXY,,DESI-EDR,39627841595246113,,,,,21de3f27-9d38-11ee-a6db-525400ad1336
653696,081318.52+310607.0_653696_0.3,1,149.5729708600642,2.2914712232600616,1.1274000406265259,desi,3,149.57294770526642,2.291473775176031,0.0837957385245269,1.1268176729520072,2.2545341454158373e-05,-0.0005823676745186912,True,GALAXY,,DESI-DR1,39627841595246113,,,,,c1a3ed59-8812-11ef-a336-525400f334e1
472615,142715.08+232911.0_472615_0.03,2,149.67139154118283,2.014611854989718,0.22380000352859497,desi,1,149.67139086295754,2.014592664331434,0.06912944808487359,0.22355589427327505,6.043132156737047e-06,-0.00024410925531992422,True,GALAXY,,DESI-DR1,39089837394921574,,,,,0c2184ab-8787-11ef-b44c-525400f334e1
353648,141528.13+010641.0_353648_0.0003,9,149.77770004645888,1.8252916148266844,0.266400009393692,desi,1,149.7776641194781,1.825260983207201,0.16991597884449666,0.26594158161533227,3.0941252623902226e-05,-0.000458427778359749,True,GALAXY,,DESI-DR1,39089837394919325,,,,,ece865ec-8786-11ef-a979-525400f334e1
427833,085337.96+535351.8_427833_0.003,1,150.32680874906208,1.9449232014413556,1.7127000093460083,desi,1,150.32675806236418,1.9449487468993087,0.20424258170681034,1.5195575248008812,6.758196677045704e-05,-0.19314248454512706,False,GALAXY,,DESI-EDR,39627835568031409,,,,,23542c38-9b8e-11ee-b9ba-525400ad1336
427833,085337.96+535351.8_427833_0.003,1,150.32680874906208,1.9449232014413556,1.7127000093460083,desi,2,150.32675806236418,1.9449487468993087,0.20424258170681034,0.8849523206678277,0.00010910232225636658,-0.8277476886781806,False,GALAXY,,DESI-DR1,39627835568031409,,,,,7840dce9-8811-11ef-b45e-525400f334e1
427833,085337.96+535351.8_427833_0.003,1,150.32680874906208,1.9449232014413556,1.7127000093460083,desi,3,150.32675806236418,1.9449487468993087,0.20424258170681034,0.6127821968470549,7.258682035584059e-05,-1.0999178124989535,False,GALAXY,,DESI-DR1,39627835568031409,,,,,a0c031ea-89a3-11ef-a7c4-525400f334e1
423644,090315.19+252401.0_423644_0.03,1,149.4734014629511,1.9354244366681312,0.3084999918937683,desi,1,149.47337665277365,1.9354214876586766,0.0898947795042704,0.30806072307683535,5.187781023078737e-06,-0.0004392688169329584,True,GALAXY,,DESI-DR1,39089837394903413,,,,,f8b4a2eb-8781-11ef-8c76-525400f334e1
423644,090315.19+252401.0_423644_0.03,1,149.4734014629511,1.9354244366681312,0.3084999918937683,desi,2,149.47337665277362,1.9354214876586768,0.08989477960564553,0.30806722469503683,3.84738629891791e-06,-0.0004327671987314763,True,GALAXY,,DESI-EDR,39627835551257347,,,,,608eeaa8-9c81-11ee-9702-525400ad1336
423644,090315.19+252401.0_423644_0.03,1,149.4734014629511,1.9354244366681312,0.3084999918937683,desi,3,149.47337665277362,1.9354214876586768,0.08989477960564553,0.30806688708172913,3.7927090126667875e-06,-0.0004331048120391756,True,GALAXY,,DESI-DR1,39627835551257347,,,,,aa518ad5-89a1-11ef-b01d-525400f334e1
338583,085919.93+514630.9_338583_0.003,7,149.63141619086323,1.8010919367072202,0.3856000006198883,desi,1,149.63137870027694,1.8010309104001254,0.257805393783086,0.3851006361984308,2.974324014876855e-06,-0.0004993644214574822,True,GALAXY,,DESI-EDR,39627829515651649,,,,,cac23d00-9cbb-11ee-84e0-525400ad1336
338583,085919.93+514630.9_338583_0.003,7,149.63141619086323,1.8010919367072202,0.3856000006198883,desi,2,149.63137870027694,1.8010309104001254,0.257805393783086,0.3851009600757709,2.97777461528666e-06,-0.0004990405441174239,True,GALAXY,,DESI-DR1,39627829515651649,,,,,e50f8652-88f1-11ef-bf38-525400f334e1
306639,081353.37+530113.5_306639_0.0001,3,150.00617356193536,1.7501848769865749,0.33799999952316284,desi,1,150.00615027355659,1.7502083382982307,0.11897854703017836,0.33716856406093443,6.193430400942688e-06,-0.0008314354622284137,True,GALAXY,,DESI-DR1,39089837395058057,,,,,5feb9150-8784-11ef-baea-525400f334e1
298010,080002.81+440011.4_298010_0.01,16,150.0728093861627,1.7361265216763444,0.8364999890327454,desi,1,150.07278507852905,1.7361118599992886,0.10215906268895647,0.836997101758649,0.00010824378220337068,0.0004971127259036923,True,GALAXY,,DESI-DR1,39627829524039182,,,,,07859216-89a3-11ef-974f-525400f334e1
298010,080002.81+440011.4_298010_0.01,16,150.0728093861627,1.7361265216763444,0.8364999890327454,desi,2,150.07278507852905,1.7361118599992886,0.10215906268895647,0.8366102833109317,9.805390463531972e-05,0.0001102942781863181,True,GALAXY,,DESI-DR1,39627829524039182,,,,,438f50bd-8811-11ef-acc5-525400f334e1
298010,080002.81+440011.4_298010_0.01,16,150.0728093861627,1.7361265216763444,0.8364999890327454,desi,3,150.07278507852905,1.7361118599992886,0.10215906268895647,0.8374034857179186,0.00035871583050539613,0.0009034966851731996,True,GALAXY,,DESI-EDR,39627829524039182,,,,,d0036a50-9b8c-11ee-a184-525400ad1336
286089,023044.94-093123.0_286089_0.1,2,149.83692371065297,1.7182657208633396,0.7627999782562256,desi,1,149.83688591748594,1.7182448537668864,0.1553630460656424,0.7617962816766463,3.5555850295098547e-05,-0.0010036965795793273,True,GALAXY,,DESI-DR1,39089837394919532,,,,,e77d20e9-8780-11ef-bc17-525400f334e1
259971,135836.32+104033.0_259971_0.003,10,149.4614444708666,1.674960497035436,0.8058000206947327,desi,1,149.46145580110118,1.6749524862599785,0.04993980697469623,0.025211332238862814,3.941650002895332e-06,-0.7805886884558698,False,GALAXY,,DESI-DR1,39627829511459760,,,,,4992e0c8-89a1-11ef-8579-525400f334e1
259971,135836.32+104033.0_259971_0.003,10,149.4614444708666,1.674960497035436,0.8058000206947327,desi,2,149.46145580110118,1.6749524862599785,0.04993980697469623,0.025210258674058492,3.9540339662638875e-06,-0.7805897620206742,False,GALAXY,,DESI-EDR,39627829511459760,,,,,8f125b12-9c80-11ee-a43b-525400ad1336
259971,135836.32+104033.0_259971_0.003,10,149.4614444708666,1.674960497035436,0.8058000206947327,desi,3,149.46145580110118,1.6749524862599785,0.04993980697469623,0.025198817629429066,4.734589651335944e-06,-0.7806012030653036,False,GALAXY,,DESI-DR1,39627829511459760,,,,,a43c2c75-880b-11ef-a771-525400f334e1
620113,155507.28+141817.9_620113_1,1,150.2248750423584,2.236916033367712,0.36239999532699585,desi,1,150.2248378129142,2.236925863681891,0.1385207310076317,0.3617163306584255,0.00010510354543135378,-0.0006836646685703385,True,GALAXY,,DESI-DR1,39627841603639217,,,,,410c6a24-87b8-11ef-95f2-525400f334e1
620113,155507.28+141817.9_620113_1,1,150.2248750423584,2.236916033367712,0.36239999532699585,desi,2,150.2248378129142,2.236925863681891,0.1385207310076317,0.3616875079927001,9.9949437561526e-05,-0.0007124873342957416,True,GALAXY,,DESI-EDR,39627841603639217,,,,,b33c44ac-9cb1-11ee-8b59-525400ad1336
630683,161436.81+283905.9_630683_0.1,2,149.9128720281459,2.2544188504038023,0.3255000114440918,desi,1,149.91283635444978,2.2544171217601865,0.12847671086985948,0.3255666967575322,7.451632555272866e-05,6.668531344039552e-05,True,GALAXY,,DESI-DR1,39089837394900144,,,,,f9411bd6-8786-11ef-8d0d-525400f334e1
313620,161700.81+124332.2_313620_0.01,1,150.41363658325395,1.7624744504272574,0.36149999499320984,desi,1,150.41363905493992,1.7624576528708313,0.06112174044157942,0.3611825974331097,4.249759592548225e-06,-0.00031739756010013,True,GALAXY,,DESI-DR1,39089837395048686,,,,,d22c4e68-8784-11ef-90e7-525400f334e1
230041,081051.58+205758.1_230041_0.03,34,149.62484215067008,1.6263316193216095,0.5745000243186951,desi,1,149.6248456373045,1.6263071921482994,0.08882839503066564,0.5742142094391417,0.00011023166627694851,-0.00028581487955336993,True,GALAXY,,DESI-DR1,39089837394898317,,,,,f14f87d0-8780-11ef-a3fe-525400f334e1
283593,083000.35+343238.7_283593_0.3,3,150.162406237291,1.7144864482213287,0.7426000237464905,desi,1,150.16237687524685,1.7144863785356865,0.1056563363150716,0.7418114926085202,3.107253089540347e-05,-0.0007885311379702831,True,GALAXY,,DESI-DR1,39089837395058577,,,,,44a90155-8784-11ef-83e0-525400f334e1
226550,074914.60+175631.9_226550_0.3,1,150.14479076590848,1.623507369006218,0.4259999990463257,desi,1,150.14476884154556,1.6235157850472013,0.084513525096748,0.4256135086015288,0.0001653366045836273,-0.0003864904447968831,True,GALAXY,,DESI-DR1,39089837395057594,,,,,53a087bf-8784-11ef-b7b6-525400f334e1
233582,023030.37-004513.8_233582_0.3,2,149.7956002429849,1.6328885575144207,0.5077999830245972,desi,1,149.79557721482738,1.6328539184880049,0.1497239785620066,0.5072211310656566,9.580187854987124e-05,-0.0005788519589405849,True,GALAXY,,DESI-DR1,39089837394919390,,,,,a3439448-8780-11ef-9c5a-525400f334e1
247669,161047.73+330337.5_247669_0.001,1,150.02828858130724,1.6587765681258977,0.09160000085830688,desi,1,150.02827409910185,1.6587771296542866,0.05215328383338285,0.09151419108478556,1.9177204268832754e-06,-8.580977352132257e-05,True,GALAXY,,DESI-DR1,39627829524038243,,,,,05a91708-87b8-11ef-823b-525400f334e1
247669,161047.73+330337.5_247669_0.001,1,150.02828858130724,1.6587765681258977,0.09160000085830688,desi,2,150.02827409910185,1.6587771296542866,0.05215328383338285,0.09156361370461216,4.434605931942275e-06,-3.638715369472245e-05,True,GALAXY,,DESI-DR1,39627829524038243,,,,,1ab2720d-88f3-11ef-b7e7-525400f334e1
247669,161047.73+330337.5_247669_0.001,1,150.02828858130724,1.6587765681258977,0.09160000085830688,desi,3,150.02827409910185,1.6587771296542866,0.05215328383338285,0.0915630386565089,4.4366684462277954e-06,-3.69622017979826e-05,True,GALAXY,,DESI-EDR,39627829524038243,,,,,6e977844-9b38-11ee-b01f-525400ad1336
247669,161047.73+330337.5_247669_0.001,1,150.02828858130724,1.6587765681258977,0.09160000085830688,desi,4,150.02827409910185,1.6587771296542866,0.05215328383338285,0.0915144181477026,1.983971012749108e-06,-8.558271060428446e-05,True,GALAXY,,DESI-EDR,39627829524038243,,,,,a4685343-9be8-11ee-82b9-525400ad1336
630909,150348.11+104251.4_630909_0.03,2,149.90406450668053,2.2574830360782743,1.3199000358581543,desi,1,149.9040457729898,2.257480835084056,0.06785317296333848,1.32291281650196,8.254286411777278e-05,0.0030127806438056126,True,GALAXY,,DESI-DR1,39627841599442848,,,,,5c105364-89a5-11ef-91e7-525400f334e1
630909,150348.11+104251.4_630909_0.03,2,149.90406450668053,2.2574830360782743,1.3199000358581543,desi,2,149.9040457729898,2.257480835084056,0.06785317296333848,1.322897429314725,4.770741458169694e-05,0.002997393456570796,True,GALAXY,,DESI-EDR,39627841599442848,,,,,9f308f5e-9d38-11ee-9089-525400ad1336
885785,075418.09+183949.0_885785_0.1,1,149.87951895411038,2.644136713559978,1.4407999515533447,desi,1,149.87955953837343,2.6441575899249674,0.16416156549791913,1.4409195903336602,2.6185085142368803e-05,0.0001196387803155119,True,GALAXY,,DESI-DR1,39627853679036711,,,,,655d7459-89a5-11ef-a844-525400f334e1
885785,075418.09+183949.0_885785_0.1,1,149.87951895411038,2.644136713559978,1.4407999515533447,desi,2,149.87955953837343,2.6441575899249674,0.16416156549791913,1.4409121258409332,2.6659564950660228e-05,0.00011217428758847348,True,GALAXY,,DESI-EDR,39627853679036711,,,,,b391536e-9d38-11ee-affd-525400ad1336
885785,075418.09+183949.0_885785_0.1,1,149.87951895411038,2.644136713559978,1.4407999515533447,desi,3,149.87955953837343,2.6441575899249674,0.16416156549791913,1.4408776256265825,4.5678553679472197e-05,7.767407323777675e-05,True,GALAXY,,DESI-DR1,39627853679036711,,,,,cfeea655-8812-11ef-9539-525400f334e1
367910,165006.23+215451.8_367910_0.01,1,149.69397792964628,1.8486617442958146,0.18790000677108765,desi,1,149.6939352244013,1.8486485697737132,0.1608119661900791,0.18726586378066967,5.233321833324647e-06,-0.0006341429904179741,True,GALAXY,,DESI-DR1,39089837394898551,,,,,b9b6f4d2-8781-11ef-b63d-525400f334e1
631878,110022.09+645812.9_631878_0.1,2,150.35660379736692,2.2586727962506354,0.8802000284194946,desi,1,150.35658519215693,2.2586769244763425,0.06855693418963787,0.8796896356201381,1.4116366516785778e-05,-0.0005103927993564961,True,GALAXY,,DESI-DR1,39627841607830214,,,,,5bc3ad59-89a3-11ef-9889-525400f334e1
631878,110022.09+645812.9_631878_0.1,2,150.35660379736692,2.2586727962506354,0.8802000284194946,desi,2,150.35658519215693,2.2586769244763425,0.06855693418963787,0.8797048202191999,1.6500401000381454e-05,-0.0004952082002946945,True,GALAXY,,DESI-DR1,39627841607830214,,,,,6775fb89-8811-11ef-b689-525400f334e1
631878,110022.09+645812.9_631878_0.1,2,150.35660379736692,2.2586727962506354,0.8802000284194946,desi,3,150.35658519215693,2.2586769244763425,0.06855693418963787,0.8796882726461098,1.406867769895859e-05,-0.0005117557733848033,True,GALAXY,,DESI-EDR,39627841607830214,,,,,8aaf7684-9b8d-11ee-8a84-525400ad1336
441145,165238.29+414035.4_441145_0.03,1,150.344230296978,1.966128405602457,0.8396999835968018,desi,1,150.34420459548116,1.9661255524759025,0.09303961133670939,0.8388110374317173,3.115203329087272e-05,-0.0008889461650845032,True,GALAXY,,DESI-DR1,39627835568031843,,,,,791bb140-8811-11ef-ad2d-525400f334e1
260267,075057.26+353037.6_260267_1,3,150.23716518740412,1.6772267293115266,0.18539999425411224,desi,1,150.23712626498337,1.6771930421382675,0.18526828010960592,0.18461568070522164,1.0250729570082468e-05,-0.0007843135488906083,True,GALAXY,,DESI-EDR,39627829524042776,,,,,2646103b-9b39-11ee-a906-525400ad1336
260267,075057.26+353037.6_260267_1,3,150.23716518740412,1.6772267293115266,0.18539999425411224,desi,2,150.23712626498337,1.6771930421382675,0.18526828010960592,0.18461613421021153,1.0286635824085805e-05,-0.0007838600439007137,True,GALAXY,,DESI-DR1,39627829524042776,,,,,70730e83-88f3-11ef-93fa-525400f334e1
263131,090731.92+441613.1_263131_0.1,1,150.38170339227963,1.6823766116675052,0.7056000232696533,desi,1,150.38168897900636,1.682356768148511,0.08827921097371472,0.7043833287346535,0.0001353925498104216,-0.0012166945349998404,True,GALAXY,,DESI-DR1,39089837395048577,,,,,d6e75e79-8784-11ef-81ce-525400f334e1
246196,150527.60+294718.3_246196_1,1,149.86793325048544,1.654149030526897,0.5307999849319458,desi,1,149.8679144671976,1.6541196547836596,0.12550801035458553,0.5309886211678366,5.196685464874605e-05,0.00018863623589082668,True,GALAXY,,DESI-DR1,39089837394919620,,,,,64ea256a-8780-11ef-b17f-525400f334e1
279405,170811.61+244313.3_279405_1,5,150.2782232165124,1.7076097736503968,0.8080999851226807,desi,1,150.27819922429632,1.7075912321118203,0.10912834251675169,0.807596780864355,0.0002393558533943935,-0.000503204258325618,True,GALAXY,,DESI-DR1,39627829528232524,,,,,0d31494d-89a3-11ef-91e3-525400f334e1
279405,170811.61+244313.3_279405_1,5,150.2782232165124,1.7076097736503968,0.8080999851226807,desi,2,150.27819922429632,1.7075912321118203,0.10912834251675169,0.8077853200086424,7.928800527299485e-05,-0.00031466511403821507,True,GALAXY,,DESI-DR1,39627829528232524,,,,,95b4f62e-8811-11ef-9568-525400f334e1
279405,170811.61+244313.3_279405_1,5,150.2782232165124,1.7076097736503968,0.8080999851226807,desi,3,150.27819922429632,1.7075912321118203,0.10912834251675169,0.8077191225792875,0.00020477593878133143,-0.00038086254339320114,True,GALAXY,,DESI-EDR,39627829528232524,,,,,dc9a9163-9b8c-11ee-84ab-525400ad1336
290719,151931.99+362025.2_290719_0.003,4,150.28848935809174,1.7278728328796873,1.3589999675750732,desi,1,150.28847279280936,1.7278569438280496,0.08261361227319318,1.3592459334561238,3.725531454329923e-05,0.00024596588105052497,True,GALAXY,,DESI-EDR,39627829528232740,,,,,148f2b97-9b8e-11ee-87fc-525400ad1336
290719,151931.99+362025.2_290719_0.003,4,150.28848935809174,1.7278728328796873,1.3589999675750732,desi,2,150.28847279280936,1.7278569438280496,0.08261361227319318,1.3592677278843979,4.080207318590914e-05,0.00026776030932462724,True,GALAXY,,DESI-DR1,39627829528232740,,,,,70cfb6b2-8811-11ef-af2a-525400f334e1
290719,151931.99+362025.2_290719_0.003,4,150.28848935809174,1.7278728328796873,1.3589999675750732,desi,3,150.28847279280936,1.7278569438280496,0.08261361227319318,1.3592485298340378,3.752665507146778e-05,0.0002485622589645242,True,GALAXY,,DESI-DR1,39627829528232740,,,,,99e34b37-89a3-11ef-a3b3-525400f334e1
298494,032536.90-005328.4_298494_1,2,150.3697840985232,1.7395729710076293,0.4156000018119812,desi,1,150.3697381704422,1.7395593702970524,0.17236535779118764,0.41516444099886224,3.686332489968343e-06,-0.00043556081311896255,True,GALAXY,,DESI-DR1,39089837395048532,,,,,d2f6e460-8784-11ef-beed-525400f334e1
295279,165641.50+372639.7_295279_0.1,1,149.93389575967987,1.7333709340583534,0.48080000281333923,desi,1,149.93385204935848,1.7333698407322276,0.15733439239126798,0.4799698914749227,0.0001339153551453624,-0.0008301113384165393,True,GALAXY,,DESI-DR1,39089837394919822,,,,,4033f774-8784-11ef-b00e-525400f334e1
267329,081738.33+242330.0_267329_0.03,2,150.23629105630036,1.6875596214225785,0.275299996137619,desi,1,150.23625083448894,1.6875382063313336,0.16398769467555666,0.2746900736185245,7.725486110948564e-06,-0.0006099225190945301,True,GALAXY,,DESI-DR1,39089837395058946,,,,,dd3e8ef6-8784-11ef-9753-525400f334e1
259740,172133.61+561220.9_259740_0.03,1,150.4894646430298,1.6767025408350174,0.8349999785423279,desi,1,150.4894432668234,1.6766867949882935,0.09555153394921462,0.833700291141145,3.115489029541107e-05,-0.001299687401182914,True,GALAXY,,DESI-DR1,39627829528237238,,,,,4ca293b2-8811-11ef-98d9-525400f334e1
259740,172133.61+561220.9_259740_0.03,1,150.4894646430298,1.6767025408350174,0.8349999785423279,desi,2,150.4894432668234,1.6766867949882935,0.09555153394921462,0.8336943235305692,2.1041037005232802e-05,-0.0013056550117587218,True,GALAXY,,DESI-DR1,39627829528237238,,,,,729a60b5-89a3-11ef-b523-525400f334e1
259740,172133.61+561220.9_259740_0.03,1,150.4894646430298,1.6767025408350174,0.8349999785423279,desi,3,150.4894432668234,1.6766867949882935,0.09555153394921462,0.8337160228681135,9.154424449488276e-06,-0.0012839556742143543,True,GALAXY,,DESI-EDR,39627829528237238,,,,,a0887cc7-9afb-11ee-823e-525400ad1336
259740,172133.61+561220.9_259740_0.03,1,150.4894646430298,1.6767025408350174,0.8349999785423279,desi,4,150.4894432668234,1.6766867949882935,0.09555153394921462,0.8336998931966103,2.113569318223406e-05,-0.001300085345717572,True,GALAXY,,DESI-EDR,39627829528237238,,,,,be59cdb1-9b8d-11ee-8136-525400ad1336
259740,172133.61+561220.9_259740_0.03,1,150.4894646430298,1.6767025408350174,0.8349999785423279,desi,5,150.4894432668234,1.6766867949882935,0.09555153394921462,0.833716010781398,9.194198755582427e-06,-0.0012839677609298716,True,GALAXY,,DESI-DR1,39627829528237238,,,,,dff217ab-87ef-11ef-b2b4-525400f334e1
556579,080422.61+192638.7_556579_0.001,6,149.5739208701467,2.144380744419259,0.2847000062465668,desi,1,149.57390973835672,2.14436130391129,0.08063329837912973,0.2844649040427585,1.4458405380821968e-05,-0.0002351022038082906,True,GALAXY,,DESI-DR1,39089837394932680,,,,,06e30ae4-8787-11ef-b826-525400f334e1
550145,091057.49+530913.6_550145_0.003,6,150.01792438658273,2.138050533990273,3.087599992752075,desi,1,150.01788194346838,2.1380340011269,0.16387895399257843,0.932752477574551,2.232146096148817e-46,-2.154847515177524,False,GALAXY,,DESI-DR1,234539003674626,,,,,239bb059-8840-11ef-b8e3-525400f334e1
550145,091057.49+530913.6_550145_0.003,6,150.01792438658273,2.138050533990273,3.087599992752075,desi,2,150.01788194346838,2.1380340011269,0.16387895399257843,-0.0019956912923479522,4.1311493573349107e-48,-3.089595684044423,False,STAR,,DESI-EDR,234539003674626,,,,,f0c1668b-9d28-11ee-b31c-525400ad1336
549408,161721.77+232559.3_549408_0.001,4,150.41380201111423,2.1373724169891735,3.149399995803833,desi,1,150.41377725619844,2.1373405340507596,0.1452757349222716,0.006948547342529991,2.958810023740858e-05,-3.142451448461303,False,GALAXY,,DESI-DR1,39089837390696711,,,,,79957049-8784-11ef-a3dd-525400f334e1
574979,145658.34+195703.8_574979_0.03,3,149.46844273194372,2.172171209428344,0.49889999628067017,desi,1,149.4684247681079,2.1721739177074704,0.0653546843870197,0.4985804546544809,2.3674114909534125e-05,-0.00031954162618924586,True,GALAXY,,DESI-DR1,39089837394895994,,,,,f96783ca-8786-11ef-ae33-525400f334e1
573959,152924.64-015343.4_573959_0.03,4,149.937992280154,2.1691880585753816,0.4259999990463257,desi,1,149.93795494453786,2.1691689851672145,0.15084584672121742,0.4260147005233717,7.49006123790812e-05,1.4701477046019651e-05,True,GALAXY,,DESI-DR1,39627841599443792,,,,,3efc1b77-87b8-11ef-b2c8-525400f334e1
573959,152924.64-015343.4_573959_0.03,4,149.937992280154,2.1691880585753816,0.4259999990463257,desi,2,149.93795494453786,2.1691689851672145,0.15084584672121742,0.4259547832151011,6.786027724890418e-05,-4.521583122457651e-05,True,GALAXY,,DESI-DR1,39089837394900239,,,,,5d26be0b-8787-11ef-88c6-525400f334e1
573959,152924.64-015343.4_573959_0.03,4,149.937992280154,2.1691880585753816,0.4259999990463257,desi,3,149.93795494453786,2.1691689851672145,0.15084584672121742,0.42602609420459703,7.381499342441983e-05,2.6095158271344232e-05,True,GALAXY,,DESI-EDR,39627841599443792,,,,,afae170e-9cb1-11ee-81c2-525400ad1336
513848,161436.81+283905.9_513848_0.3,1,150.52464387334214,2.077669434451431,0.3237999975681305,desi,1,150.52458907113652,2.0776594576056198,0.2004030399765463,0.32398358057077264,0.00010397902635629852,0.00018358300264215144,True,GALAXY,,DESI-DR1,39627835572224688,,,,,13aeaff5-87b8-11ef-a631-525400f334e1
513848,161436.81+283905.9_513848_0.3,1,150.52464387334214,2.077669434451431,0.3237999975681305,desi,2,150.52458907113652,2.0776594576056198,0.2004030399765463,0.32384882097706597,6.649706105062836e-05,4.882340893547221e-05,True,GALAXY,,DESI-DR1,39089837395029735,,,,,8e651ab3-8784-11ef-be4b-525400f334e1
513848,161436.81+283905.9_513848_0.3,1,150.52464387334214,2.077669434451431,0.3237999975681305,desi,3,150.52458907113652,2.0776594576056198,0.2004030399765463,0.3240100816992711,0.00010357606518889698,0.00021008413114059765,True,GALAXY,,DESI-EDR,39627835572224688,,,,,c2c8bbdd-9be8-11ee-ac74-525400ad1336
270428,082231.53+231152.0_270428_1,2,149.88582550423396,1.6925514390263543,0.6625000238418579,desi,1,149.8857858936736,1.6925190360695337,0.18418422389775477,0.662847017793174,7.326131073311027e-05,0.0003469939513160991,True,GALAXY,,DESI-EDR,39627829519846016,,,,,22849ad0-9b8d-11ee-a1d4-525400ad1336
270428,082231.53+231152.0_270428_1,2,149.88582550423396,1.6925514390263543,0.6625000238418579,desi,2,149.8857858936736,1.6925190360695337,0.18418422389775477,0.6628506391814665,7.509773341908184e-05,0.00035061533960856206,True,GALAXY,,DESI-DR1,39627829519846016,,,,,2cfc5d97-89a3-11ef-9918-525400f334e1
270428,082231.53+231152.0_270428_1,2,149.88582550423396,1.6925514390263543,0.6625000238418579,desi,3,149.8857858936736,1.6925190360695337,0.18418422389775477,0.6621282096743774,6.9351988246736e-05,-0.0003718141674805553,True,GALAXY,,DESI-DR1,39627829519846016,,,,,416e6f6b-8811-11ef-9d89-525400f334e1
300646,160843.90+071508.6_300646_0.003,1,150.2769402725414,1.7441159554723835,2.8761000633239746,desi,1,150.27691235315265,1.7441132541254836,0.10093282112438241,0.4576317187372676,5.5015106560721545e-05,-2.418468344586707,False,GALAXY,,DESI-DR1,243323021295678,,,,,accdad01-883f-11ef-96a8-525400f334e1
300646,160843.90+071508.6_300646_0.003,1,150.2769402725414,1.7441159554723835,2.8761000633239746,desi,2,150.27691235315265,1.7441132541254836,0.10093282112438241,1.538833040277733,7.510169785294238e-05,-1.3372670230462416,False,GALAXY,,DESI-EDR,243323021295678,,,,,cca25c6b-9d01-11ee-b76d-525400ad1336
244910,154602.63+362232.1_244910_0.1,1,150.23343175035043,1.651864060208658,0.5713000297546387,desi,1,150.23336927105558,1.65184514365007,0.23491909446849443,0.5704591046443508,3.015362006089504e-05,-0.0008409251102878823,True,GALAXY,,DESI-DR1,39089837395058933,,,,,47b26754-8784-11ef-8f49-525400f334e1
350048,160249.32+250441.0_350048_0.3,1,149.5954441681104,1.8194123794323884,0.25839999318122864,desi,1,149.59540906346118,1.8193736343073341,0.18817633941313364,0.2582358890195384,8.993955265241987e-06,-0.00016410416169021502,True,GALAXY,,DESI-DR1,39089837394898217,,,,,1b643b0d-8782-11ef-b461-525400f334e1
350048,160249.32+250441.0_350048_0.3,1,149.5954441681104,1.8194123794323884,0.25839999318122864,desi,2,149.59540906346118,1.8193736343073341,0.18817633941313364,0.258275303903814,9.517996149676577e-06,-0.00012468927741465796,True,GALAXY,,DESI-EDR,39627829515650957,,,,,a06aa81f-9cbb-11ee-bd84-525400ad1336
350048,160249.32+250441.0_350048_0.3,1,149.5954441681104,1.8194123794323884,0.25839999318122864,desi,3,149.59540906346118,1.8193736343073341,0.18817633941313364,0.2582753283930393,9.413155232160975e-06,-0.00012466478818934368,True,GALAXY,,DESI-DR1,39627829515650957,,,,,d187eef0-88f1-11ef-8d0a-525400f334e1
326341,081441.91+212918.5_326341_0.03,2,150.1724555292074,1.7827797799248097,0.16830000281333923,desi,1,150.1724252286211,1.7827780827413706,0.10920037028238712,0.1677855852970187,1.5487738603406375e-05,-0.0005144175163205311,True,GALAXY,,DESI-DR1,39089837395058646,,,,,02f25aa7-8785-11ef-bb59-525400f334e1
538989,161047.73+330337.5_538989_0.0003,3,150.40034218368558,2.1163851004633836,0.0997999981045723,desi,1,150.4003177796913,2.1163681952104425,0.10682543150171364,0.0998547008187126,2.323156126912717e-05,5.470271414030614e-05,True,GALAXY,,DESI-DR1,39627835568033207,,,,,4eae5ff9-88f3-11ef-ae7d-525400f334e1
538989,161047.73+330337.5_538989_0.0003,3,150.40034218368558,2.1163851004633836,0.0997999981045723,desi,2,150.4003177796913,2.1163681952104425,0.10682543150171364,0.09977668262485918,1.6053288400185417e-05,-2.331547971311243e-05,True,GALAXY,,DESI-DR1,39627835568033207,,,,,cffafcee-8b70-11ef-94ba-525400f334e1
538989,161047.73+330337.5_538989_0.0003,3,150.40034218368558,2.1163851004633836,0.0997999981045723,desi,3,150.4003177796913,2.1163681952104425,0.10682543150171364,0.09985308484203269,2.3198347290041367e-05,5.3086737460392164e-05,True,GALAXY,,DESI-EDR,39627835568033207,,,,,df49c7ae-9b38-11ee-8b38-525400ad1336
540419,091043.31+325351.5_540419_0.3,1,150.32799115278547,2.118999738495165,0.32260000705718994,desi,1,150.32795221664884,2.1189935468080727,0.14183666901355868,0.32288430850514255,1.659767490180008e-05,0.00028430144795260626,True,GALAXY,,DESI-DR1,39627835568031452,,,,,06e9ee53-87b8-11ef-b0f1-525400f334e1
540419,091043.31+325351.5_540419_0.3,1,150.32799115278547,2.118999738495165,0.32260000705718994,desi,2,150.32795221664884,2.1189935468080727,0.14183666901355868,0.3229146947481945,2.3512119172276144e-05,0.00031468769100456706,True,GALAXY,,DESI-DR1,39627835568031452,,,,,3ee7824c-88f3-11ef-9f23-525400f334e1
540419,091043.31+325351.5_540419_0.3,1,150.32799115278547,2.118999738495165,0.32260000705718994,desi,3,150.32795221664884,2.1189935468080727,0.14183666901355868,0.3228840946234236,1.675890590086365e-05,0.0002840875662336595,True,GALAXY,,DESI-EDR,39627835568031452,,,,,a73b8fa7-9be8-11ee-b60e-525400ad1336
540419,091043.31+325351.5_540419_0.3,1,150.32799115278547,2.118999738495165,0.32260000705718994,desi,4,150.32795221664884,2.1189935468080727,0.14183666901355868,0.32291054616664455,2.3568472349485184e-05,0.0003105391094546106,True,GALAXY,,DESI-EDR,39627835568031452,,,,,bc9f99f0-9b38-11ee-98d9-525400ad1336
540419,091043.31+325351.5_540419_0.3,1,150.32799115278547,2.118999738495165,0.32260000705718994,desi,5,150.32795221664884,2.1189935468080727,0.14183666901355868,0.322794482426266,1.8422685028578012e-05,0.00019447536907607477,True,GALAXY,,DESI-DR1,39089837395056322,,,,,e30ce291-8784-11ef-ae36-525400f334e1
541235,074516.29+340457.4_541235_0.03,1,149.8823644968661,2.1225284785542358,0.7868000268936157,desi,1,149.8823533332413,2.1225342725861442,0.04525507469013099,0.7870606107711998,0.00013733054356841935,0.0002605838775840974,True,GALAXY,,DESI-DR1,39089837394906777,,,,,fe182f83-8786-11ef-93cb-525400f334e1
223338,082231.53+231152.0_223338_1,1,149.57694904580282,1.617859641999927,0.65829998254776,desi,1,149.576948201094,1.6178686980538062,0.03274319755036377,0.6574041616742486,7.817780743117854e-05,-0.000895820873511366,True,GALAXY,,DESI-DR1,39089837394891269,,,,,8c840144-8780-11ef-a1c5-525400f334e1
224125,155235.41+323357.9_224125_1,1,149.93295632212119,1.6180032721777478,0.3725000023841858,desi,1,149.9329501189321,1.6179995858398637,0.025969443803351682,0.37218771132562617,6.768380703863574e-05,-0.0003122910585596217,True,GALAXY,,DESI-DR1,39089837394920703,,,,,58ab8493-8780-11ef-a57d-525400f334e1
238404,082231.16+502456.2_238404_0.03,1,150.1845759136062,1.6425865813008005,0.9046000242233276,desi,1,150.18453964444117,1.642624062114393,0.18772482417607037,0.9050280081341965,1.0664204561674604e-05,0.00042798391086884546,True,GALAXY,,DESI-EDR,39627829524041438,,,,,0e163bd3-9b8d-11ee-a572-525400ad1336
238404,082231.16+502456.2_238404_0.03,1,150.1845759136062,1.6425865813008005,0.9046000242233276,desi,2,150.18453964444117,1.642624062114393,0.18772482417607037,0.9050292765071877,1.069886404656031e-05,0.00042925228386003766,True,GALAXY,,DESI-DR1,39627829524041438,,,,,23757564-89a3-11ef-90ae-525400f334e1
318995,030214.27-072021.0_318995_0.3,1,150.2254228001229,1.7718611512036515,0.7409999966621399,desi,1,150.22538754148118,1.771856201793976,0.12811549562931265,0.7406820305302811,0.00010514962127848138,-0.000317966131858749,True,GALAXY,,DESI-DR1,39089837395058895,,,,,508265df-8784-11ef-86b5-525400f334e1
346801,152735.81+343236.4_346801_0.3,1,150.35457770846565,1.8161572850292609,0.8162000179290771,desi,1,150.35451075300242,1.8161524177058017,0.24155495805813879,0.8162528332346559,9.71109870674112e-06,5.2815305578768346e-05,True,GALAXY,,DESI-EDR,39627829528234165,,,,,08d3a8fa-9b8e-11ee-a319-525400ad1336
346801,152735.81+343236.4_346801_0.3,1,150.35457770846565,1.8161572850292609,0.8162000179290771,desi,2,150.35451075300242,1.8161524177058017,0.24155495805813879,0.8162658997195501,1.1043788288018588e-05,6.588179047295473e-05,True,GALAXY,,DESI-DR1,39627829528234165,,,,,61d69540-8811-11ef-9fa9-525400f334e1
346801,152735.81+343236.4_346801_0.3,1,150.35457770846565,1.8161572850292609,0.8162000179290771,desi,3,150.35451075300242,1.8161524177058017,0.24155495805813879,0.8162533451154562,9.815190957015088e-06,5.3327186379070746e-05,True,GALAXY,,DESI-DR1,39627829528234165,,,,,948fde7d-89a3-11ef-8853-525400f334e1
334667,153215.98+073900.2_334667_1,1,150.33856480414264,1.7940925965412602,0.3400000035762787,desi,1,150.33850445414654,1.7940584921049825,0.24945856432650193,0.3393075288936273,1.4609293556222488e-05,-0.0006924746826513783,True,GALAXY,,DESI-EDR,39627829528233817,,,,,17960e74-9b39-11ee-94b9-525400ad1336
334667,153215.98+073900.2_334667_1,1,150.33856480414264,1.7940925965412602,0.3400000035762787,desi,2,150.33850445414654,1.7940584921049825,0.24945856432650193,0.339307677821521,1.4839545611433752e-05,-0.0006923257547576944,True,GALAXY,,DESI-DR1,39627829528233817,,,,,699e3f0d-88f3-11ef-a0e4-525400f334e1
334667,153215.98+073900.2_334667_1,1,150.33856480414264,1.7940925965412602,0.3400000035762787,desi,3,150.33850445414654,1.7940584921049825,0.24945856432650193,0.33964230063204137,8.798877009280447e-06,-0.00035770294423731475,True,GALAXY,,DESI-DR1,39627829528233817,,,,,c83d8987-8b70-11ef-9651-525400f334e1
339892,090225.23+433002.6_339892_0.1,1,150.47301244563428,1.8040606846165845,0.7128999829292297,desi,1,150.47296746773753,1.8040255640508112,0.20537236089397312,0.7121712452348535,6.932778031616239e-05,-0.0007287376943762025,True,GALAXY,,DESI-DR1,39089837395048886,,,,,eef1408b-8784-11ef-98c6-525400f334e1
637986,084205.57+075925.5_637986_1,1,150.33199439512686,2.2661366975627644,0.1298000067472458,desi,1,150.33199693971045,2.26615422305417,0.06375229327857847,0.13004825863821343,1.6173757877766277e-05,0.0002482518909676379,True,GALAXY,,DESI-DR1,39627841607829583,,,,,5af7ec92-88f3-11ef-b6c4-525400f334e1
637986,084205.57+075925.5_637986_1,1,150.33199439512686,2.2661366975627644,0.1298000067472458,desi,2,150.33199693971045,2.26615422305417,0.06375229327857847,0.1299447567441362,1.141428876919287e-05,0.00014474999689040313,True,GALAXY,,DESI-DR1,39089837395054661,,,,,6cb01a69-8784-11ef-8dea-525400f334e1
637986,084205.57+075925.5_637986_1,1,150.33199439512686,2.2661366975627644,0.1298000067472458,desi,3,150.33199693971045,2.26615422305417,0.06375229327857847,0.1300520911984936,1.6165201368681148e-05,0.00025208445124780265,True,GALAXY,,DESI-EDR,39627841607829583,,,,,f9dfc04a-9b38-11ee-80a4-525400ad1336
818048,155915.75+383911.2_818048_1,6,149.9434469313986,2.5402312952897117,1.3250000476837158,desi,1,149.94340999061646,2.5402503915801202,0.14958894955138144,1.3258136640445977,3.7088193997197275e-05,0.0008136163608818414,True,GALAXY,,DESI-DR1,39627847639241002,,,,,74177a49-89a5-11ef-904c-525400f334e1
818048,155915.75+383911.2_818048_1,6,149.9434469313986,2.5402312952897117,1.3250000476837158,desi,2,149.94340999061646,2.5402503915801202,0.14958894955138144,1.3259312530492449,4.475429661293865e-05,0.000931205365529042,True,GALAXY,,DESI-DR1,39627847639241002,,,,,a8b1829c-8812-11ef-86a8-525400f334e1
818048,155915.75+383911.2_818048_1,6,149.9434469313986,2.5402312952897117,1.3250000476837158,desi,3,149.94340999061646,2.5402503915801202,0.14958894955138144,1.3258181361527157,3.797578249592533e-05,0.0008180884689998891,True,GALAXY,,DESI-EDR,39627847639241002,,,,,d3d1028f-9d38-11ee-9453-525400ad1336
528492,150810.38+005806.4_528492_0.03,1,149.71643858797694,2.104894706021615,2.9888999462127686,desi,1,149.71640023842562,2.104892441073802,0.13820596838326207,0.2644495023866693,6.085605322194442e-05,-2.7244504438260995,False,GALAXY,,DESI-EDR,243329048510469,,,,,02a6a950-9d29-11ee-9428-525400ad1336
528492,150810.38+005806.4_528492_0.03,1,149.71643858797694,2.104894706021615,2.9888999462127686,desi,2,149.71640023842562,2.104892441073802,0.13820596838326207,1.4755372291618065,0.00015388591734786578,-1.513362717050962,False,GALAXY,,DESI-DR1,234532955488258,,,,,2721fdf6-8840-11ef-902f-525400f334e1
528492,150810.38+005806.4_528492_0.03,1,149.71643858797694,2.104894706021615,2.9888999462127686,desi,3,149.71640023842562,2.104892441073802,0.13820596838326207,1.5158308217435479,9.660735119379028e-05,-1.4730691244692207,False,GALAXY,,DESI-DR1,243329048510469,,,,,2c41e090-8840-11ef-ae55-525400f334e1
528492,150810.38+005806.4_528492_0.03,1,149.71643858797694,2.104894706021615,2.9888999462127686,desi,4,149.71640023842562,2.104892441073802,0.13820596838326207,1.3922888498966017,8.588663648249113e-05,-1.5966110963161668,False,GALAXY,,DESI-EDR,234532955488258,,,,,f83e1e69-9d28-11ee-b0a7-525400ad1336
985404,031027.82-004950.7_985404_0.0003,2,149.8525610230275,2.8033530130836555,0.08009999990463257,desi,1,149.85253228176543,2.803370669762471,0.1213281447155537,0.07984677561353955,4.702628166953122e-06,-0.000253224291093021,True,GALAXY,,DESI-DR1,39627853679036231,,,,,bd468155-88f4-11ef-9386-525400f334e1
985404,031027.82-004950.7_985404_0.0003,2,149.8525610230275,2.8033530130836555,0.08009999990463257,desi,2,149.85253228176543,2.803370669762471,0.1213281447155537,0.07984696989742181,4.6033809365274094e-06,-0.0002530300072107611,True,GALAXY,,DESI-EDR,39627853679036231,,,,,d5c127ba-9d14-11ee-b7ac-525400ad1336
639939,142216.85+091524.3_639939_0.3,1,150.52714810931627,2.270969930121484,2.1993000507354736,desi,1,150.527125228084,2.270964435601178,0.08465118688292646,0.4389474366385266,7.68710546392191e-05,-1.760352614096947,False,GALAXY,,DESI-DR1,39627841612022540,,,,,5bf2a2f6-8811-11ef-8b82-525400f334e1
957176,080849.07+452907.3_957176_0.03,1,150.32044971797393,2.754177542963853,0.2540000081062317,desi,1,150.32043202264,2.7542179039297894,0.15862114054910642,0.2536692529030894,1.589282633182615e-05,-0.00033075520314229667,True,GALAXY,,DESI-DR1,39089837395052182,,,,,0de524fa-8789-11ef-81ef-525400f334e1
897140,033355.48-000601.7_897140_1,2,149.9019320104567,2.6603203595104143,0.7365000247955322,desi,1,149.90193699554314,2.660327343412733,0.030878776450003538,0.736410548666472,0.0001282758303173712,-8.94761290601842e-05,True,GALAXY,,DESI-DR1,39089837394933961,,,,,79da2a71-8787-11ef-ba5e-525400f334e1
820710,150348.11+104251.4_820710_0.01,1,149.94491005732783,2.545140544366683,1.313099980354309,desi,1,149.9448831708734,2.545131450780506,0.10208709300967737,1.3125402378436295,4.803478740381562e-05,-0.0005597425106795839,True,GALAXY,,DESI-DR1,39627847639241028,,,,,5b44f554-89a5-11ef-b79b-525400f334e1
820710,150348.11+104251.4_820710_0.01,1,149.94491005732783,2.545140544366683,1.313099980354309,desi,2,149.9448831708734,2.545131450780506,0.10208709300967737,1.3125496028555486,4.9614696491876234e-05,-0.0005503774987605237,True,GALAXY,,DESI-EDR,39627847639241028,,,,,9ddc0407-9d38-11ee-b63e-525400ad1336
820710,150348.11+104251.4_820710_0.01,1,149.94491005732783,2.545140544366683,1.313099980354309,desi,3,149.9448831708734,2.545131450780506,0.10208709300967737,1.3125771980543257,7.40150848877417e-05,-0.0005227822999833709,True,GALAXY,,DESI-DR1,39627847639241028,,,,,bd559ccd-8812-11ef-bfc1-525400f334e1
527786,022815.98-010636.5_527786_0.1,1,150.00604358281095,2.1025125368197504,0.30979999899864197,desi,1,150.00600732900307,2.1025241022130707,0.13691022131113448,0.3093750248677135,5.025621729813495e-06,-0.00042497413092845715,True,GALAXY,,DESI-DR1,39089837395005892,,,,,ef7fe0aa-8786-11ef-b49e-525400f334e1
593765,163923.64+111333.9_593765_1,1,149.9359418911603,2.2029441401772853,2.0492000579833984,desi,1,149.93592271846643,2.20294904412615,0.07119429035121941,0.7998470715069184,0.00012694785125523387,-1.24935298647648,False,GALAXY,,DESI-DR1,39627841599443739,,,,,6250ca18-89a5-11ef-8ab6-525400f334e1
593765,163923.64+111333.9_593765_1,1,149.9359418911603,2.2029441401772853,2.0492000579833984,desi,2,149.93592271846643,2.20294904412615,0.07119429035121941,0.40545674013562477,7.608486299752339e-05,-1.6437433178477736,False,GALAXY,,DESI-EDR,39627841599443739,,,,,acc1564d-9d38-11ee-ae01-525400ad1336
812990,090211.04+383220.8_812990_0.1,2,150.17648233335228,2.532998372883238,1.3401999473571777,desi,1,150.1764487209721,2.533015244139613,0.13528648135935456,1.3399412019976782,4.611125830471902e-05,-0.0002587453594995459,True,GALAXY,,DESI-DR1,39627847643435318,,,,,7b2ad8ff-89a5-11ef-82ab-525400f334e1
812990,090211.04+383220.8_812990_0.1,2,150.17648233335228,2.532998372883238,1.3401999473571777,desi,2,150.1764487209721,2.533015244139613,0.13528648135935456,1.3399505060692143,4.5257911013811844e-05,-0.0002494412879634478,True,GALAXY,,DESI-EDR,39627847643435318,,,,,e2d87df6-9d38-11ee-83d6-525400ad1336
516313,084309.86+294404.6_516313_1,1,149.89619343131852,2.0821022357030676,0.3889000117778778,desi,1,149.8961756416225,2.0821010940271805,0.06413245861255072,0.3885644854336193,1.2169518309952839e-05,-0.0003355263442584855,True,GALAXY,,DESI-EDR,39627835559643984,,,,,523a51bd-9d14-11ee-acbc-525400ad1336
516313,084309.86+294404.6_516313_1,1,149.89619343131852,2.0821022357030676,0.3889000117778778,desi,2,149.8961756416225,2.0821010940271805,0.06413245861255072,0.38856431776163486,1.2104418314587018e-05,-0.0003356940162429489,True,GALAXY,,DESI-DR1,39627835559643984,,,,,8232292b-88f4-11ef-8b14-525400f334e1
584687,081425.89+294115.6_584687_0.3,1,150.20411782987117,2.18697604170853,0.37070000171661377,desi,1,150.20409108450556,2.186976245289558,0.09621597630292628,0.37056779245561683,3.4389205250993447e-06,-0.00013220926099694053,True,GALAXY,,DESI-DR1,39089837395049800,,,,,c3b6371d-8787-11ef-921b-525400f334e1
565249,081456.09+532533.5_565249_0.01,2,149.94734039004584,2.156149669206945,0.12399999797344208,desi,1,149.94735773830118,2.1561001532866766,0.18886666121126502,0.12369752658743052,2.719924854708447e-06,-0.00030247138601155465,True,GALAXY,,DESI-DR1,39627841599444048,,,,,08a0a8bf-8b71-11ef-8271-525400f334e1
565249,081456.09+532533.5_565249_0.01,2,149.94734039004584,2.156149669206945,0.12399999797344208,desi,2,149.94735773830118,2.1561001532866766,0.18886666121126502,0.1237429328449654,4.207956863574197e-06,-0.0002570651284766745,True,GALAXY,,DESI-EDR,39627841599444048,,,,,1603c1b0-9d14-11ee-b894-525400ad1336
565249,081456.09+532533.5_565249_0.01,2,149.94734039004584,2.156149669206945,0.12399999797344208,desi,3,149.94735773830118,2.1561001532866766,0.18886666121126502,0.12374359892686132,4.234260343221582e-06,-0.0002563990465807575,True,GALAXY,,DESI-DR1,39627841599444048,,,,,66ed5a11-88f4-11ef-b3ec-525400f334e1
663911,034830.29-063952.0_663911_1,1,149.5764065913467,2.304936235524962,0.48899999260902405,desi,1,149.57641026289426,2.304906605853387,0.10748130815464349,0.4889960931786171,2.406549241165237e-05,-3.899430406961724e-06,True,GALAXY,,DESI-DR1,39089837394932690,,,,,590d6545-8787-11ef-89c2-525400f334e1
900394,155835.39+273102.2_900394_0.01,1,150.6091232806927,2.6669081551700375,0.916700005531311,desi,1,150.60911795810347,2.666895317089837,0.05002380066968077,0.9155634557637176,1.8339773333303903e-05,-0.0011365497675934755,True,GALAXY,,DESI-DR1,39627853691619688,,,,,67a2ce67-89a6-11ef-bca2-525400f334e1
900394,155835.39+273102.2_900394_0.01,1,150.6091232806927,2.6669081551700375,0.916700005531311,desi,2,150.60911795810347,2.666895317089837,0.05002380066968077,0.9155732912443105,1.848594693269324e-05,-0.0011267142870005076,True,GALAXY,,DESI-EDR,39627853691619688,,,,,b80867a8-9ca3-11ee-87bf-525400ad1336
810961,030911.64+002358.8_810961_0.3,1,150.15669462257648,2.528422725503953,0.6079999804496765,desi,1,150.15667222438665,2.5284378934716067,0.09731791589855088,0.6076597428035317,1.132749250502458e-05,-0.0003402376461447698,True,GALAXY,,DESI-DR1,39089837395051512,,,,,a44589b4-8787-11ef-9b73-525400f334e1
596526,160953.02+533443.8_596526_0.3,2,149.75408389769888,2.2052032992920645,1.2210999727249146,desi,1,149.75411170451184,2.2051968096693932,0.10272240440336675,1.2213774575989975,4.652989826556573e-05,0.0002774848740829672,True,GALAXY,,DESI-DR1,39627841599438998,,,,,049c76c0-89a5-11ef-8483-525400f334e1
596526,160953.02+533443.8_596526_0.3,2,149.75408389769888,2.2052032992920645,1.2210999727249146,desi,2,149.75411170451184,2.2051968096693932,0.10272240440336675,0.932752477574551,2.232146096148817e-46,-0.2883474951503635,False,GALAXY,,DESI-DR1,39627841599438998,,,,,43f35d95-87f0-11ef-8efb-525400f334e1
596526,160953.02+533443.8_596526_0.3,2,149.75408389769888,2.2052032992920645,1.2210999727249146,desi,3,149.75411170451184,2.2051968096693932,0.10272240440336675,-0.0019956912923479522,4.1311493573349107e-48,-1.2230956640172626,False,STAR,,DESI-EDR,39627841599438998,,,,,a0ed4d29-9b0a-11ee-a6d9-525400ad1336
596526,160953.02+533443.8_596526_0.3,2,149.75408389769888,2.2052032992920645,1.2210999727249146,desi,4,149.75411170451184,2.2051968096693932,0.10272240440336675,1.2214654055018028,6.725680773456156e-05,0.0003654327768882748,True,GALAXY,,DESI-DR1,39627841599438998,,,,,baf453e0-8812-11ef-b72d-525400f334e1
596526,160953.02+533443.8_596526_0.3,2,149.75408389769888,2.2052032992920645,1.2210999727249146,desi,5,149.75411170451184,2.2051968096693932,0.10272240440336675,1.2213686847202836,4.6848053186360273e-05,0.000268711995369042,True,GALAXY,,DESI-EDR,39627841599438998,,,,,e2901c21-9d37-11ee-81ec-525400ad1336
