cosmos_id,n_chimeras,representative_chimera_id,host_ra_deg,host_dec_deg,host_redshift,service,catalog_label,catalog_id,rank,match_ra_deg,match_dec_deg,separation_arcsec,match_redshift,delta_redshift,redshift_consistent,source_id,quality,ra_column,dec_column,redshift_column,best_match
221239,9,150732.11+345623.4_221239_0.001,149.90524323695792,1.6155679052414469,0.35440000891685486,vizier,zCOSMOS_Lilly2007,J/ApJS/172/70/zcosmos3,1,149.905243,1.615579,0.039950232066249605,0.3538999855518341,-0.000500023365020752,True,801875,3.5,RAJ2000,DEJ2000,z,True
223338,1,082231.53+231152.0_223338_1,149.57694904580282,1.617859641999927,0.65829998254776,vizier,zCOSMOS_Lilly2007,J/ApJS/172/70/zcosmos3,1,149.57695,1.617875,0.05539532478729702,0.6577000021934509,-0.000599980354309082,True,802600,3.5,RAJ2000,DEJ2000,z,True
224125,1,155235.41+323357.9_224125_1,149.93295632212119,1.6180032721777478,0.3725000023841858,vizier,zCOSMOS_Lilly2007,J/ApJS/172/70/zcosmos3,1,149.932953,1.618014,0.040428153952085356,0.3720000088214874,-0.0004999935626983643,True,801817,3.5,RAJ2000,DEJ2000,z,True
226550,1,074914.60+175631.9_226550_0.3,150.14479076590848,1.623507369006218,0.4259999990463257,vizier,zCOSMOS_Lilly2007,J/ApJS/172/70/zcosmos3,1,150.144775,1.623509,0.0570375087535835,0.4255000054836273,-0.0004999935626983643,True,801351,3.5,RAJ2000,DEJ2000,z,True
230041,34,081051.58+205758.1_230041_0.03,149.62484215067008,1.6263316193216095,0.5745000243186951,vizier,zCOSMOS_Lilly2007,J/ApJS/172/70/zcosmos3,1,149.624832,1.626332,0.036553391186395334,0.5740000009536743,-0.000500023365020752,True,807833,4.5,RAJ2000,DEJ2000,z,True
232588,2,142159.87+043640.8_232588_1,150.40326745810194,1.632938033548838,0.4302000105381012,vizier,COSMOS_Ilbert2013_zspec,J/ApJS/206/8,1,150.40331,1.6329238,0.1614365151709365,nan,nan,,,,RAJ2000,DEJ2000,zsp,True
233582,2,023030.37-004513.8_233582_0.3,149.7956002429849,1.6328885575144207,0.5077999830245972,vizier,zCOSMOS_Lilly2007,J/ApJS/172/70/zcosmos3,1,149.795593,1.632863,0.09562760013145812,0.5073000192642212,-0.0004999637603759766,True,807073,3.5,RAJ2000,DEJ2000,z,True
238404,1,082231.16+502456.2_238404_0.03,150.1845759136062,1.6425865813008005,0.9046000242233276,vizier,COSMOS_Ilbert2013_zspec,J/ApJS/206/8,1,150.18459,1.6426795,0.33832623221339747,nan,nan,,,,RAJ2000,DEJ2000,zsp,True
239402,1,075114.93+353950.0_239402_0.3,149.82827988613263,1.6445296645364842,0.7371000051498413,vizier,COSMOS_Ilbert2013_zspec,J/ApJS/206/8,1,149.82829,1.6445187,0.05369036757789171,0.7371,-5.149841331153482e-09,True,806905,4.5,RAJ2000,DEJ2000,zsp,True
239574,1,075216.55+500251.3_239574_0.01,150.2885015932729,1.6446146148881164,0.2662000060081482,vizier,zCOSMOS_Lilly2007,J/ApJS/172/70/zcosmos3,1,150.288498,1.644593,0.0788806221479889,0.26579999923706055,-0.0004000067710876465,True,804783,3.5,RAJ2000,DEJ2000,z,True
240764,1,154842.02+091332.6_240764_0.03,149.8012927017042,1.6473262028013353,1.517799973487854,vizier,COSMOS_Ilbert2013_zspec,J/ApJS/206/8,1,149.80128,1.6473235,0.046731424867385164,nan,nan,,,,RAJ2000,DEJ2000,zsp,True
240956,5,090739.79+614747.4_240956_0.01,149.85107982302264,1.6474599673206862,0.527899980545044,vizier,zCOSMOS_Lilly2007,J/ApJS/172/70/zcosmos3,1,149.851074,1.647435,0.09229256109279636,0.527400016784668,-0.0004999637603759766,True,806814,3.5,RAJ2000,DEJ2000,z,True
241745,32,075549.56+321704.1_241745_0.01,149.56012757649594,1.6485309557000283,0.421999990940094,vizier,COSMOS_Ilbert2013_zspec,J/ApJS/206/8,1,149.56015,1.6485488,0.10313961889403109,0.422,9.05990599209261e-09,True,808092,4.1,RAJ2000,DEJ2000,zsp,True
244365,36,151117.39+243144.6_244365_0.0003,150.36524830080225,1.6539685776339328,0.800000011920929,vizier,COSMOS_Ilbert2013_zspec,J/ApJS/206/8,1,150.36526,1.6539629,0.046798993432932694,nan,nan,,,,RAJ2000,DEJ2000,zsp,True
244910,1,154602.63+362232.1_244910_0.1,150.23343175035043,1.651864060208658,0.5713000297546387,vizier,zCOSMOS_Lilly2007,J/ApJS/172/70/zcosmos3,1,150.233429,1.651853,0.04102837056203629,0.5708000063896179,-0.000500023365020752,True,805050,4.5,RAJ2000,DEJ2000,z,True
245099,2,075004.39+170245.8_245099_0.3,150.3295880957953,1.65348747308723,0.36390000581741333,vizier,zCOSMOS_Lilly2007,J/ApJS/172/70/zcosmos3,1,150.329605,1.653467,0.09556366119218596,0.36340001225471497,-0.0004999935626983643,True,804631,3.5,RAJ2000,DEJ2000,z,True
246196,1,150527.60+294718.3_246196_1,149.86793325048544,1.654149030526897,0.5307999849319458,vizier,COSMOS_Ilbert2013_zspec,J/ApJS/206/8,1,149.86797,1.6541309,0.14747339658744368,nan,nan,,,,RAJ2000,DEJ2000,zsp,True
246414,37,163255.46+420407.8_246414_0.003,149.9611001296846,1.6574366531899003,0.7250000238418579,vizier,COSMOS_Ilbert2013_zspec,J/ApJS/206/8,1,149.96114,1.6574264,0.14814514392943576,nan,nan,,,,RAJ2000,DEJ2000,zsp,True
247157,1,162830.17+161314.6_247157_0.1,150.14987925033867,1.6573377410439623,0.7462000250816345,vizier,zCOSMOS_Lilly2007,J/ApJS/172/70/zcosmos3,1,150.149872,1.65732,0.06899126268477339,0.7455999851226807,-0.0006000399589538574,True,805541,3.5,RAJ2000,DEJ2000,z,True
247669,1,161047.73+330337.5_247669_0.001,150.02828858130724,1.6587765681258977,0.09160000085830688,vizier,zCOSMOS_Lilly2007,J/ApJS/172/70/zcosmos3,1,150.02829,1.658759,0.06345096256848062,0.09120000153779984,-0.00039999932050704956,True,806060,4.5,RAJ2000,DEJ2000,z,True
249179,1,154458.49+230810.1_249179_0.1,149.95554948174578,1.6592894935985751,0.3725000023841858,vizier,zCOSMOS_Lilly2007,J/ApJS/172/70/zcosmos3,1,149.955551,1.659265,0.0883460489548551,0.3720000088214874,-0.0004999935626983643,True,806382,3.5,RAJ2000,DEJ2000,z,True
255077,1,153754.47+033959.2_255077_0.3,149.84357026998987,1.6704589610187819,1.2831000089645386,vizier,COSMOS_Ilbert2013_zspec,J/ApJS/206/8,1,149.84357,1.6704557,0.011779800763180656,nan,nan,,,,RAJ2000,DEJ2000,zsp,True
255316,1,095613.83+555604.3_255316_0.1,149.88808277200485,1.6698324941589344,0.8640000224113464,vizier,zCOSMOS_Lilly2007,J/ApJS/172/70/zcosmos3,1,149.888077,1.669823,0.03999514195829647,0.8633999824523926,-0.0006000399589538574,True,806651,3.5,RAJ2000,DEJ2000,z,True
258666,3,151659.81+240054.6_258666_0.03,150.3655684864859,1.674919846803179,0.6740999817848206,vizier,zCOSMOS_Lilly2007,J/ApJS/172/70/zcosmos3,1,150.36557,1.674917,0.011605774809929506,0.6735000014305115,-0.000599980354309082,True,804506,3.5,RAJ2000,DEJ2000,z,True
259740,1,172133.61+561220.9_259740_0.03,150.4894646430298,1.6767025408350174,0.8349999785423279,vizier,zCOSMOS_Lilly2007,J/ApJS/172/70/zcosmos3,1,150.489456,1.676687,0.06401074984747679,0.8343999981880188,-0.000599980354309082,True,804010,3.5,RAJ2000,DEJ2000,z,True
259971,10,135836.32+104033.0_259971_0.003,149.4614444708666,1.674960497035436,0.8058000206947327,vizier,zCOSMOS_Lilly2007,J/ApJS/172/70/zcosmos3,1,149.461441,1.674957,0.017733747422357348,0.8051999807357788,-0.0006000399589538574,True,808562,3.1,RAJ2000,DEJ2000,z,True
260267,3,075057.26+353037.6_260267_1,150.23716518740412,1.6772267293115266,0.18539999425411224,vizier,zCOSMOS_Lilly2007,J/ApJS/172/70/zcosmos3,1,150.237167,1.677213,0.049854045251061414,0.1850000023841858,-0.00039999186992645264,True,805027,4.5,RAJ2000,DEJ2000,z,True
260473,2,171033.21+584456.8_260473_0.001,150.4201364082221,1.6789698414180219,0.274399995803833,vizier,zCOSMOS_Lilly2007,J/ApJS/172/70/zcosmos3,1,150.420135,1.678946,0.08597856722395725,0.27399998903274536,-0.0004000067710876465,True,804275,3.5,RAJ2000,DEJ2000,z,True
260590,3,082615.58+405806.1_260590_0.003,149.5222610928599,1.679142876761924,0.32350000739097595,vizier,zCOSMOS_Lilly2007,J/ApJS/172/70/zcosmos3,1,149.522263,1.679131,0.04330360589226244,0.3231000006198883,-0.0004000067710876465,True,808251,4.5,RAJ2000,DEJ2000,z,True
263131,1,090731.92+441613.1_263131_0.1,150.38170339227963,1.6823766116675052,0.7056000232696533,vizier,zCOSMOS_Lilly2007,J/ApJS/172/70/zcosmos3,1,150.381699,1.682361,0.058382150686354044,0.7049999833106995,-0.0006000399589538574,True,804437,3.5,RAJ2000,DEJ2000,z,True
264338,1,165006.23+215451.8_264338_0.003,150.4034478841636,1.6852655044785338,0.20329999923706055,vizier,zCOSMOS_Lilly2007,J/ApJS/172/70/zcosmos3,1,150.403458,1.685248,0.07277419459423455,0.2029000073671341,-0.00039999186992645264,True,804346,4.5,RAJ2000,DEJ2000,z,True
265840,15,024322.61+001043.9_265840_0.0003,149.9350680481549,1.6871497958120016,0.3700000047683716,vizier,COSMOS_Ilbert2013_zspec,J/ApJS/206/8,1,149.93507,1.6871295,0.07340172959238059,nan,nan,,,,RAJ2000,DEJ2000,zsp,True
267329,2,081738.33+242330.0_267329_0.03,150.23629105630036,1.6875596214225785,0.275299996137619,vizier,zCOSMOS_Lilly2007,J/ApJS/172/70/zcosmos3,1,150.236282,1.687551,0.04500350981499111,0.27489998936653137,-0.0004000067710876465,True,805031,4.5,RAJ2000,DEJ2000,z,True
267923,6,084433.01+380135.1_267923_0.0001,150.1770286724956,1.6906050496341836,0.3449999988079071,vizier,COSMOS_Ilbert2013_zspec,J/ApJS/206/8,1,150.17703,1.6906077,0.010670325334849514,nan,nan,,,,RAJ2000,DEJ2000,zsp,True
269365,2,174112.44+535632.5_269365_0.1,150.62695081767674,1.6919606073278115,0.8496999740600586,vizier,zCOSMOS_Lilly2007,J/ApJS/172/70/zcosmos3,1,150.626938,1.691952,0.05556558916405161,0.8490999937057495,-0.000599980354309082,True,803582,3.5,RAJ2000,DEJ2000,z,True
269739,18,150038.61+135746.0_269739_0.0003,150.66251530335765,1.6935659348672853,1.2580000162124634,vizier,COSMOS_Ilbert2013_zspec,J/ApJS/206/8,1,150.66254,1.693552,0.1020504403720326,nan,nan,,,,RAJ2000,DEJ2000,zsp,True
270353,1,135947.07+031733.2_270353_0.1,149.66401033112854,1.6932581483125824,0.788100004196167,vizier,zCOSMOS_Lilly2007,J/ApJS/172/70/zcosmos3,1,149.663986,1.693258,0.08755544314502402,0.7875000238418579,-0.000599980354309082,True,807664,3.5,RAJ2000,DEJ2000,z,True
270428,2,082231.53+231152.0_270428_1,149.88582550423396,1.6925514390263543,0.6625000238418579,vizier,zCOSMOS_Lilly2007,J/ApJS/172/70/zcosmos3,1,149.885834,1.692534,0.06982837451805934,0.661899983882904,-0.0006000399589538574,True,806657,4.5,RAJ2000,DEJ2000,z,True
271248,12,142110.86+220315.8_271248_0.03,150.3564959961935,1.696790476975066,2.759999990463257,vizier,COSMOS_Ilbert2013_zspec,J/ApJS/206/8,1,150.35651,1.6967925,0.05091516105885765,nan,nan,,,,RAJ2000,DEJ2000,zsp,True
274242,20,092131.86+380038.3_274242_0.003,150.63880150261775,1.7006223176931354,0.8830000162124634,vizier,COSMOS_Ilbert2013_zspec,J/ApJS/206/8,1,150.63879,1.700605,0.07483292405059942,nan,nan,,,,RAJ2000,DEJ2000,zsp,True
277582,3,155246.13+354416.7_277582_0.003,149.77734857707713,1.7065092433776885,0.4302999973297119,vizier,zCOSMOS_Lilly2007,J/ApJS/172/70/zcosmos3,1,149.777344,1.706516,0.02937542672654688,0.42980000376701355,-0.0004999935626983643,True,807153,4.5,RAJ2000,DEJ2000,z,True
278927,2,081738.33+242330.0_278927_0.01,149.59607589925716,1.7074419982216105,0.28290000557899475,vizier,zCOSMOS_Lilly2007,J/ApJS/172/70/zcosmos3,1,149.596069,1.707449,0.03537948247241119,0.2824999988079071,-0.0004000067710876465,True,807952,3.5,RAJ2000,DEJ2000,z,True
279405,5,170811.61+244313.3_279405_1,150.2782232165124,1.7076097736503968,0.8080999851226807,vizier,zCOSMOS_Lilly2007,J/ApJS/172/70/zcosmos3,1,150.278214,1.707617,0.042150573607669974,0.8075000047683716,-0.000599980354309082,True,804833,3.5,RAJ2000,DEJ2000,z,True
281189,1,165658.00+252519.8_281189_0.1,149.68456909452638,1.711887960608886,0.260699987411499,vizier,zCOSMOS_Lilly2007,J/ApJS/172/70/zcosmos3,1,149.68457,1.711887,0.004751345723295059,0.26030001044273376,-0.0003999769687652588,True,807573,4.5,RAJ2000,DEJ2000,z,True
283593,3,083000.35+343238.7_283593_0.3,150.162406237291,1.7144864482213287,0.7426000237464905,vizier,COSMOS_Ilbert2013_zspec,J/ApJS/206/8,1,150.16241,1.7144948,0.032974410691605005,nan,nan,,,,RAJ2000,DEJ2000,zsp,True
286076,2,110022.09+645812.9_286076_0.03,150.24219263716546,1.7180018626583966,0.8697999715805054,vizier,zCOSMOS_Lilly2007,J/ApJS/172/70/zcosmos3,1,150.242188,1.718028,0.09556251377320193,0.8691999912261963,-0.000599980354309082,True,805011,3.5,RAJ2000,DEJ2000,z,True
286089,2,023044.94-093123.0_286089_0.1,149.83692371065297,1.7182657208633396,0.7627999782562256,vizier,zCOSMOS_Lilly2007,J/ApJS/172/70/zcosmos3,1,149.836914,1.718255,0.052063133600886845,0.7621999979019165,-0.000599980354309082,True,806868,3.5,RAJ2000,DEJ2000,z,True
288499,1,084200.76+333214.8_288499_1,150.44501314749266,1.7218031483267404,0.9704999923706055,vizier,zCOSMOS_Lilly2007,J/ApJS/172/70/zcosmos3,1,150.445007,1.721797,0.03129298203654727,0.9697999954223633,-0.0006999969482421875,True,804163,4.5,RAJ2000,DEJ2000,z,True
289367,1,084154.05+231954.7_289367_0.3,150.07725479659715,1.7249476500678977,1.1837999820709229,vizier,COSMOS_Ilbert2013_zspec,J/ApJS/206/8,1,150.07726,1.7249647,0.0641720627906106,nan,nan,,,,RAJ2000,DEJ2000,zsp,True
289636,1,155757.20+052056.7_289636_0.03,150.66923131879255,1.7253735317558136,0.7490000128746033,vizier,zCOSMOS_Lilly2007,J/ApJS/172/70/zcosmos3,1,150.669235,1.725381,0.029971740374172866,0.7483999729156494,-0.0006000399589538574,True,803405,3.5,RAJ2000,DEJ2000,z,True
290719,4,151931.99+362025.2_290719_0.003,150.28848935809174,1.7278728328796873,1.3589999675750732,vizier,COSMOS_Ilbert2013_zspec,J/ApJS/206/8,1,150.2885,1.7278877,0.06580998045014035,nan,nan,,,,RAJ2000,DEJ2000,zsp,True
294368,3,083257.57+264528.1_294368_0.01,150.46011322248242,1.7343878024113815,2.723099946975708,vizier,COSMOS_Ilbert2013_zspec,J/ApJS/206/8,1,150.4601,1.7344496,0.22750222257952968,nan,nan,,,,RAJ2000,DEJ2000,zsp,True
295279,1,165641.50+372639.7_295279_0.1,149.93389575967987,1.7333709340583534,0.48080000281333923,vizier,zCOSMOS_Lilly2007,J/ApJS/172/70/zcosmos3,1,149.933899,1.733386,0.05547653325612126,0.48030000925064087,-0.0004999935626983643,True,806480,3.5,RAJ2000,DEJ2000,z,True
295487,1,160553.99+374031.2_295487_1,150.10706577198243,1.7354200415196235,2.7832000255584717,vizier,COSMOS_Ilbert2013_zspec,J/ApJS/206/8,1,150.10707,1.7354228,0.018168038254260378,nan,nan,,,,RAJ2000,DEJ2000,zsp,True
297135,1,160211.49+141053.4_297135_0.01,150.59604961752103,1.736924713690335,0.27250000834465027,vizier,zCOSMOS_Lilly2007,J/ApJS/172/70/zcosmos3,1,150.596054,1.736948,0.08530106330254383,0.2721000015735626,-0.0004000067710876465,True,803694,3.5,RAJ2000,DEJ2000,z,True
297417,1,145729.62+042655.7_297417_0.03,149.79354182916356,1.7383807148894672,1.4154000282287598,vizier,COSMOS_Ilbert2013_zspec,J/ApJS/206/8,1,149.79355,1.7383853,0.033718063495662164,nan,nan,,,,RAJ2000,DEJ2000,zsp,True
297705,1,094317.59+541705.1_297705_0.03,150.06698057763833,1.739546109412926,2.22979998588562,vizier,COSMOS_Ilbert2013_zspec,J/ApJS/206/8,1,150.06697,1.739565,0.07793294175031648,nan,nan,,,,RAJ2000,DEJ2000,zsp,True
298010,16,080002.81+440011.4_298010_0.01,150.0728093861627,1.7361265216763444,0.8364999890327454,vizier,zCOSMOS_Lilly2007,J/ApJS/172/70/zcosmos3,1,150.072815,1.736137,0.042790283361841416,0.8359000086784363,-0.000599980354309082,True,805845,3.5,RAJ2000,DEJ2000,z,True
298494,2,032536.90-005328.4_298494_1,150.3697840985232,1.7395729710076293,0.4156000018119812,vizier,COSMOS_Ilbert2013_zspec,J/ApJS/206/8,1,150.3698,1.7395788,0.06094546969045205,0.4156,-1.8119811762140614e-09,True,804487,4.5,RAJ2000,DEJ2000,zsp,True
300646,1,160843.90+071508.6_300646_0.003,150.2769402725414,1.7441159554723835,2.8761000633239746,vizier,COSMOS_Ilbert2013_zspec,J/ApJS/206/8,1,150.27695,1.7441001,0.0669572711558629,nan,nan,,,,RAJ2000,DEJ2000,zsp,True
301074,5,141130.80+044723.2_301074_0.03,149.99448547875394,1.7449323950456792,2.1375999450683594,vizier,COSMOS_Ilbert2013_zspec,J/ApJS/206/8,1,149.99451,1.7449716,0.16644939442790338,nan,nan,,,,RAJ2000,DEJ2000,zsp,True
303391,1,153431.44+094205.4_303391_0.1,150.11467903033972,1.7476257852011934,0.3619000017642975,vizier,zCOSMOS_Lilly2007,J/ApJS/172/70/zcosmos3,1,150.11467,1.747639,0.05761148485931565,0.3614000082015991,-0.0004999935626983643,True,805685,3.5,RAJ2000,DEJ2000,z,True
304398,2,093321.12+473915.9_304398_0.1,150.0201598599974,1.749527162370685,1.2723000049591064,vizier,zCOSMOS_Lilly2007,J/ApJS/172/70/zcosmos3,1,150.020142,1.749549,0.10154069391095691,1.2719999551773071,-0.0003000497817993164,True,806092,9.5,RAJ2000,DEJ2000,z,True
304627,1,075626.44+132541.1_304627_0.1,150.2106772558066,1.7481078978613231,0.4731999933719635,vizier,zCOSMOS_Lilly2007,J/ApJS/172/70/zcosmos3,1,150.210663,1.748119,0.06502923274045723,0.47269999980926514,-0.0004999935626983643,True,805171,3.5,RAJ2000,DEJ2000,z,True
305096,1,153605.06+260929.4_305096_0.003,149.59559900746342,1.7502437866999663,0.5490000247955322,vizier,COSMOS_Ilbert2013_zspec,J/ApJS/206/8,1,149.59558,1.7502484,0.07038245589613826,0.549,-2.4795532183041757e-08,True,807953,4.5,RAJ2000,DEJ2000,zsp,True
305522,5,083232.38+492348.2_305522_0.03,150.1107308781252,1.7506062748839313,0.7360000014305115,vizier,COSMOS_Ilbert2013_zspec,J/ApJS/206/8,1,150.11073,1.7505987,0.02745203618353731,nan,nan,,,,RAJ2000,DEJ2000,zsp,True
306639,3,081353.37+530113.5_306639_0.0001,150.00617356193536,1.7501848769865749,0.33799999952316284,vizier,zCOSMOS_Lilly2007,J/ApJS/172/70/zcosmos3,1,150.006165,1.750197,0.0534215996069811,0.3375999927520752,-0.0004000067710876465,True,806143,4.5,RAJ2000,DEJ2000,z,True
307027,1,170811.61+244313.3_307027_0.1,149.94028040793555,1.753755540407215,0.8047000169754028,vizier,zCOSMOS_Lilly2007,J/ApJS/172/70/zcosmos3,1,149.940292,1.753781,0.10069972637100365,0.804099977016449,-0.0006000399589538574,True,806455,3.5,RAJ2000,DEJ2000,z,True
308764,2,145603.08+011445.4_308764_0.03,150.2200133692893,1.7573402404681686,2.3620998859405518,vizier,COSMOS_Ilbert2013_zspec,J/ApJS/206/8,1,150.22005,1.7573414,0.1318746185528449,nan,nan,,,,RAJ2000,DEJ2000,zsp,True
308849,3,160317.66+164638.8_308849_0.0001,149.67252867142602,1.7558874300685152,0.5659999847412109,vizier,zCOSMOS_Lilly2007,J/ApJS/172/70/zcosmos3,1,149.672516,1.755899,0.06175627646305233,0.565500020980835,-0.0004999637603759766,True,807626,3.5,RAJ2000,DEJ2000,z,True
309628,15,075114.94+413047.4_309628_0.003,149.72486559237686,1.7589172178309507,0.44760000705718994,vizier,COSMOS_Ilbert2013_zspec,J/ApJS/206/8,1,149.72487,1.758936,0.06945096198755023,nan,nan,,,,RAJ2000,DEJ2000,zsp,True
311213,2,154842.02+091332.6_311213_0.03,150.35700833720952,1.7613372428203813,1.5,vizier,COSMOS_Ilbert2013_zspec,J/ApJS/206/8,1,150.35703,1.7613744,0.15482047447663924,nan,nan,,,,RAJ2000,DEJ2000,zsp,True
311441,7,160307.98+374549.0_311441_0.03,149.9628743255643,1.76224038780215,3.187299966812134,vizier,COSMOS_Ilbert2013_zspec,J/ApJS/206/8,1,149.96291,1.7622316,0.13220812111314323,nan,nan,,,,RAJ2000,DEJ2000,zsp,True
313491,2,091127.27+325336.9_313491_0.01,149.9535544333471,1.7638044384881901,0.28279998898506165,vizier,zCOSMOS_Lilly2007,J/ApJS/172/70/zcosmos3,1,149.953552,1.763817,0.046061313830557345,0.2824000120162964,-0.0003999769687652588,True,806387,4.5,RAJ2000,DEJ2000,z,True
313529,6,152942.75-015934.0_313529_0.0001,150.2675859032098,1.7653450009805023,0.26420000195503235,vizier,COSMOS_Ilbert2013_zspec,J/ApJS/206/8,1,150.26759,1.7653939,0.17665262247100963,nan,nan,,,,RAJ2000,DEJ2000,zsp,True
313620,1,161700.81+124332.2_313620_0.01,150.41363658325395,1.7624744504272574,0.36149999499320984,vizier,zCOSMOS_Lilly2007,J/ApJS/172/70/zcosmos3,1,150.413635,1.762484,0.034847304805458695,0.3610000014305115,-0.0004999935626983643,True,804304,4.5,RAJ2000,DEJ2000,z,True
315911,4,083312.40+401121.1_315911_0.001,150.31993347150964,1.7682706419132697,0.43560001254081726,vizier,zCOSMOS_Lilly2007,J/ApJS/172/70/zcosmos3,1,150.319946,1.768287,0.07416354879354589,0.4350999891757965,-0.000500023365020752,True,804655,3.5,RAJ2000,DEJ2000,z,True
316869,1,084309.86+294404.6_316869_0.1,150.20973890427376,1.7693272659403054,0.4041000008583069,vizier,zCOSMOS_Lilly2007,J/ApJS/172/70/zcosmos3,1,150.209732,1.769337,0.04295562945637715,0.4036000072956085,-0.0004999935626983643,True,805178,3.5,RAJ2000,DEJ2000,z,True
316998,3,155344.42+430615.2_316998_0.0003,149.89696411074584,1.7708931369437069,2.6566998958587646,vizier,COSMOS_Ilbert2013_zspec,J/ApJS/206/8,1,149.89702,1.7709016,0.20339996835339447,nan,nan,,,,RAJ2000,DEJ2000,zsp,True
318682,1,164708.03+255908.3_318682_0.03,149.7102803153186,1.7737285256306636,3.028599977493286,vizier,COSMOS_Ilbert2013_zspec,J/ApJS/206/8,1,149.71027,1.7736857,0.15857738475094751,nan,nan,,,,RAJ2000,DEJ2000,zsp,True
318995,1,030214.27-072021.0_318995_0.3,150.2254228001229,1.7718611512036515,0.7409999966621399,vizier,COSMOS_Ilbert2013_zspec,J/ApJS/206/8,1,150.22543,1.7718697,0.040228383477323215,0.741,3.3378600994282692e-09,True,805101,3.5,RAJ2000,DEJ2000,zsp,True
320911,1,082231.53+231152.0_320911_0.1,149.5961895329131,1.77532895277536,0.660099983215332,vizier,COSMOS_Ilbert2013_zspec,J/ApJS/206/8,1,149.59618,1.7753398,0.05197625742701405,0.6601,1.6784667988822832e-08,True,807950,3.5,RAJ2000,DEJ2000,zsp,True
321637,1,025105.14-001732.1_321637_0.003,149.89426358052262,1.778345280065687,3.449899911880493,vizier,COSMOS_Ilbert2013_zspec,J/ApJS/206/8,1,149.89429,1.7783413,0.09613803297140044,nan,nan,,,,RAJ2000,DEJ2000,zsp,True
322352,1,162504.15+150616.0_322352_0.03,150.0448619681023,1.7790540865787072,3.0,vizier,COSMOS_Ilbert2013_zspec,J/ApJS/206/8,1,150.04488,1.779074,0.09669068529342477,nan,nan,,,,RAJ2000,DEJ2000,zsp,True
322533,1,164258.80+394836.9_322533_0.3,149.56834612548144,1.777761932294018,0.5938000082969666,vizier,zCOSMOS_Lilly2007,J/ApJS/172/70/zcosmos3,1,149.568359,1.777773,0.06110333980086746,0.5932999849319458,-0.000500023365020752,True,808059,3.5,RAJ2000,DEJ2000,z,True
326341,2,081441.91+212918.5_326341_0.03,150.1724555292074,1.7827797799248097,0.16830000281333923,vizier,COSMOS_Ilbert2013_zspec,J/ApJS/206/8,1,150.17247,1.7827846,0.05488486494774343,0.1683,-2.8133392282470027e-09,True,805426,3.5,RAJ2000,DEJ2000,zsp,True
326345,1,083413.90+511214.6_326345_0.01,149.96331638936502,1.7853792419739027,2.3980000019073486,vizier,COSMOS_Ilbert2013_zspec,J/ApJS/206/8,1,149.96332,1.7854065,0.09898520729001917,nan,nan,,,,RAJ2000,DEJ2000,zsp,True
326483,2,083942.11+380526.4_326483_0.3,149.68907859612725,1.7853007780780044,2.3201000690460205,vizier,COSMOS_Ilbert2013_zspec,J/ApJS/206/8,1,149.68912,1.7853411,0.20800631049171503,nan,nan,,,,RAJ2000,DEJ2000,zsp,True
328126,3,163515.87+143925.9_328126_1,149.59698113882467,1.7856467742378848,1.3348000049591064,vizier,COSMOS_Ilbert2013_zspec,J/ApJS/206/8,1,149.59698,1.785648,0.006021967321434142,nan,nan,,,,RAJ2000,DEJ2000,zsp,True
328247,5,030140.97+011551.1_328247_0.0001,150.00729334721427,1.787261910725556,1.7695000171661377,vizier,COSMOS_Ilbert2013_zspec,J/ApJS/206/8,1,150.00731,1.7872626,0.05997222049587289,nan,nan,,,,RAJ2000,DEJ2000,zsp,True
332075,4,164708.03+255908.3_332075_0.1,150.25462996454422,1.7940516664015989,3.029099941253662,vizier,COSMOS_Ilbert2013_zspec,J/ApJS/206/8,1,150.25464,1.7940725,0.08324103724794976,nan,nan,,,,RAJ2000,DEJ2000,zsp,True
332704,11,083049.34+172826.3_332704_0.003,149.84855300482747,1.7924929292202454,0.26660001277923584,vizier,zCOSMOS_Lilly2007,J/ApJS/172/70/zcosmos3,1,149.848557,1.792488,0.022837453106677768,0.2662000060081482,-0.0004000067710876465,True,806825,4.5,RAJ2000,DEJ2000,z,True
334013,2,092853.51+570735.3_334013_0.03,150.099807631319,1.7965684817139222,1.6766999959945679,vizier,COSMOS_Ilbert2013_zspec,J/ApJS/206/8,1,150.09982,1.796566,0.045393246173622906,nan,nan,,,,RAJ2000,DEJ2000,zsp,True
334667,1,153215.98+073900.2_334667_1,150.33856480414264,1.7940925965412602,0.3400000035762787,vizier,COSMOS_Ilbert2013_zspec,J/ApJS/206/8,1,150.33856,1.7940915,0.017731440681335545,nan,nan,,,,RAJ2000,DEJ2000,zsp,True
335115,4,092019.08+395219.6_335115_0.001,150.09441620096706,1.7986315127194819,0.21809999644756317,vizier,COSMOS_Ilbert2013_zspec,J/ApJS/206/8,1,150.09438,1.7986399,0.1337130071162845,nan,nan,,,,RAJ2000,DEJ2000,zsp,True
335962,1,144317.71-020933.0_335962_0.1,149.89694166195812,1.7991358653274137,1.0471999645233154,vizier,COSMOS_Ilbert2013_zspec,J/ApJS/206/8,1,149.89694,1.7991276,0.03035016066836679,nan,nan,,,,RAJ2000,DEJ2000,zsp,True
338583,7,085919.93+514630.9_338583_0.003,149.63141619086323,1.8010919367072202,0.3856000006198883,vizier,zCOSMOS_Lilly2007,J/ApJS/172/70/zcosmos3,1,149.631409,1.801075,0.066235058301918,0.38510000705718994,-0.0004999935626983643,True,814117,4.5,RAJ2000,DEJ2000,z,True
339649,1,090212.41+592415.8_339649_0.03,150.0112450644462,1.8050861351689658,1.0925999879837036,vizier,COSMOS_Ilbert2013_zspec,J/ApJS/206/8,1,150.01128,1.8051008,0.13634161443593013,nan,nan,,,,RAJ2000,DEJ2000,zsp,True
339892,1,090225.23+433002.6_339892_0.1,150.47301244563428,1.8040606846165845,0.7128999829292297,vizier,COSMOS_Ilbert2013_zspec,J/ApJS/206/8,1,150.47302,1.8040607,0.027182292912734614,0.7129,1.7070770241822686e-08,True,810348,3.5,RAJ2000,DEJ2000,zsp,True
340092,4,160913.18+535429.6_340092_0.0001,150.3097400215023,1.804342735570887,0.9860000014305115,vizier,COSMOS_Ilbert2013_zspec,J/ApJS/206/8,1,150.30975,1.8043302,0.05766883590601168,nan,nan,,,,RAJ2000,DEJ2000,zsp,True
342153,1,154735.22+361325.9_342153_0.1,149.86858333571885,1.808150620638823,0.5288000106811523,vizier,COSMOS_Ilbert2013_zspec,J/ApJS/206/8,1,149.86858,1.8081465,0.019081904038282898,0.5288,-1.0681152295966001e-08,True,813109,3.5,RAJ2000,DEJ2000,zsp,True
342432,2,165842.17+270938.8_342432_0.01,149.94864427092145,1.8093144688636218,0.7358999848365784,vizier,zCOSMOS_Lilly2007,J/ApJS/172/70/zcosmos3,1,149.948715,1.809285,0.27572403553858094,0.7353000044822693,-0.000599980354309082,True,812747,3.5,RAJ2000,DEJ2000,z,True
343908,1,091833.82+315621.1_343908_1,149.98699298490558,1.8107025198579436,0.4602000117301941,vizier,COSMOS_Ilbert2013_zspec,J/ApJS/206/8,1,149.98698,1.8107108,0.055421317423144725,0.4602,-1.1730194093839685e-08,True,812602,3.5,RAJ2000,DEJ2000,zsp,True
344952,5,084154.40+315323.0_344952_0.03,150.3915226780983,1.8118022175286848,0.45010000467300415,vizier,zCOSMOS_Lilly2007,J/ApJS/172/70/zcosmos3,1,150.39151,1.811791,0.0609247705195906,0.4496000111103058,-0.0004999935626983643,True,810767,4.5,RAJ2000,DEJ2000,z,True
345695,2,140929.14-015717.6_345695_0.0003,149.83409387148492,1.8142701842696314,0.6365000009536743,vizier,COSMOS_Ilbert2013_zspec,J/ApJS/206/8,1,149.83409,1.8142592,0.041925327277985425,nan,nan,,,,RAJ2000,DEJ2000,zsp,True
346801,1,152735.81+343236.4_346801_0.3,150.35457770846565,1.8161572850292609,0.8162000179290771,vizier,zCOSMOS_Lilly2007,J/ApJS/172/70/zcosmos3,1,150.354568,1.816161,0.03740547975874105,0.8155999779701233,-0.0006000399589538574,True,810916,4.5,RAJ2000,DEJ2000,z,True
347335,1,084142.99+040427.5_347335_0.1,150.02648946215896,1.8175077307109464,0.25049999356269836,vizier,COSMOS_Ilbert2013_zspec,J/ApJS/206/8,1,150.0265,1.8175112,0.03992112005788198,0.2505,6.437301636186277e-09,True,812430,3.5,RAJ2000,DEJ2000,zsp,True
347471,10,092905.50+520449.3_347471_0.0003,150.35935956420482,1.8172326898462885,1.2389999628067017,vizier,COSMOS_Ilbert2013_zspec,J/ApJS/206/8,1,150.35936,1.8172368,0.014879410146295182,nan,nan,,,,RAJ2000,DEJ2000,zsp,True
347699,16,082548.07+095339.4_347699_0.1,149.96466978868457,1.8190501340250682,3.7899999618530273,vizier,COSMOS_Ilbert2013_zspec,J/ApJS/206/8,1,149.96468,1.8190981,0.1765432308518559,nan,nan,,,,RAJ2000,DEJ2000,zsp,True
347949,6,161954.51+010051.5_347949_0.0001,149.58710683024407,1.817586243848353,0.762499988079071,vizier,zCOSMOS_Lilly2007,J/ApJS/172/70/zcosmos3,1,149.587097,1.817583,0.03724896131942009,0.761900007724762,-0.000599980354309082,True,814308,3.5,RAJ2000,DEJ2000,z,True
349593,4,082930.59+081238.0_349593_0.0001,149.5804424310863,1.8204132356884841,0.12729999423027039,vizier,zCOSMOS_Lilly2007,J/ApJS/172/70/zcosmos3,1,149.580444,1.82041,0.012944333609998011,0.12690000236034393,-0.00039999186992645264,True,814341,3.5,RAJ2000,DEJ2000,z,True
350048,1,160249.32+250441.0_350048_0.3,149.5954441681104,1.8194123794323884,0.25839999318122864,vizier,COSMOS_Ilbert2013_zspec,J/ApJS/206/8,1,149.59544,1.8193977,0.0549329055965981,0.2584,6.8187713808676165e-09,True,814277,3.5,RAJ2000,DEJ2000,zsp,True
352976,2,160249.32+250441.0_352976_0.03,149.62923087041756,1.8247971838541073,0.2660999894142151,vizier,zCOSMOS_Lilly2007,J/ApJS/172/70/zcosmos3,1,149.629227,1.824787,0.039217836718110126,0.26570001244544983,-0.0003999769687652588,True,814127,3.5,RAJ2000,DEJ2000,z,True
353393,1,090007.99+364610.6_353393_0.0003,150.17302662982635,1.8262238047889081,0.5120000243186951,vizier,zCOSMOS_Lilly2007,J/ApJS/172/70/zcosmos3,1,150.173019,1.826219,0.032448189201265756,0.5115000009536743,-0.000500023365020752,True,811740,4.5,RAJ2000,DEJ2000,z,True
353648,9,141528.13+010641.0_353648_0.0003,149.77770004645888,1.8252916148266844,0.266400009393692,vizier,zCOSMOS_Lilly2007,J/ApJS/172/70/zcosmos3,1,149.777695,1.825292,0.018210901121996408,0.26600000262260437,-0.0004000067710876465,True,813470,3.5,RAJ2000,DEJ2000,z,True
353655,1,034621.27-000141.5_353655_0.03,149.74847183643334,1.8260828848136592,0.6815000176429749,vizier,COSMOS_Ilbert2013_zspec,J/ApJS/206/8,1,149.74847,1.8260827,0.006641213604131047,0.6815,-1.7642974858844696e-08,True,813579,3.5,RAJ2000,DEJ2000,zsp,True
353788,1,082959.15+235932.4_353788_1,149.86664860551244,1.8272258274393016,0.7041000127792358,vizier,COSMOS_Ilbert2013_zspec,J/ApJS/206/8,1,149.86665,1.8272146,0.04072903426623997,0.7041,-1.277923589171337e-08,True,813116,3.5,RAJ2000,DEJ2000,zsp,True
353917,2,152735.81+343236.4_353917_0.03,150.32867418582808,1.8268564308952207,0.8111000061035156,vizier,COSMOS_Ilbert2013_zspec,J/ApJS/206/8,1,150.32866,1.8268194,0.14274898417048534,0.8112,9.999389648440715e-05,True,811024,4.5,RAJ2000,DEJ2000,zsp,True
354031,6,090234.53+284118.5_354031_0.0003,149.9830981953669,1.8282574200819524,3.563800096511841,vizier,COSMOS_Ilbert2013_zspec,J/ApJS/206/8,1,149.98308,1.8282598,0.06602820112484284,nan,nan,,,,RAJ2000,DEJ2000,zsp,True
355193,10,155735.83+061237.6_355193_0.001,150.13566674312233,1.830133320877472,3.88700008392334,vizier,COSMOS_Ilbert2013_zspec,J/ApJS/206/8,1,150.13567,1.8301302,0.016234487171655276,nan,nan,,,,RAJ2000,DEJ2000,zsp,True
357407,52,154652.15+474533.4_357407_0.0001,150.25044621859638,1.833608862622924,0.5033000111579895,vizier,COSMOS_Ilbert2013_zspec,J/ApJS/206/8,1,150.2504,1.8335975,0.17125865727068135,nan,nan,,,,RAJ2000,DEJ2000,zsp,True
357409,1,155507.28+141817.9_357409_1,150.45101551728115,1.8313591564148912,0.35839998722076416,vizier,zCOSMOS_Lilly2007,J/ApJS/172/70/zcosmos3,1,150.451004,1.831352,0.04879647832160686,0.3578999936580658,-0.0004999935626983643,True,810464,4.5,RAJ2000,DEJ2000,z,True
357643,4,084039.50+180338.8_357643_1,149.58126318476613,1.8325336266443424,0.8985000252723694,vizier,zCOSMOS_Lilly2007,J/ApJS/172/70/zcosmos3,1,149.581253,1.83253,0.03890264932275298,0.8978999853134155,-0.0006000399589538574,True,814333,3.5,RAJ2000,DEJ2000,z,True
357850,8,083226.80+264124.6_357850_0.0003,150.27725462725118,1.8348177658689333,2.3864998817443848,vizier,COSMOS_Ilbert2013_zspec,J/ApJS/206/8,1,150.27728,1.8348769,0.2316331269255798,nan,nan,,,,RAJ2000,DEJ2000,zsp,True
358039,2,021415.26-000414.7_358039_1,150.05887580797284,1.8350893023079924,2.569999933242798,vizier,COSMOS_Ilbert2013_zspec,J/ApJS/206/8,1,150.05878,1.8350353,0.39577091305739376,nan,nan,,,,RAJ2000,DEJ2000,zsp,True
358874,11,152304.08+151155.8_358874_0.001,149.686636874348,1.8320765466430213,0.9192000031471252,vizier,zCOSMOS_Lilly2007,J/ApJS/172/70/zcosmos3,1,149.68663,1.832084,0.036493576514723215,0.9186000227928162,-0.000599980354309082,True,813889,3.5,RAJ2000,DEJ2000,z,True
359582,2,151044.77+194048.7_359582_0.0003,149.7417948824193,1.8356041256465803,0.6651999950408936,vizier,zCOSMOS_Lilly2007,J/ApJS/172/70/zcosmos3,1,149.741791,1.835602,0.01592815404240926,0.6646000146865845,-0.000599980354309082,True,813610,3.5,RAJ2000,DEJ2000,z,True
360531,1,025754.18+000506.4_360531_0.03,149.9268177752439,1.8388751026230477,2.6772000789642334,vizier,COSMOS_Ilbert2013_zspec,J/ApJS/206/8,1,149.92683,1.8388705,0.047003775754988986,nan,nan,,,,RAJ2000,DEJ2000,zsp,True
361281,3,161742.53+322234.3_361281_0.01,150.04877479787075,1.8377843573678825,0.14399999380111694,vizier,zCOSMOS_Lilly2007,J/ApJS/172/70/zcosmos3,1,150.048767,1.837796,0.0504379312757753,0.1436000019311905,-0.00039999186992645264,True,812331,4.5,RAJ2000,DEJ2000,z,True
361528,6,073149.53+284357.1_361528_1,149.95652093346018,1.840101511098269,2.2216999530792236,vizier,COSMOS_Ilbert2013_zspec,J/ApJS/206/8,1,149.95651,1.8401071,0.04418669955792791,nan,nan,,,,RAJ2000,DEJ2000,zsp,True
361797,1,154551.43+034447.1_361797_0.0001,149.527895727467,1.839722362430042,0.6758000254631042,vizier,COSMOS_Ilbert2013_zspec,J/ApJS/206/8,1,149.52789,1.8397201,0.022159355069883726,0.6758,-2.5463104291745253e-08,True,814573,3.5,RAJ2000,DEJ2000,zsp,True
361911,2,135126.32+021942.2_361911_0.0001,149.9328481125997,1.8395400522715588,0.8855999708175659,vizier,COSMOS_Ilbert2013_zspec,J/ApJS/206/8,1,149.93285,1.8395278,0.04462791624016252,nan,nan,,,,RAJ2000,DEJ2000,zsp,True
363912,2,074718.26+321933.1_363912_1,150.37608732473385,1.842585416311115,0.34689998626708984,vizier,zCOSMOS_Lilly2007,J/ApJS/172/70/zcosmos3,1,150.376083,1.842571,0.05418137691093281,0.3465000092983246,-0.0003999769687652588,True,810829,4.5,RAJ2000,DEJ2000,z,True
364314,3,150153.55+111512.1_364314_0.03,149.67845044944167,1.8440118513322157,2.1575000286102295,vizier,COSMOS_Ilbert2013_zspec,J/ApJS/206/8,1,149.67848,1.8440429,0.15426960065319212,nan,nan,,,,RAJ2000,DEJ2000,zsp,True
366739,3,085328.39+431802.3_366739_1,150.31999619989526,1.8490866554834748,2.2462000846862793,vizier,COSMOS_Ilbert2013_zspec,J/ApJS/206/8,1,150.31999,1.8490638,0.08525023520795787,nan,nan,,,,RAJ2000,DEJ2000,zsp,True
366749,5,092523.79+373210.9_366749_0.03,149.76819890385582,1.8475497320782697,0.44359999895095825,vizier,zCOSMOS_Lilly2007,J/ApJS/172/70/zcosmos3,1,149.768188,1.847543,0.046115334989662554,0.4431000053882599,-0.0004999935626983643,True,813496,3.5,RAJ2000,DEJ2000,z,True
366778,2,081629.74+534111.6_366778_0.03,149.726393863241,1.8464326355476113,0.6942999958992004,vizier,COSMOS_Ilbert2013_zspec,J/ApJS/206/8,1,149.72641,1.846429,0.05951899302985986,0.6943,4.100799588790949e-09,True,813692,4.5,RAJ2000,DEJ2000,zsp,True
367158,2,163422.80+460845.9_367158_0.01,149.71573910918127,1.8457737040341127,0.6744999885559082,vizier,COSMOS_Ilbert2013_zspec,J/ApJS/206/8,1,149.71574,1.8457816,0.028605621760737814,0.6745,1.144409178532868e-08,True,813765,4.5,RAJ2000,DEJ2000,zsp,True
367230,19,161545.95+060852.4_367230_0.003,150.33130834131774,1.850013138392997,3.0810000896453857,vizier,COSMOS_Ilbert2013_zspec,J/ApJS/206/8,1,150.33131,1.8500328,0.07103294909034277,nan,nan,,,,RAJ2000,DEJ2000,zsp,True
367520,3,021938.29-002151.5_367520_0.001,150.25597497960888,1.850015942690769,0.54830002784729,vizier,COSMOS_Ilbert2013_zspec,J/ApJS/206/8,1,150.25598,1.8500541,0.1385489503604462,nan,nan,,,,RAJ2000,DEJ2000,zsp,True
367543,5,144240.79+052423.2_367543_0.001,149.9066647326136,1.8496596643209258,0.12269999831914902,vizier,COSMOS_Ilbert2013_zspec,J/ApJS/206/8,1,149.90666,1.8496852,0.09349229823993871,nan,nan,,,,RAJ2000,DEJ2000,zsp,True
367910,1,165006.23+215451.8_367910_0.01,149.69397792964628,1.8486617442958146,0.18790000677108765,vizier,zCOSMOS_Lilly2007,J/ApJS/172/70/zcosmos3,1,149.69397,1.848659,0.030193896029958752,0.1875,-0.0004000067710876465,True,813862,4.5,RAJ2000,DEJ2000,z,True
368004,3,082054.81+100609.4_368004_1,150.4236963032811,1.8487957528999335,0.9627000093460083,vizier,COSMOS_Ilbert2013_zspec,J/ApJS/206/8,1,150.42369,1.8487983,0.024463507947850644,0.9633,0.0005999906539917443,True,810617,3.5,RAJ2000,DEJ2000,zsp,True
368548,2,021440.82+125802.8_368548_0.0003,150.13580801496926,1.850103455528394,0.5554999709129333,vizier,zCOSMOS_Lilly2007,J/ApJS/172/70/zcosmos3,1,150.135803,1.8501,0.021916987784207607,0.5550000071525574,-0.0004999637603759766,True,811936,3.5,RAJ2000,DEJ2000,z,True
368831,5,092837.39+430301.6_368831_0.03,150.2999782766356,1.851920548427192,1.9364999532699585,vizier,COSMOS_Ilbert2013_zspec,J/ApJS/206/8,1,150.29999,1.8519311,0.056764754717685516,nan,nan,,,,RAJ2000,DEJ2000,zsp,True
369418,1,173049.10+585059.5_369418_0.03,150.26743581155054,1.8532816911144394,2.037600040435791,vizier,COSMOS_Ilbert2013_zspec,J/ApJS/206/8,1,150.26747,1.8532573,0.1511380187506965,nan,nan,,,,RAJ2000,DEJ2000,zsp,True
369891,7,110949.57+655935.3_369891_0.1,149.64490663862816,1.8524681609506553,0.4041000008583069,vizier,zCOSMOS_Lilly2007,J/ApJS/172/70/zcosmos3,1,149.644913,1.852451,0.0658832450900674,0.4036000072956085,-0.0004999935626983643,True,814063,3.5,RAJ2000,DEJ2000,z,True
371390,1,084403.74+161814.8_371390_0.01,150.38792906477155,1.8544452291765625,0.6963000297546387,vizier,zCOSMOS_Lilly2007,J/ApJS/172/70/zcosmos3,1,150.387924,1.854446,0.018433693367659886,0.6956999897956848,-0.0006000399589538574,True,810784,3.5,RAJ2000,DEJ2000,z,True
371971,8,025334.57+000108.3_371971_0.001,149.92853956787596,1.8567950902107073,0.16439999639987946,vizier,COSMOS_Ilbert2013_zspec,J/ApJS/206/8,1,149.92854,1.8567505,0.16053228834804223,nan,nan,,,,RAJ2000,DEJ2000,zsp,True
372055,8,140932.31+171149.5_372055_1,149.6446857748266,1.8553327980950733,0.43619999289512634,vizier,zCOSMOS_Lilly2007,J/ApJS/172/70/zcosmos3,1,149.644684,1.855338,0.019785765852694995,0.435699999332428,-0.0004999935626983643,True,814065,4.5,RAJ2000,DEJ2000,z,True
372460,8,075718.02+321320.7_372460_0.03,150.14584030537324,1.8580740501027662,1.4589999914169312,vizier,COSMOS_Ilbert2013_zspec,J/ApJS/206/8,1,150.14584,1.8581094,0.12726437334965296,nan,nan,,,,RAJ2000,DEJ2000,zsp,True
372524,17,161426.81+485958.8_372524_0.3,150.08044439808944,1.8584908297676073,3.8022000789642334,vizier,COSMOS_Ilbert2013_zspec,J/ApJS/206/8,1,150.08044,1.858399,0.3309657031952773,nan,nan,,,,RAJ2000,DEJ2000,zsp,True
373055,3,094225.42+565613.0_373055_0.3,150.44203624537124,1.8575837907705566,0.8352000117301941,vizier,zCOSMOS_Lilly2007,J/ApJS/172/70/zcosmos3,1,150.442032,1.857587,0.01915233584427864,0.8345999717712402,-0.0006000399589538574,True,810514,3.5,RAJ2000,DEJ2000,z,True
373141,25,170729.64+343051.6_373141_0.1,149.56660048506149,1.8576165115437122,0.4318999946117401,vizier,COSMOS_Ilbert2013_zspec,J/ApJS/206/8,1,149.5666,1.8576207,0.015179114508540979,0.4319,5.388259893823744e-09,True,814407,4.5,RAJ2000,DEJ2000,zsp,True
373164,18,091127.27+325336.9_373164_0.03,149.63284945855244,1.8555561717722904,0.28299999237060547,vizier,zCOSMOS_Lilly2007,J/ApJS/172/70/zcosmos3,1,149.632843,1.855563,0.033827332294794656,0.2825999855995178,-0.0004000067710876465,True,814109,3.5,RAJ2000,DEJ2000,z,True
373502,3,075111.52+273638.4_373502_1,149.71576262787858,1.8583795918293833,0.6919999718666077,vizier,COSMOS_Ilbert2013_zspec,J/ApJS/206/8,1,149.71576,1.8583812,0.011087004206844716,0.692,2.8133392282470027e-08,True,813766,4.5,RAJ2000,DEJ2000,zsp,True
373630,4,085316.55+445616.5_373630_0.001,150.36015519137683,1.860032992361786,2.5462000370025635,vizier,COSMOS_Ilbert2013_zspec,J/ApJS/206/8,1,150.36009,1.8601112,0.3664558233354631,nan,nan,,,,RAJ2000,DEJ2000,zsp,True
374162,5,074738.39+245637.3_374162_0.03,149.87437738187666,1.8609550036060083,0.12549999356269836,vizier,zCOSMOS_Lilly2007,J/ApJS/172/70/zcosmos3,1,149.874374,1.860947,0.03127708877140303,0.1251000016927719,-0.00039999186992645264,True,813084,4.5,RAJ2000,DEJ2000,z,True
374257,2,150937.32+224828.1_374257_0.1,150.1256557521119,1.8582437253660289,0.5379999876022339,vizier,zCOSMOS_Lilly2007,J/ApJS/172/70/zcosmos3,1,150.125656,1.858235,0.03142397834699236,0.5375000238418579,-0.0004999637603759766,True,811992,3.5,RAJ2000,DEJ2000,z,True
374262,8,144018.41+122445.0_374262_0.003,149.79667231131037,1.8608329998771147,2.9477999210357666,vizier,COSMOS_Ilbert2013_zspec,J/ApJS/206/8,1,149.79669,1.8608973,0.2400707611237556,nan,nan,,,,RAJ2000,DEJ2000,zsp,True
374264,56,080133.55+141442.8_374264_0.0003,150.09430579903113,1.8611766528658815,1.1990000009536743,vizier,COSMOS_Ilbert2013_zspec,J/ApJS/206/8,1,150.09435,1.8611012,0.3147643665030887,nan,nan,,,,RAJ2000,DEJ2000,zsp,True
374638,16,081505.86+280935.1_374638_0.3,150.39905088358364,1.8607798010084875,1.6023000478744507,vizier,COSMOS_Ilbert2013_zspec,J/ApJS/206/8,1,150.39906,1.8607794,0.032833544850780105,nan,nan,,,,RAJ2000,DEJ2000,zsp,True
374966,11,085758.30+481929.3_374966_0.003,150.16196034831157,1.8611670663806064,1.7588000297546387,vizier,COSMOS_Ilbert2013_zspec,J/ApJS/206/8,1,150.16196,1.8611679,0.003252205561849512,nan,nan,,,,RAJ2000,DEJ2000,zsp,True
375949,14,085234.14+225330.3_375949_0.003,150.10980405998487,1.8621456545334243,1.2979999780654907,vizier,COSMOS_Ilbert2013_zspec,J/ApJS/206/8,1,150.10983,1.8621376,0.09773515262593555,nan,nan,,,,RAJ2000,DEJ2000,zsp,True
376208,5,154631.14+112135.7_376208_0.0001,150.45913647661646,1.8621793760185188,0.7057999968528748,vizier,COSMOS_Ilbert2013_zspec,J/ApJS/206/8,1,150.45914,1.8621958,0.06047017315150637,0.7058,3.1471252270875993e-09,True,810415,3.5,RAJ2000,DEJ2000,zsp,True
376585,7,084727.58+084044.8_376585_0.003,149.95419251518126,1.86430711870735,1.4673999547958374,vizier,COSMOS_Ilbert2013_zspec,J/ApJS/206/8,1,149.95418,1.864333,0.10348389560007488,nan,nan,,,,RAJ2000,DEJ2000,zsp,True
376768,29,165326.73+304023.6_376768_0.003,150.2260995945594,1.8637850639468176,0.9929999709129333,vizier,COSMOS_Ilbert2013_zspec,J/ApJS/206/8,1,150.2261,1.8637927,0.027528472035746845,nan,nan,,,,RAJ2000,DEJ2000,zsp,True
376769,6,083839.16+285852.7_376769_1,149.86311590012383,1.8651331204329569,4.369999885559082,vizier,COSMOS_Ilbert2013_zspec,J/ApJS/206/8,1,149.86311,1.8650762,0.20601030351643757,nan,nan,,,,RAJ2000,DEJ2000,zsp,True
376985,8,144303.36+260329.8_376985_0.03,149.7626352194358,1.8640549928924792,0.26190000772476196,vizier,zCOSMOS_Lilly2007,J/ApJS/172/70/zcosmos3,1,149.762619,1.864052,0.05934533707879751,0.2615000009536743,-0.0004000067710876465,True,813519,3.5,RAJ2000,DEJ2000,z,True
377083,6,080734.81+284958.6_377083_0.3,150.15082468016956,1.8651540567489175,2.1916000843048096,vizier,COSMOS_Ilbert2013_zspec,J/ApJS/206/8,1,150.15085,1.8651673,0.10282386387338434,nan,nan,,,,RAJ2000,DEJ2000,zsp,True
377249,5,144506.24+063019.6_377249_0.3,149.79709449686186,1.8624091957155935,0.2924000024795532,vizier,zCOSMOS_Lilly2007,J/ApJS/172/70/zcosmos3,1,149.797089,1.8624,0.03856283329645753,0.2919999957084656,-0.0004000067710876465,True,813392,4.5,RAJ2000,DEJ2000,z,True
377280,9,100027.88+531834.7_377280_0.0003,150.26192364828995,1.8643532796799638,1.1491999626159668,vizier,COSMOS_Ilbert2013_zspec,J/ApJS/206/8,1,150.26192,1.8643811,0.10100974782902043,nan,nan,,,,RAJ2000,DEJ2000,zsp,True
377421,15,170807.54+300400.4_377421_0.01,150.298072265064,1.8651189536602115,2.04259991645813,vizier,COSMOS_Ilbert2013_zspec,J/ApJS/206/8,1,150.29807,1.865164,0.1623714864092993,nan,nan,,,,RAJ2000,DEJ2000,zsp,True
377422,3,160457.83+410007.3_377422_1,149.72724287870972,1.8644054565070038,0.4722999930381775,vizier,zCOSMOS_Lilly2007,J/ApJS/172/70/zcosmos3,1,149.727234,1.864398,0.04172701929939917,0.4717999994754791,-0.0004999935626983643,True,813688,3.5,RAJ2000,DEJ2000,z,True
377425,15,144239.55+020419.0_377425_0.0003,149.64037847214615,1.8654830245417406,2.823899984359741,vizier,COSMOS_Ilbert2013_zspec,J/ApJS/206/8,1,149.6404,1.8654412,0.1693244099618897,nan,nan,,,,RAJ2000,DEJ2000,zsp,True
377514,13,144453.67+112338.2_377514_1,150.07826979345683,1.865921728838707,2.045300006866455,vizier,COSMOS_Ilbert2013_zspec,J/ApJS/206/8,1,150.07831,1.8659266,0.14572577828714425,nan,nan,,,,RAJ2000,DEJ2000,zsp,True
377847,23,073634.60+402603.5_377847_0.0001,150.2196198145374,1.866314782574007,3.9700000286102295,vizier,COSMOS_Ilbert2013_zspec,J/ApJS/206/8,1,150.21957,1.8663648,0.2540640919954585,nan,nan,,,,RAJ2000,DEJ2000,zsp,True
377850,20,142108.71+224117.4_377850_0.1,150.40941260286928,1.8665234909958626,2.178999900817871,vizier,COSMOS_Ilbert2013_zspec,J/ApJS/206/8,1,150.40942,1.8665515,0.10428596705759341,nan,nan,,,,RAJ2000,DEJ2000,zsp,True
377948,5,163818.84+133045.9_377948_1,149.89386172286987,1.8661557433657863,2.154599905014038,vizier,COSMOS_Ilbert2013_zspec,J/ApJS/206/8,1,149.89388,1.8661546,0.06589145984903512,nan,nan,,,,RAJ2000,DEJ2000,zsp,True
378033,12,152836.69+205348.6_378033_0.003,150.49913944034785,1.8656235410614939,0.5264999866485596,vizier,zCOSMOS_Lilly2007,J/ApJS/172/70/zcosmos3,1,150.49913,1.865619,0.03769647858193007,0.5260000228881836,-0.0004999637603759766,True,810224,4.5,RAJ2000,DEJ2000,z,True
378125,6,165939.77+183436.8_378125_0.03,150.32016122476801,1.8658569223432224,0.16750000417232513,vizier,zCOSMOS_Lilly2007,J/ApJS/172/70/zcosmos3,1,150.32016,1.865843,0.05031379721568401,0.1670999974012375,-0.0004000067710876465,True,811064,4.5,RAJ2000,DEJ2000,z,True
378299,10,080002.76+405927.2_378299_0.0003,150.1354344269091,1.8662069543810396,1.6241999864578247,vizier,COSMOS_Ilbert2013_zspec,J/ApJS/206/8,1,150.13544,1.866235,0.10293627914467604,nan,nan,,,,RAJ2000,DEJ2000,zsp,True
378759,5,025042.90-004138.8_378759_0.3,149.5596274492567,1.8666043412037994,0.4611999988555908,vizier,COSMOS_Ilbert2013_zspec,J/ApJS/206/8,1,149.55962,1.8666193,0.06015320285831946,0.4612,1.144409178532868e-09,True,814439,4.5,RAJ2000,DEJ2000,zsp,True
379037,1,155559.40+390405.4_379037_0.1,149.97375501479837,1.8671652614705017,0.8349000215530396,vizier,COSMOS_Ilbert2013_zspec,J/ApJS/206/8,1,149.97375,1.867165,0.018068224589559975,0.8349,-2.1553039575294974e-08,True,812656,3.5,RAJ2000,DEJ2000,zsp,True
379148,12,145635.72+001150.7_379148_0.0003,150.10732192362323,1.8679434090404086,2.399399995803833,vizier,COSMOS_Ilbert2013_zspec,J/ApJS/206/8,1,150.10733,1.8679531,0.045404728587003194,nan,nan,,,,RAJ2000,DEJ2000,zsp,True
379840,17,154200.91+422357.8_379840_0.01,149.9500283640179,1.869463785681524,2.240000009536743,vizier,COSMOS_Ilbert2013_zspec,J/ApJS/206/8,1,149.95003,1.8695295,0.23664476823623637,nan,nan,,,,RAJ2000,DEJ2000,zsp,True
380020,18,074448.41+252550.3_380020_0.003,150.34570873797333,1.869401009484341,1.6168999671936035,vizier,COSMOS_Ilbert2013_zspec,J/ApJS/206/8,1,150.3457,1.8694378,0.136126323932492,nan,nan,,,,RAJ2000,DEJ2000,zsp,True
380098,2,144110.67+131520.6_380098_1,149.53132796661913,1.8685006507544122,0.5296000242233276,vizier,zCOSMOS_Lilly2007,J/ApJS/172/70/zcosmos3,1,149.531326,1.868495,0.02153826310766945,0.5291000008583069,-0.000500023365020752,True,814558,3.5,RAJ2000,DEJ2000,z,True
380134,13,100028.41+612929.1_380134_1,150.2218771362997,1.8699991218469376,2.968600034713745,vizier,COSMOS_Ilbert2013_zspec,J/ApJS/206/8,1,150.22191,1.8700179,0.13620621624378104,nan,nan,,,,RAJ2000,DEJ2000,zsp,True
380690,9,085657.01+644055.4_380690_0.0001,149.92957295171195,1.8668092023766552,0.3700000047683716,vizier,zCOSMOS_Lilly2007,J/ApJS/172/70/zcosmos3,1,149.929581,1.866799,0.046771563938460145,0.3695000112056732,-0.0004999935626983643,True,812834,3.5,RAJ2000,DEJ2000,z,True
380778,7,093509.48+481910.2_380778_0.03,150.06632759287754,1.8672456772998163,0.21960000693798065,vizier,zCOSMOS_Lilly2007,J/ApJS/172/70/zcosmos3,1,150.066315,1.867248,0.04607537810700001,0.219200000166893,-0.0004000067710876465,True,812275,4.5,RAJ2000,DEJ2000,z,True
381004,69,165500.55+383802.8_381004_0.003,150.02360072738884,1.870705343310025,1.1480000019073486,vizier,COSMOS_Ilbert2013_zspec,J/ApJS/206/8,1,150.02361,1.8707095,0.03656575196689541,nan,nan,,,,RAJ2000,DEJ2000,zsp,True
381459,7,083925.61+045420.2_381459_0.3,150.06276123080275,1.871245753977973,2.4560000896453857,vizier,COSMOS_Ilbert2013_zspec,J/ApJS/206/8,1,150.06277,1.8712568,0.050762735499612355,nan,nan,,,,RAJ2000,DEJ2000,zsp,True
381646,5,085205.91+183922.2_381646_0.1,150.32698989213674,1.8704573702342295,0.838699996471405,vizier,zCOSMOS_Lilly2007,J/ApJS/172/70/zcosmos3,1,150.326981,1.87045,0.04156499118591751,0.838100016117096,-0.000599980354309082,True,811035,3.5,RAJ2000,DEJ2000,z,True
382344,3,075946.50+225845.3_382344_1,149.9824240649163,1.870449274316593,0.3707999885082245,vizier,zCOSMOS_Lilly2007,J/ApJS/172/70/zcosmos3,1,149.982422,1.870443,0.02377809823823381,0.3702999949455261,-0.0004999935626983643,True,812619,4.5,RAJ2000,DEJ2000,z,True
382583,11,164729.85+354605.8_382583_1,150.00464776124147,1.8725404734462943,0.2671000063419342,vizier,zCOSMOS_Lilly2007,J/ApJS/172/70/zcosmos3,1,150.004654,1.872548,0.03518612079841383,0.26669999957084656,-0.0004000067710876465,True,812528,4.5,RAJ2000,DEJ2000,z,True
382682,5,164359.36+344630.3_382682_1,150.01476226058256,1.8715707119460736,0.4251999855041504,vizier,zCOSMOS_Lilly2007,J/ApJS/172/70/zcosmos3,1,150.014771,1.871585,0.06028731111696564,0.424699991941452,-0.0004999935626983643,True,812493,3.5,RAJ2000,DEJ2000,z,True
382702,17,075100.80+392327.4_382702_0.0001,149.59764651588833,1.8719484164361746,0.5753999948501587,vizier,zCOSMOS_Lilly2007,J/ApJS/172/70/zcosmos3,1,149.597641,1.871954,0.028247670997584864,0.5748999714851379,-0.000500023365020752,True,814266,3.5,RAJ2000,DEJ2000,z,True
382779,2,160010.81+444650.5_382779_1,150.05362301492465,1.873801746141767,2.550100088119507,vizier,COSMOS_Ilbert2013_zspec,J/ApJS/206/8,1,150.0536,1.8737864,0.0995466401431648,nan,nan,,,,RAJ2000,DEJ2000,zsp,True
382926,10,152213.71+010117.7_382926_1,150.36275899819987,1.8723316865088946,0.5131999850273132,vizier,zCOSMOS_Lilly2007,J/ApJS/172/70/zcosmos3,1,150.362747,1.872316,0.07108242519540978,0.5127000212669373,-0.0004999637603759766,True,810888,3.5,RAJ2000,DEJ2000,z,True
383183,86,090822.54+251320.7_383183_0.001,150.29179129278478,1.8742394385474563,1.281000018119812,vizier,COSMOS_Ilbert2013_zspec,J/ApJS/206/8,1,150.29179,1.8742505,0.04009198265881328,nan,nan,,,,RAJ2000,DEJ2000,zsp,True
383199,5,085905.54+310522.9_383199_0.01,150.2320535063296,1.873085551204213,0.7461000084877014,vizier,zCOSMOS_Lilly2007,J/ApJS/172/70/zcosmos3,1,150.232056,1.873086,0.009116722795551157,0.7455000281333923,-0.000599980354309082,True,811474,4.5,RAJ2000,DEJ2000,z,True
383517,31,084242.66+104158.9_383517_0.003,150.26533789005822,1.873270230125093,0.5293999910354614,vizier,zCOSMOS_Lilly2007,J/ApJS/172/70/zcosmos3,1,150.265335,1.873266,0.018440108676796203,0.5289000272750854,-0.0004999637603759766,True,811300,3.5,RAJ2000,DEJ2000,z,True
383717,18,162153.56+474405.3_383717_0.01,150.47594479300903,1.8737027283409562,0.8848999738693237,vizier,zCOSMOS_Lilly2007,J/ApJS/172/70/zcosmos3,1,150.475937,1.873707,0.03197990370735224,0.8842999935150146,-0.000599980354309082,True,810338,3.5,RAJ2000,DEJ2000,z,True
383996,11,142715.08+232911.0_383996_0.3,149.93019166064343,1.871306684448627,0.2298000007867813,vizier,zCOSMOS_Lilly2007,J/ApJS/172/70/zcosmos3,1,149.930206,1.871307,0.051606657887825584,0.22939999401569366,-0.0004000067710876465,True,812829,4.5,RAJ2000,DEJ2000,z,True
384651,19,151337.07+201133.6_384651_0.3,149.55185006928747,1.8760283279700365,0.2630999982357025,vizier,zCOSMOS_Lilly2007,J/ApJS/172/70/zcosmos3,1,149.551865,1.876033,0.05629312610806092,0.26269999146461487,-0.0004000067710876465,True,814477,3.5,RAJ2000,DEJ2000,z,True
384694,16,161400.30-011006.0_384694_0.3,150.02559189270124,1.8734452343381112,0.25,vizier,zCOSMOS_Lilly2007,J/ApJS/172/70/zcosmos3,1,150.025574,1.873458,0.07909919435672988,0.24959999322891235,-0.0004000067710876465,True,812438,3.5,RAJ2000,DEJ2000,z,True
384744,7,151529.83+361319.2_384744_0.1,149.5847688901879,1.8750913789398618,0.6898999810218811,vizier,zCOSMOS_Lilly2007,J/ApJS/172/70/zcosmos3,1,149.584763,1.875092,0.021310930833137308,0.689300000667572,-0.000599980354309082,True,814317,3.5,RAJ2000,DEJ2000,z,True
385250,3,151339.85+011727.4_385250_0.03,149.96437060584637,1.8767942366337194,0.21930000185966492,vizier,zCOSMOS_Lilly2007,J/ApJS/172/70/zcosmos3,1,149.964371,1.876787,0.026090454042209086,0.21889999508857727,-0.0004000067710876465,True,812696,4.5,RAJ2000,DEJ2000,z,True
385272,13,154115.79-014208.6_385272_1,150.02250744557568,1.8756245708667696,0.5619999766349792,vizier,zCOSMOS_Lilly2007,J/ApJS/172/70/zcosmos3,1,150.022507,1.875634,0.0339827183319292,0.5615000128746033,-0.0004999637603759766,True,812453,4.5,RAJ2000,DEJ2000,z,True
385598,11,090315.19+252401.0_385598_1,150.00072255153736,1.8765783431225238,0.31850001215934753,vizier,zCOSMOS_Lilly2007,J/ApJS/172/70/zcosmos3,1,150.000702,1.876578,0.07395617149023763,0.3181000053882599,-0.0004000067710876465,True,812547,4.5,RAJ2000,DEJ2000,z,True
385623,23,143250.82+015903.3_385623_0.003,150.01660252981034,1.878094431449074,0.7540000081062317,vizier,COSMOS_Ilbert2013_zspec,J/ApJS/206/8,1,150.01659,1.8781132,0.08122656503862269,nan,nan,,,,RAJ2000,DEJ2000,zsp,True
385984,30,152011.92+043545.9_385984_0.03,149.96247545139326,1.8784249086654874,2.237299919128418,vizier,COSMOS_Ilbert2013_zspec,J/ApJS/206/8,1,149.96249,1.878426,0.05249406736895414,nan,nan,,,,RAJ2000,DEJ2000,zsp,True
385995,14,162003.61+224024.8_385995_0.003,150.12519051465603,1.8747873137591333,0.3264000117778778,vizier,zCOSMOS_Lilly2007,J/ApJS/172/70/zcosmos3,1,150.125183,1.874791,0.030119327928041426,0.32600000500679016,-0.0004000067710876465,True,811996,3.5,RAJ2000,DEJ2000,z,True
386046,24,083155.08+084743.6_386046_1,149.87704037727622,1.878284825620806,0.9369999766349792,vizier,COSMOS_Ilbert2013_zspec,J/ApJS/206/8,1,149.87704,1.878273,0.042593871565863375,nan,nan,,,,RAJ2000,DEJ2000,zsp,True
386109,34,073512.52+292017.1_386109_1,149.95097498151546,1.8790899107225054,2.257699966430664,vizier,COSMOS_Ilbert2013_zspec,J/ApJS/206/8,1,149.95097,1.8790871,0.020582738381449372,nan,nan,,,,RAJ2000,DEJ2000,zsp,True
386178,6,080202.78+101943.1_386178_0.03,149.8345611082885,1.8754154226492485,0.2053000032901764,vizier,COSMOS_Ilbert2013_zspec,J/ApJS/206/8,1,149.83456,1.8754092,0.022753694996748102,0.2053,-3.2901763813431018e-09,True,813238,4.5,RAJ2000,DEJ2000,zsp,True
386230,7,080409.24+385348.8_386230_1,149.60088969910603,1.8769973159604958,0.20819999277591705,vizier,zCOSMOS_Lilly2007,J/ApJS/172/70/zcosmos3,1,149.600876,1.877011,0.06968740024895526,0.2078000009059906,-0.00039999186992645264,True,814252,3.5,RAJ2000,DEJ2000,z,True
386267,8,155708.39+025722.4_386267_0.003,149.59368522278177,1.8777030636875267,0.22030000388622284,vizier,zCOSMOS_Lilly2007,J/ApJS/172/70/zcosmos3,1,149.593674,1.877706,0.041740992871738374,0.2198999971151352,-0.0004000067710876465,True,814280,4.5,RAJ2000,DEJ2000,z,True
386291,36,080620.01+423124.2_386291_0.001,150.12399507677887,1.879118917929503,2.396899938583374,vizier,COSMOS_Ilbert2013_zspec,J/ApJS/206/8,1,150.12402,1.8791215,0.09015582660099254,nan,nan,,,,RAJ2000,DEJ2000,zsp,True
386463,19,155047.26+452515.1_386463_0.3,150.1802035339154,1.878485325154998,1.4459999799728394,vizier,COSMOS_Ilbert2013_zspec,J/ApJS/206/8,1,150.18021,1.8784862,0.02347759745528812,nan,nan,,,,RAJ2000,DEJ2000,zsp,True
386661,3,082231.53+231152.0_386661_0.3,149.7033948831824,1.8777068409427944,0.6607000231742859,vizier,zCOSMOS_Lilly2007,J/ApJS/172/70/zcosmos3,1,149.7034,1.877696,0.04315193628540103,0.660099983215332,-0.0006000399589538574,True,813818,3.5,RAJ2000,DEJ2000,z,True
387193,33,074157.17+340531.0_387193_0.3,150.18914822653775,1.880161604337058,1.0839999914169312,vizier,COSMOS_Ilbert2013_zspec,J/ApJS/206/8,1,150.18916,1.8801644,0.04354079588780391,nan,nan,,,,RAJ2000,DEJ2000,zsp,True
387232,7,080220.61+140111.3_387232_1,150.76757112621263,1.8799007638152716,0.5350000262260437,vizier,zCOSMOS_Lilly2007,J/ApJS/172/70/zcosmos3,1,150.767563,1.879911,0.047040822137852226,0.534500002861023,-0.000500023365020752,True,809050,3.5,RAJ2000,DEJ2000,z,True
387465,7,162830.17+161314.6_387465_0.0003,150.76656308460574,1.8804299907973467,0.7476999759674072,vizier,zCOSMOS_Lilly2007,J/ApJS/172/70/zcosmos3,1,150.766556,1.880434,0.029293317569503152,0.7470999956130981,-0.000599980354309082,True,809055,4.5,RAJ2000,DEJ2000,z,True
387691,7,165423.21+182208.4_387691_1,150.03543360724643,1.8790431277705415,0.6226000189781189,vizier,COSMOS_Ilbert2013_zspec,J/ApJS/206/8,1,150.03543,1.8790448,0.014307266015648669,0.6226,-1.8978118854207082e-08,True,812388,3.5,RAJ2000,DEJ2000,zsp,True
387882,3,080425.95+183339.6_387882_1,150.03333049228192,1.8811899825425054,2.5436999797821045,vizier,COSMOS_Ilbert2013_zspec,J/ApJS/206/8,1,150.03333,1.8811692,0.07483811693814701,nan,nan,,,,RAJ2000,DEJ2000,zsp,True
388284,14,084223.80+281326.8_388284_0.003,150.47094523695287,1.881104079847274,0.4729999899864197,vizier,zCOSMOS_Lilly2007,J/ApJS/172/70/zcosmos3,1,150.470932,1.881099,0.05101759795259577,0.4724999964237213,-0.0004999935626983643,True,810362,4.5,RAJ2000,DEJ2000,z,True
388329,11,164052.87+364114.6_388329_0.0001,149.83433082733904,1.882616682732716,2.642899990081787,vizier,COSMOS_Ilbert2013_zspec,J/ApJS/206/8,1,149.83434,1.8825899,0.1019099961985248,nan,nan,,,,RAJ2000,DEJ2000,zsp,True
388620,28,092050.92+462851.4_388620_0.0001,149.94888220805657,1.8833870273177464,2.4590001106262207,vizier,COSMOS_Ilbert2013_zspec,J/ApJS/206/8,1,149.94888,1.8833967,0.03571646879694806,nan,nan,,,,RAJ2000,DEJ2000,zsp,True
388723,4,160158.11+294330.0_388723_1,150.25602892278795,1.880335869016201,0.5285999774932861,vizier,zCOSMOS_Lilly2007,J/ApJS/172/70/zcosmos3,1,150.256012,1.88033,0.0644508368727803,0.5281000137329102,-0.0004999637603759766,True,811341,4.5,RAJ2000,DEJ2000,z,True
389125,7,081052.68+440801.6_389125_1,150.17653100951566,1.883503085338216,2.3682000637054443,vizier,COSMOS_Ilbert2013_zspec,J/ApJS/206/8,1,150.17659,1.8834938,0.21486709618198033,nan,nan,,,,RAJ2000,DEJ2000,zsp,True
389461,30,091000.55+401158.5_389461_1,150.32378968478417,1.8845667700651336,2.180999994277954,vizier,COSMOS_Ilbert2013_zspec,J/ApJS/206/8,1,150.32379,1.8845867,0.07175672918312824,nan,nan,,,,RAJ2000,DEJ2000,zsp,True
389679,10,142034.52+130201.5_389679_0.3,150.0887806368742,1.8832543156585402,1.4463000297546387,vizier,COSMOS_Ilbert2013_zspec,J/ApJS/206/8,1,150.08879,1.8832529,0.03407234714430816,1.4463,-2.9754638752876872e-08,True,812154,3.5,RAJ2000,DEJ2000,zsp,True
389953,33,164928.87+304652.4_389953_0.03,150.3878755682761,1.8850422373014861,1.1115000247955322,vizier,COSMOS_Ilbert2013_zspec,J/ApJS/206/8,1,150.38786,1.8850708,0.11709338049804942,nan,nan,,,,RAJ2000,DEJ2000,zsp,True
390012,46,075528.54+240834.4_390012_0.0001,150.0599253180963,1.8850140517399756,1.8179999589920044,vizier,COSMOS_Ilbert2013_zspec,J/ApJS/206/8,1,150.05991,1.8850054,0.06330708195995241,nan,nan,,,,RAJ2000,DEJ2000,zsp,True
390334,6,143300.89+103027.7_390334_0.003,150.14888460967737,1.885892532670581,4.139400005340576,vizier,COSMOS_Ilbert2013_zspec,J/ApJS/206/8,1,150.14893,1.8858912,0.16338710553925362,nan,nan,,,,RAJ2000,DEJ2000,zsp,True
390676,26,163428.68+334505.1_390676_0.01,149.74113728640202,1.8863911866187049,3.007499933242798,vizier,COSMOS_Ilbert2013_zspec,J/ApJS/206/8,1,149.74115,1.8863457,0.17002114034209428,nan,nan,,,,RAJ2000,DEJ2000,zsp,True
390809,60,025544.23-072629.7_390809_0.003,150.13007803674722,1.8865064127957323,1.8079999685287476,vizier,COSMOS_Ilbert2013_zspec,J/ApJS/206/8,1,150.13013,1.8865122,0.1881235154580533,nan,nan,,,,RAJ2000,DEJ2000,zsp,True
390975,33,090321.90+415840.0_390975_0.0003,150.0716972282562,1.8866122749184597,0.4790000021457672,vizier,COSMOS_Ilbert2013_zspec,J/ApJS/206/8,1,150.0717,1.8865589,0.19240833611205535,nan,nan,,,,RAJ2000,DEJ2000,zsp,True
391133,13,162458.42+423107.4_391133_0.1,150.01780349865638,1.8861006916837366,0.6575000286102295,vizier,zCOSMOS_Lilly2007,J/ApJS/172/70/zcosmos3,1,150.017807,1.886118,0.06357073421973997,0.6568999886512756,-0.0006000399589538574,True,812473,4.5,RAJ2000,DEJ2000,z,True
391243,11,164311.83+405043.2_391243_0.1,150.05483011079954,1.884770141883549,0.8276000022888184,vizier,zCOSMOS_Lilly2007,J/ApJS/172/70/zcosmos3,1,150.054825,1.884767,0.021589032062005586,0.8270000219345093,-0.000599980354309082,True,812312,4.5,RAJ2000,DEJ2000,z,True
391359,19,092947.24+401403.8_391359_1,149.77127737600804,1.8859453585884285,0.32739999890327454,vizier,zCOSMOS_Lilly2007,J/ApJS/172/70/zcosmos3,1,149.771255,1.885971,0.12248602242427045,0.3269999921321869,-0.0004000067710876465,True,813487,4.5,RAJ2000,DEJ2000,z,True
392130,10,081416.99+252935.1_392130_0.3,150.7491607245638,1.8873447108655315,0.5927000045776367,vizier,zCOSMOS_Lilly2007,J/ApJS/172/70/zcosmos3,1,150.749161,1.887358,0.047851147692060336,0.592199981212616,-0.000500023365020752,True,809118,3.5,RAJ2000,DEJ2000,z,True
392203,54,150010.75+320536.3_392203_0.01,150.2059558825375,1.8854979624334394,0.7360000014305115,vizier,COSMOS_Ilbert2013_zspec,J/ApJS/206/8,1,150.20596,1.8855048,0.02872959262442804,nan,nan,,,,RAJ2000,DEJ2000,zsp,True
392427,18,150821.98+303154.0_392427_0.001,150.33860681322776,1.8888803690035265,1.6061999797821045,vizier,COSMOS_Ilbert2013_zspec,J/ApJS/206/8,1,150.33859,1.8888853,0.06304547034771853,nan,nan,,,,RAJ2000,DEJ2000,zsp,True
392640,12,095212.77+571718.6_392640_0.003,149.94344230564343,1.889219034393974,0.746999979019165,vizier,COSMOS_Ilbert2013_zspec,J/ApJS/206/8,1,149.94344,1.889218,0.009093250036408672,nan,nan,,,,RAJ2000,DEJ2000,zsp,True
392693,53,143546.60+143640.5_392693_0.003,149.73280159134367,1.8897900256017464,3.2588000297546387,vizier,COSMOS_Ilbert2013_zspec,J/ApJS/206/8,1,149.73279,1.8897794,0.05659178788673313,nan,nan,,,,RAJ2000,DEJ2000,zsp,True
392696,19,034058.01-000806.3_392696_0.01,150.1370873342567,1.8872871172650196,0.571399986743927,vizier,zCOSMOS_Lilly2007,J/ApJS/172/70/zcosmos3,1,150.13707,1.887274,0.07822968151223159,0.570900022983551,-0.0004999637603759766,True,811929,3.5,RAJ2000,DEJ2000,z,True
392733,7,031331.22-070422.8_392733_0.03,150.35531442883868,1.8897378566683471,2.7892000675201416,vizier,COSMOS_Ilbert2013_zspec,J/ApJS/206/8,1,150.35532,1.8897114,0.0973305381835366,nan,nan,,,,RAJ2000,DEJ2000,zsp,True
392740,6,084347.84+203752.4_392740_0.003,149.86207796769222,1.8884104827597497,0.22059999406337738,vizier,zCOSMOS_Lilly2007,J/ApJS/172/70/zcosmos3,1,149.862076,1.888403,0.027852765577143203,0.22020000219345093,-0.00039999186992645264,True,813130,4.5,RAJ2000,DEJ2000,z,True
392746,2,173239.82+613041.0_392746_1,150.30041735254477,1.8881769436797229,0.536300003528595,vizier,zCOSMOS_Lilly2007,J/ApJS/172/70/zcosmos3,1,150.300415,1.888168,0.03329131324783652,0.5357999801635742,-0.000500023365020752,True,811151,4.5,RAJ2000,DEJ2000,z,True
392928,18,154432.94+202626.1_392928_0.1,149.9834528232175,1.8888156538937892,0.2754000127315521,vizier,zCOSMOS_Lilly2007,J/ApJS/172/70/zcosmos3,1,149.983459,1.888809,0.03267592449974422,0.2750000059604645,-0.0004000067710876465,True,812615,4.5,RAJ2000,DEJ2000,z,True
393599,18,091854.48+583339.6_393599_0.3,150.51384288285843,1.890626417319771,1.3102999925613403,vizier,COSMOS_Ilbert2013_zspec,J/ApJS/206/8,1,150.51382,1.8906361,0.08940834376632449,nan,nan,,,,RAJ2000,DEJ2000,zsp,True
393789,8,154955.29+420327.9_393789_0.03,149.98199930515597,1.8909713369839538,0.9290000200271606,vizier,COSMOS_Ilbert2013_zspec,J/ApJS/206/8,1,149.98196,1.8910084,0.19442933969187212,nan,nan,,,,RAJ2000,DEJ2000,zsp,True
393969,8,013607.51+230325.6_393969_0.3,150.05979979753872,1.891405137138278,2.2887001037597656,vizier,COSMOS_Ilbert2013_zspec,J/ApJS/206/8,1,150.05981,1.8914239,0.07687680137616834,nan,nan,,,,RAJ2000,DEJ2000,zsp,True
394374,19,083906.53+575417.0_394374_1,149.70032804604912,1.8916384969991986,1.5257999897003174,vizier,COSMOS_Ilbert2013_zspec,J/ApJS/206/8,1,149.70033,1.8916374,0.008063655451888321,nan,nan,,,,RAJ2000,DEJ2000,zsp,True
394505,18,153308.29+163233.9_394505_1,149.56710880859737,1.8912589751982642,0.38429999351501465,vizier,zCOSMOS_Lilly2007,J/ApJS/172/70/zcosmos3,1,149.567108,1.891263,0.01477849179837188,0.3837999999523163,-0.0004999935626983643,True,814401,4.5,RAJ2000,DEJ2000,z,True
394702,11,150654.94+004004.2_394702_0.3,150.27981782967703,1.8918695442253592,1.1725000143051147,vizier,COSMOS_Ilbert2013_zspec,J/ApJS/206/8,1,150.27982,1.8919055,0.12967612254491573,nan,nan,,,,RAJ2000,DEJ2000,zsp,True
394723,9,133712.88-024752.7_394723_0.003,150.74526180537205,1.8908038563926746,0.7200000286102295,vizier,zCOSMOS_Lilly2007,J/ApJS/172/70/zcosmos3,1,150.745255,1.890804,0.024491457251562296,0.7196000218391418,-0.0004000067710876465,True,809138,3.5,RAJ2000,DEJ2000,z,True
394742,4,092945.44+441435.1_394742_0.003,149.8906423934232,1.8917492801288507,0.33880001306533813,vizier,COSMOS_Ilbert2013_zspec,J/ApJS/206/8,1,149.89064,1.8917476,0.010523499586041027,0.3388,-1.3065338144713223e-08,True,813015,3.5,RAJ2000,DEJ2000,zsp,True
395038,8,161958.24+452631.2_395038_0.3,150.21111124572116,1.8932501713129586,2.6786999702453613,vizier,COSMOS_Ilbert2013_zspec,J/ApJS/206/8,1,150.21111,1.8932534,0.012457533267021571,nan,nan,,,,RAJ2000,DEJ2000,zsp,True
395058,11,133553.88-022636.1_395058_1,150.25901701266943,1.8913566372223212,0.445499986410141,vizier,zCOSMOS_Lilly2007,J/ApJS/172/70/zcosmos3,1,150.259003,1.89135,0.055793465931112854,0.4449999928474426,-0.0004999935626983643,True,811327,3.5,RAJ2000,DEJ2000,z,True
395175,23,030054.53-003403.3_395175_0.3,149.81762598200373,1.8936735585091837,2.4846999645233154,vizier,COSMOS_Ilbert2013_zspec,J/ApJS/206/8,1,149.8176,1.8936862,0.10397300220774143,nan,nan,,,,RAJ2000,DEJ2000,zsp,True
395282,5,082615.58+405806.1_395282_1,150.59595407834132,1.892576427200116,0.3140999972820282,vizier,zCOSMOS_Lilly2007,J/ApJS/172/70/zcosmos3,1,150.595947,1.892577,0.025551472303130363,0.31369999051094055,-0.0004000067710876465,True,809761,4.5,RAJ2000,DEJ2000,z,True
395325,3,165912.98+253125.8_395325_1,149.46605277549048,1.8919474647009824,0.6909000277519226,vizier,COSMOS_Ilbert2013_zspec,J/ApJS/206/8,1,149.46605,1.8919497,0.012825053786027461,0.6909,-2.775192264881099e-08,True,814866,3.5,RAJ2000,DEJ2000,zsp,True
395385,2,160627.23+181502.6_395385_0.3,149.84104540918534,1.8926525351317953,0.6834999918937683,vizier,zCOSMOS_Lilly2007,J/ApJS/172/70/zcosmos3,1,149.841049,1.892644,0.033332259875759815,0.6829000115394592,-0.000599980354309082,True,813220,4.5,RAJ2000,DEJ2000,z,True
395521,10,162058.51+103905.4_395521_0.0003,150.21956723777052,1.8940631844816065,2.6828999519348145,vizier,COSMOS_Ilbert2013_zspec,J/ApJS/206/8,1,150.21959,1.8940706,0.08614033510853535,nan,nan,,,,RAJ2000,DEJ2000,zsp,True
395885,3,090803.84+312157.4_395885_0.03,149.98824277585592,1.8925168258164657,0.3416999876499176,vizier,zCOSMOS_Lilly2007,J/ApJS/172/70/zcosmos3,1,149.988235,1.892513,0.031184159925656648,0.34130001068115234,-0.0003999769687652588,True,812594,3.5,RAJ2000,DEJ2000,z,True
395903,18,142037.49+103049.6_395903_0.01,149.80982618419955,1.8926183566375987,0.6833999752998352,vizier,zCOSMOS_Lilly2007,J/ApJS/172/70/zcosmos3,1,149.809814,1.892609,0.055285435805271996,0.6827999949455261,-0.000599980354309082,True,813335,4.5,RAJ2000,DEJ2000,z,True
396106,5,083129.51+390149.5_396106_1,149.9745777018445,1.8940076243573996,0.5389999747276306,vizier,zCOSMOS_Lilly2007,J/ApJS/172/70/zcosmos3,1,149.974579,1.894005,0.010539222809503772,0.5385000109672546,-0.0004999637603759766,True,812650,4.5,RAJ2000,DEJ2000,z,True
396214,4,161958.24+452631.2_396214_1,150.4036564637175,1.8952350458666822,2.6956000328063965,vizier,COSMOS_Ilbert2013_zspec,J/ApJS/206/8,1,150.40366,1.8952668,0.11502079428181716,nan,nan,,,,RAJ2000,DEJ2000,zsp,True
396252,13,152712.64+471321.2_396252_0.3,149.9107296621255,1.8937249798218945,0.7749999761581421,vizier,zCOSMOS_Lilly2007,J/ApJS/172/70/zcosmos3,1,149.910736,1.893721,0.026931217368576052,0.774399995803833,-0.000599980354309082,True,812920,3.5,RAJ2000,DEJ2000,z,True
396278,8,154514.11+412156.6_396278_1,149.86888714348854,1.8950941429520898,0.8330000042915344,vizier,COSMOS_Ilbert2013_zspec,J/ApJS/206/8,1,149.86884,1.8951123,0.18178240349464297,nan,nan,,,,RAJ2000,DEJ2000,zsp,True
396396,2,075946.50+225845.3_396396_0.3,150.14058800643213,1.892426998238112,0.3702000081539154,vizier,COSMOS_Ilbert2013_zspec,J/ApJS/206/8,1,150.14059,1.8924309,0.015771831572351642,0.3702,-8.153915431741154e-09,True,811908,4.5,RAJ2000,DEJ2000,zsp,True
396747,4,021447.00-003250.6_396747_0.001,150.22693019360014,1.893353932822636,0.34529998898506165,vizier,zCOSMOS_Lilly2007,J/ApJS/172/70/zcosmos3,1,150.226913,1.893349,0.06436150936972063,0.3449000120162964,-0.0003999769687652588,True,811514,4.5,RAJ2000,DEJ2000,z,True
396799,14,144201.48+212040.6_396799_1,149.93666333808633,1.8963344768373807,2.947999954223633,vizier,COSMOS_Ilbert2013_zspec,J/ApJS/206/8,1,149.93665,1.8963145,0.08645876279523727,nan,nan,,,,RAJ2000,DEJ2000,zsp,True
396922,20,022837.85+002215.4_396922_0.03,149.7166742336864,1.8937382722254752,0.6172000169754028,vizier,COSMOS_Ilbert2013_zspec,J/ApJS/206/8,1,149.71667,1.8937373,0.015629867259382025,0.6172,-1.6975402861163502e-08,True,813760,4.5,RAJ2000,DEJ2000,zsp,True
397548,9,092135.57+551018.8_397548_1,149.583787552125,1.895913267623217,0.8367000222206116,vizier,zCOSMOS_Lilly2007,J/ApJS/172/70/zcosmos3,1,149.583786,1.895912,0.0072119813919044075,0.8360999822616577,-0.0006000399589538574,True,814322,3.5,RAJ2000,DEJ2000,z,True
397626,4,150117.42+323823.9_397626_0.3,150.23361062949814,1.8965089182010464,0.5978000164031982,vizier,zCOSMOS_Lilly2007,J/ApJS/172/70/zcosmos3,1,150.233612,1.896511,0.008971229654678033,0.5972999930381775,-0.000500023365020752,True,811457,3.5,RAJ2000,DEJ2000,z,True
397991,26,142343.58+171247.1_397991_0.0003,150.39355188876192,1.898106843132525,1.8939000368118286,vizier,COSMOS_Ilbert2013_zspec,J/ApJS/206/8,1,150.39354,1.8981307,0.09594778189312154,nan,nan,,,,RAJ2000,DEJ2000,zsp,True
397996,9,080437.62+265448.5_397996_0.1,150.31298099962322,1.8975990076823748,1.1686999797821045,vizier,COSMOS_Ilbert2013_zspec,J/ApJS/206/8,1,150.31297,1.8976153,0.07075613468567193,nan,nan,,,,RAJ2000,DEJ2000,zsp,True
398079,15,143359.95+082800.9_398079_0.0001,150.35505567030958,1.898276609088282,1.6246999502182007,vizier,COSMOS_Ilbert2013_zspec,J/ApJS/206/8,1,150.35506,1.8982817,0.02405355875270698,nan,nan,,,,RAJ2000,DEJ2000,zsp,True
398131,38,075643.10+310248.9_398131_0.0003,150.1213387537601,1.8964355246493867,0.2791999876499176,vizier,zCOSMOS_Lilly2007,J/ApJS/172/70/zcosmos3,1,150.121338,1.896436,0.0032068105890021843,0.27880001068115234,-0.0003999769687652588,True,812019,4.5,RAJ2000,DEJ2000,z,True
398644,10,172756.85+581205.9_398644_0.3,150.2309669679671,1.8974598477924487,0.4205999970436096,vizier,zCOSMOS_Lilly2007,J/ApJS/172/70/zcosmos3,1,150.230972,1.897463,0.021367753519511198,0.42010000348091125,-0.0004999935626983643,True,811487,4.5,RAJ2000,DEJ2000,z,True
398880,21,140337.31+024707.6_398880_1,150.17897382487118,1.8988969475121795,1.1410000324249268,vizier,COSMOS_Ilbert2013_zspec,J/ApJS/206/8,1,150.17899,1.8989044,0.06408476208405198,nan,nan,,,,RAJ2000,DEJ2000,zsp,True
399100,10,090731.92+441613.1_399100_0.1,149.7026768824757,1.897453971194866,0.6955999732017517,vizier,COSMOS_Ilbert2013_zspec,J/ApJS/206/8,1,149.70268,1.897458,0.01833512665549287,0.6956,2.679824828710764e-08,True,813825,3.5,RAJ2000,DEJ2000,zsp,True
399110,12,164729.85+354605.8_399110_0.03,150.1305243303638,1.8961967133890596,0.25679999589920044,vizier,zCOSMOS_Lilly2007,J/ApJS/172/70/zcosmos3,1,150.130524,1.89621,0.0478465666612945,0.2563999891281128,-0.0004000067710876465,True,811968,4.5,RAJ2000,DEJ2000,z,True
399209,4,170804.21+380325.2_399209_1,149.65712662762203,1.895784661571969,0.31040000915527344,vizier,zCOSMOS_Lilly2007,J/ApJS/172/70/zcosmos3,1,149.65712,1.895784,0.023965019024824077,0.3100000023841858,-0.0004000067710876465,True,814012,3.5,RAJ2000,DEJ2000,z,True
399385,11,151134.54+245515.2_399385_0.003,150.08534833594987,1.89583332412201,0.3425999879837036,vizier,zCOSMOS_Lilly2007,J/ApJS/172/70/zcosmos3,1,150.085342,1.89583,0.025746950361287612,0.34220001101493835,-0.0003999769687652588,True,812167,4.5,RAJ2000,DEJ2000,z,True
399716,20,093509.35+514116.4_399716_1,150.2823108016831,1.9001226679907757,2.7170000076293945,vizier,COSMOS_Ilbert2013_zspec,J/ApJS/206/8,1,150.28235,1.9001594,0.1933323772962295,nan,nan,,,,RAJ2000,DEJ2000,zsp,True
400046,14,080611.98+225545.2_400046_0.0001,150.2537945627543,1.8970328188725645,0.3619999885559082,vizier,zCOSMOS_Lilly2007,J/ApJS/172/70/zcosmos3,1,150.253784,1.897032,0.03811923481329108,0.36149999499320984,-0.0004999935626983643,True,811357,4.5,RAJ2000,DEJ2000,z,True
400069,2,083543.04+431309.0_400069_0.3,150.16023556851928,1.8992712670438125,0.5277000069618225,vizier,zCOSMOS_Lilly2007,J/ApJS/172/70/zcosmos3,1,150.160233,1.899273,0.011150230321431727,0.5271999835968018,-0.000500023365020752,True,811807,3.5,RAJ2000,DEJ2000,z,True
400224,8,163343.16+460105.0_400224_0.001,149.8738341610137,1.9001392520653702,0.869700014591217,vizier,COSMOS_Ilbert2013_zspec,J/ApJS/206/8,1,149.87383,1.9001259,0.05034502491479642,0.8697,-1.459121701241628e-08,True,813088,3.5,RAJ2000,DEJ2000,zsp,True
401229,18,160918.93+082416.4_401229_0.01,150.262923821922,1.902750863063006,0.7250000238418579,vizier,COSMOS_Ilbert2013_zspec,J/ApJS/206/8,1,150.26291,1.9027108,0.15256033477159472,nan,nan,,,,RAJ2000,DEJ2000,zsp,True
401570,3,092313.69+372656.7_401570_0.003,150.0625274605643,1.9018059568582752,0.361299991607666,vizier,COSMOS_Ilbert2013_zspec,J/ApJS/206/8,1,150.06252,1.9018039,0.02784580431119289,0.3613,8.392333994411416e-09,True,812289,4.5,RAJ2000,DEJ2000,zsp,True
402162,15,134152.25-013055.7_402162_0.1,149.70351925427337,1.9016711175180663,0.753600001335144,vizier,zCOSMOS_Lilly2007,J/ApJS/172/70/zcosmos3,1,149.703506,1.901674,0.048805035529372515,0.753000020980835,-0.000599980354309082,True,813817,3.5,RAJ2000,DEJ2000,z,True
402405,14,083413.11+403208.3_402405_0.0001,150.342768771349,1.9041276942415468,0.8479999899864197,vizier,COSMOS_Ilbert2013_zspec,J/ApJS/206/8,1,150.34277,1.9041418,0.05097278864893143,nan,nan,,,,RAJ2000,DEJ2000,zsp,True
402659,4,155620.71+103911.8_402659_1,149.72247368206158,1.9019397154711906,0.48030000925064087,vizier,zCOSMOS_Lilly2007,J/ApJS/172/70/zcosmos3,1,149.722473,1.901939,0.0035576207926530886,0.4797999858856201,-0.000500023365020752,True,813722,3.5,RAJ2000,DEJ2000,z,True
402870,3,094225.42+565613.0_402870_0.01,149.91984796793207,1.9043593872899658,0.83160001039505,vizier,zCOSMOS_Lilly2007,J/ApJS/172/70/zcosmos3,1,149.919846,1.904356,0.014100889436280408,0.8309999704360962,-0.0006000399589538574,True,812870,3.5,RAJ2000,DEJ2000,z,True
402984,11,162639.79+270155.5_402984_0.3,150.66149643139303,1.9049587860671162,0.8313000202178955,vizier,zCOSMOS_Lilly2007,J/ApJS/172/70/zcosmos3,1,150.661484,1.904962,0.04620051684785638,0.8306999802589417,-0.0006000399589538574,True,809455,3.5,RAJ2000,DEJ2000,z,True
403522,6,022532.90-003120.6_403522_0.3,150.5054665966199,1.9065507817858884,2.83270001411438,vizier,COSMOS_Ilbert2013_zspec,J/ApJS/206/8,1,150.50546,1.9065341,0.06457452870081931,nan,nan,,,,RAJ2000,DEJ2000,zsp,True
403651,8,025119.79-004831.7_403651_0.3,149.9741120707849,1.9050520442094199,0.5586000084877014,vizier,COSMOS_Ilbert2013_zspec,J/ApJS/206/8,1,149.97411,1.9050578,0.022019683749805768,0.5586,-8.487701430581751e-09,True,812654,4.5,RAJ2000,DEJ2000,zsp,True
403815,3,140935.10+002108.3_403815_0.0001,149.4583647422284,1.9043603456853915,0.5396000146865845,vizier,zCOSMOS_Lilly2007,J/ApJS/172/70/zcosmos3,1,149.458359,1.904358,0.02231971383349368,0.5390999913215637,-0.000500023365020752,True,814900,3.5,RAJ2000,DEJ2000,z,True
403826,6,074551.28+402715.0_403826_0.03,150.03584262763195,1.906509072946385,1.5677000284194946,vizier,COSMOS_Ilbert2013_zspec,J/ApJS/206/8,1,150.03584,1.9065135,0.0185305996683546,nan,nan,,,,RAJ2000,DEJ2000,zsp,True
404021,18,083220.08+243100.5_404021_0.03,150.3106799236808,1.9071673291266955,1.2949999570846558,vizier,COSMOS_Ilbert2013_zspec,J/ApJS/206/8,1,150.31068,1.9071645,0.010188557175454947,nan,nan,,,,RAJ2000,DEJ2000,zsp,True
404101,4,162956.09+274800.1_404101_1,150.11033136669778,1.9040253542485739,0.2303999960422516,vizier,zCOSMOS_Lilly2007,J/ApJS/172/70/zcosmos3,1,150.110321,1.904032,0.044313031167673295,0.23000000417232513,-0.00039999186992645264,True,812071,3.5,RAJ2000,DEJ2000,z,True
404165,18,090239.89+395726.7_404165_0.0001,150.4173678032106,1.9077840701787316,3.090100049972534,vizier,COSMOS_Ilbert2013_zspec,J/ApJS/206/8,1,150.41737,1.907823,0.14037006692332074,nan,nan,,,,RAJ2000,DEJ2000,zsp,True
404190,10,161947.55+222706.3_404190_1,150.39582971103064,1.9073320484566203,1.511299967765808,vizier,COSMOS_Ilbert2013_zspec,J/ApJS/206/8,1,150.39581,1.9073728,0.1629485276868285,nan,nan,,,,RAJ2000,DEJ2000,zsp,True
404980,2,020722.55+134622.4_404980_0.3,150.65352681559028,1.9060563668641217,0.5697000026702881,vizier,zCOSMOS_Lilly2007,J/ApJS/172/70/zcosmos3,1,150.653519,1.906064,0.03931764341455375,0.5691999793052673,-0.000500023365020752,True,809490,3.5,RAJ2000,DEJ2000,z,True
405366,14,082520.03+570523.8_405366_0.0003,150.35062343977515,1.9098470049148848,3.4600000381469727,vizier,COSMOS_Ilbert2013_zspec,J/ApJS/206/8,1,150.35063,1.9098942,0.17153404300427022,nan,nan,,,,RAJ2000,DEJ2000,zsp,True
405637,1,151306.52+200244.1_405637_1,150.0161686069475,1.9083670240157995,0.7125999927520752,vizier,zCOSMOS_Lilly2007,J/ApJS/172/70/zcosmos3,1,150.016174,1.908375,0.03465532195757798,0.7120000123977661,-0.000599980354309082,True,812487,3.5,RAJ2000,DEJ2000,z,True
406011,15,155158.24+325440.8_406011_0.0003,149.91576617663657,1.9107586368826561,2.304500102996826,vizier,COSMOS_Ilbert2013_zspec,J/ApJS/206/8,1,149.91576,1.9107558,0.024457841617499483,nan,nan,,,,RAJ2000,DEJ2000,zsp,True
406304,2,165006.23+215451.8_406304_0.1,149.9762562858384,1.9090870870493644,0.18569999933242798,vizier,zCOSMOS_Lilly2007,J/ApJS/172/70/zcosmos3,1,149.976257,1.909087,0.0025885937011190237,0.18529999256134033,-0.0004000067710876465,True,812641,4.5,RAJ2000,DEJ2000,z,True
406638,9,085513.41+551014.1_406638_0.1,150.09409236676396,1.9102491618875745,0.8442000150680542,vizier,zCOSMOS_Lilly2007,J/ApJS/172/70/zcosmos3,1,150.094086,1.910255,0.03108828737889094,0.8435999751091003,-0.0006000399589538574,True,812120,3.5,RAJ2000,DEJ2000,z,True
406680,6,102134.89+600939.4_406680_0.3,149.97998886784183,1.9086329671830677,0.267300009727478,vizier,zCOSMOS_Lilly2007,J/ApJS/172/70/zcosmos3,1,149.97998,1.908631,0.03268300322073963,0.2669000029563904,-0.0004000067710876465,True,812626,3.5,RAJ2000,DEJ2000,z,True
407564,4,085045.73+110840.5_407564_0.03,150.0137666973955,1.9127610129995147,2.6047000885009766,vizier,COSMOS_Ilbert2013_zspec,J/ApJS/206/8,1,150.01376,1.9127837,0.08515389845569728,nan,nan,,,,RAJ2000,DEJ2000,zsp,True
407572,30,080519.55+380032.2_407572_0.0001,150.02767298530944,1.912948290114834,0.8489999771118164,vizier,COSMOS_Ilbert2013_zspec,J/ApJS/206/8,1,150.02768,1.9129405,0.03772912382921685,nan,nan,,,,RAJ2000,DEJ2000,zsp,True
407586,1,151249.80+224200.5_407586_0.03,149.82607752870976,1.9117874844768428,0.33880001306533813,vizier,zCOSMOS_Lilly2007,J/ApJS/172/70/zcosmos3,1,149.826065,1.911786,0.04539392201251061,0.3384000062942505,-0.0004000067710876465,True,813265,4.5,RAJ2000,DEJ2000,z,True
407805,17,150146.52+243321.6_407805_1,149.9340388977105,1.9130538094443021,2.0162999629974365,vizier,COSMOS_Ilbert2013_zspec,J/ApJS/206/8,1,149.93404,1.9130729,0.06884034096195316,nan,nan,,,,RAJ2000,DEJ2000,zsp,True
407979,19,144110.67+131520.6_407979_0.0003,149.89134596561485,1.9132458804234405,0.5270000100135803,vizier,COSMOS_Ilbert2013_zspec,J/ApJS/206/8,1,149.8913,1.9132876,0.22340329899991734,nan,nan,,,,RAJ2000,DEJ2000,zsp,True
407994,7,152712.64+471321.2_407994_0.1,149.56080751448215,1.9123228467522073,0.781499981880188,vizier,zCOSMOS_Lilly2007,J/ApJS/172/70/zcosmos3,1,149.560822,1.912328,0.055322118423768836,0.7809000015258789,-0.000599980354309082,True,814434,3.5,RAJ2000,DEJ2000,z,True
408035,1,141354.73+110047.4_408035_1,149.72543068664444,1.9108346435714767,0.3285999894142151,vizier,zCOSMOS_Lilly2007,J/ApJS/172/70/zcosmos3,1,149.725418,1.910843,0.05466809436598896,0.32820001244544983,-0.0003999769687652588,True,813707,3.5,RAJ2000,DEJ2000,z,True
408387,3,150231.12+400613.2_408387_1,150.25266912554883,1.9127974716733087,0.3472999930381775,vizier,zCOSMOS_Lilly2007,J/ApJS/172/70/zcosmos3,1,150.252655,1.912808,0.06340033274496426,0.34689998626708984,-0.0004000067710876465,True,811362,4.5,RAJ2000,DEJ2000,z,True
408497,3,161450.61+194359.0_408497_0.1,150.7618850755723,1.9130636154898168,0.6859999895095825,vizier,COSMOS_Ilbert2013_zspec,J/ApJS/206/8,1,150.76189,1.9130738,0.040720951001444655,nan,nan,,,,RAJ2000,DEJ2000,zsp,True
409427,7,100006.28+641401.6_409427_1,150.3244699536232,1.9156863412019343,2.2128000259399414,vizier,COSMOS_Ilbert2013_zspec,J/ApJS/206/8,1,150.32448,1.9157369,0.18556625796633863,nan,nan,,,,RAJ2000,DEJ2000,zsp,True
409754,1,152911.55+155655.4_409754_0.003,150.22872492414817,1.9147584974970755,0.21729999780654907,vizier,zCOSMOS_Lilly2007,J/ApJS/172/70/zcosmos3,1,150.228714,1.914764,0.04401451973287917,0.21690000593662262,-0.00039999186992645264,True,811505,4.5,RAJ2000,DEJ2000,z,True
409787,9,072929.62+310505.9_409787_0.3,150.05421837707885,1.9163383247545045,2.3840999603271484,vizier,COSMOS_Ilbert2013_zspec,J/ApJS/206/8,1,150.05421,1.9163162,0.08516125023705204,nan,nan,,,,RAJ2000,DEJ2000,zsp,True
410202,4,093729.12+590923.1_410202_1,150.74749850431664,1.91560276186567,0.694599986076355,vizier,zCOSMOS_Lilly2007,J/ApJS/172/70/zcosmos3,1,150.747498,1.915588,0.053173685310795964,0.6940000057220459,-0.000599980354309082,True,809127,4.5,RAJ2000,DEJ2000,z,True
410204,14,083341.64+303348.8_410204_0.01,150.2723055423099,1.9172976483860824,3.7699999809265137,vizier,COSMOS_Ilbert2013_zspec,J/ApJS/206/8,1,150.27231,1.9173352,0.13613391624574872,nan,nan,,,,RAJ2000,DEJ2000,zsp,True
410813,5,080157.20+260725.6_410813_0.1,150.4078020696226,1.9173509150354224,1.6519999504089355,vizier,COSMOS_Ilbert2013_zspec,J/ApJS/206/8,1,150.40778,1.9173779,0.12546975161169424,nan,nan,,,,RAJ2000,DEJ2000,zsp,True
410831,12,150518.44+005203.6_410831_0.003,149.62680926410474,1.9176309686695072,0.7432000041007996,vizier,COSMOS_Ilbert2013_zspec,J/ApJS/206/8,1,149.62685,1.9176397,0.14989974423261218,nan,nan,,,,RAJ2000,DEJ2000,zsp,True
411055,14,015259.08+145427.9_411055_0.1,150.74873094158798,1.9164919823222704,0.37070000171661377,vizier,zCOSMOS_Lilly2007,J/ApJS/172/70/zcosmos3,1,150.748718,1.916494,0.04712679186990553,0.3702000081539154,-0.0004999935626983643,True,809121,3.5,RAJ2000,DEJ2000,z,True
411236,7,081052.68+440801.6_411236_0.3,150.20940176032795,1.918685612355377,2.3814001083374023,vizier,COSMOS_Ilbert2013_zspec,J/ApJS/206/8,1,150.20943,1.9187022,0.11785451367505338,nan,nan,,,,RAJ2000,DEJ2000,zsp,True
411412,1,154735.22+361325.9_411412_1,149.89013054948438,1.917212347553992,0.5289999842643738,vizier,zCOSMOS_Lilly2007,J/ApJS/172/70/zcosmos3,1,149.890137,1.917208,0.027993051382776805,0.5285000205039978,-0.0004999637603759766,True,813018,4.5,RAJ2000,DEJ2000,z,True
411779,14,080257.57+192338.8_411779_0.3,150.04244852943506,1.919511115916579,1.343000054359436,vizier,COSMOS_Ilbert2013_zspec,J/ApJS/206/8,1,150.04245,1.9195166,0.020439412042014406,nan,nan,,,,RAJ2000,DEJ2000,zsp,True
411797,14,144625.12+000041.4_411797_0.3,150.449555851708,1.9188796620659108,1.0240000486373901,vizier,COSMOS_Ilbert2013_zspec,J/ApJS/206/8,1,150.44957,1.9188998,0.08858385890962887,nan,nan,,,,RAJ2000,DEJ2000,zsp,True
412142,3,154509.08+223112.6_412142_0.03,150.14758267366878,1.918101462540252,0.7347000241279602,vizier,COSMOS_Ilbert2013_zspec,J/ApJS/206/8,1,150.14758,1.9181051,0.01624857103816378,0.7347,-2.4127960185360564e-08,True,811875,4.5,RAJ2000,DEJ2000,zsp,True
412242,87,162423.94+331101.3_412242_0.0003,150.680346253836,1.9199158865385004,1.2920000553131104,vizier,COSMOS_Ilbert2013_zspec,J/ApJS/206/8,1,150.68034,1.9199008,0.058788144459219434,nan,nan,,,,RAJ2000,DEJ2000,zsp,True
412283,5,153920.83+020857.2_412283_0.3,150.75371970277885,1.919538691152805,0.3075000047683716,vizier,zCOSMOS_Lilly2007,J/ApJS/172/70/zcosmos3,1,150.753723,1.919553,0.05286028191675175,0.30709999799728394,-0.0004000067710876465,True,809103,3.5,RAJ2000,DEJ2000,z,True
412685,11,160329.72+502722.2_412685_1,150.75860163559656,1.9196721623612725,0.6320000290870667,vizier,COSMOS_Ilbert2013_zspec,J/ApJS/206/8,1,150.75861,1.9196938,0.08350697577534752,nan,nan,,,,RAJ2000,DEJ2000,zsp,True
412894,12,171930.56+293412.8_412894_1,150.03437339711618,1.9197938813477333,0.17479999363422394,vizier,zCOSMOS_Lilly2007,J/ApJS/172/70/zcosmos3,1,150.034363,1.919798,0.04023988507009271,0.17440000176429749,-0.00039999186992645264,True,812393,4.5,RAJ2000,DEJ2000,z,True
413098,64,072659.65+391751.0_413098_0.003,149.76745414439011,1.9180147458535122,0.9872000217437744,vizier,zCOSMOS_Lilly2007,J/ApJS/172/70/zcosmos3,1,149.767456,1.918014,0.0071961545034190805,0.9865000247955322,-0.0006999969482421875,True,813501,3.5,RAJ2000,DEJ2000,z,True
413418,5,041920.33+075840.6_413418_0.3,149.7984514804945,1.9206620434656918,0.7303000092506409,vizier,zCOSMOS_Lilly2007,J/ApJS/172/70/zcosmos3,1,149.798447,1.920671,0.03604888856318626,0.7297000288963318,-0.000599980354309082,True,813386,3.5,RAJ2000,DEJ2000,z,True
414173,8,082908.17+314404.5_414173_0.3,150.20775833481974,1.9214497491943185,0.5611000061035156,vizier,zCOSMOS_Lilly2007,J/ApJS/172/70/zcosmos3,1,150.207748,1.921457,0.04543174406836213,0.5605999827384949,-0.000500023365020752,True,811598,4.5,RAJ2000,DEJ2000,z,True
414400,13,082746.63+224758.4_414400_0.03,150.58460860824465,1.9229661064660908,0.7350000143051147,vizier,COSMOS_Ilbert2013_zspec,J/ApJS/206/8,1,150.58461,1.9229732,0.026023051456572056,nan,nan,,,,RAJ2000,DEJ2000,zsp,True
414425,9,092642.18+554554.3_414425_1,150.33573015091363,1.9228944743463607,1.6088000535964966,vizier,COSMOS_Ilbert2013_zspec,J/ApJS/206/8,1,150.33572,1.9229259,0.11888161219654518,nan,nan,,,,RAJ2000,DEJ2000,zsp,True
414662,9,082015.61+594228.4_414662_0.003,150.29814640482584,1.922096177402942,0.3578999936580658,vizier,zCOSMOS_Lilly2007,J/ApJS/172/70/zcosmos3,1,150.298141,1.922099,0.02194120520112378,0.35740000009536743,-0.0004999935626983643,True,811159,4.5,RAJ2000,DEJ2000,z,True
415018,90,023147.42-093730.0_415018_0.0003,150.21051822434805,1.9226414293995777,1.3949999809265137,vizier,COSMOS_Ilbert2013_zspec,J/ApJS/206/8,1,150.21054,1.9226471,0.08096407080893418,nan,nan,,,,RAJ2000,DEJ2000,zsp,True
415094,8,141007.12-012002.7_415094_0.0003,149.6970721814898,1.9221167216148256,0.32659998536109924,vizier,zCOSMOS_Lilly2007,J/ApJS/172/70/zcosmos3,1,149.697052,1.922117,0.07261940001134745,0.326200008392334,-0.0003999769687652588,True,813851,3.5,RAJ2000,DEJ2000,z,True
415282,6,155816.71+475645.5_415282_0.001,150.29926640608028,1.9251819672525068,2.6658999919891357,vizier,COSMOS_Ilbert2013_zspec,J/ApJS/206/8,1,150.29922,1.9251534,0.19609863880257042,nan,nan,,,,RAJ2000,DEJ2000,zsp,True
415346,8,084758.80+083409.3_415346_0.3,150.07937659270578,1.9238186381197107,1.4144999980926514,vizier,COSMOS_Ilbert2013_zspec,J/ApJS/206/8,1,150.07944,1.9237835,0.26086071623845924,nan,nan,,,,RAJ2000,DEJ2000,zsp,True
415482,30,160824.42+062749.1_415482_0.01,150.34327122070673,1.9243593810599413,1.1619999408721924,vizier,COSMOS_Ilbert2013_zspec,J/ApJS/206/8,1,150.34328,1.9243751,0.06480741492716083,nan,nan,,,,RAJ2000,DEJ2000,zsp,True
415695,7,080306.75+302411.9_415695_0.0003,150.76352672570115,1.924765861342744,0.3273000121116638,vizier,zCOSMOS_Lilly2007,J/ApJS/172/70/zcosmos3,1,150.763519,1.924775,0.04306993152230782,0.32690000534057617,-0.0004000067710876465,True,809072,3.5,RAJ2000,DEJ2000,z,True
415779,23,160410.85+350616.2_415779_0.0001,150.45697914131716,1.9238905956174637,0.9620000123977661,vizier,COSMOS_Ilbert2013_zspec,J/ApJS/206/8,1,150.45699,1.923898,0.04729624301217215,nan,nan,,,,RAJ2000,DEJ2000,zsp,True
415906,21,150255.28+271313.9_415906_0.03,149.93479444642912,1.9242798157569214,1.0360000133514404,vizier,COSMOS_Ilbert2013_zspec,J/ApJS/206/8,1,149.9348,1.9242878,0.03500627697551329,nan,nan,,,,RAJ2000,DEJ2000,zsp,True
416386,13,143730.46+075127.9_416386_1,150.01650608679552,1.9261628279786458,0.2653000056743622,vizier,zCOSMOS_Lilly2007,J/ApJS/172/70/zcosmos3,1,150.01651,1.926167,0.02058672259143111,0.26489999890327454,-0.0004000067710876465,True,812485,3.5,RAJ2000,DEJ2000,z,True
416576,14,153243.96+102515.0_416576_0.001,150.04653906927948,1.9252098819263994,0.9169999957084656,vizier,zCOSMOS_Lilly2007,J/ApJS/172/70/zcosmos3,1,150.046539,1.925217,0.02562627728597943,0.9182000160217285,0.0012000203132629395,True,812339,2.5,RAJ2000,DEJ2000,z,True
416624,18,084659.77+111909.6_416624_0.1,150.3329449448278,1.9271812845016745,2.7137999534606934,vizier,COSMOS_Ilbert2013_zspec,J/ApJS/206/8,1,150.33298,1.9271951,0.13557923670157745,nan,nan,,,,RAJ2000,DEJ2000,zsp,True
416786,37,171423.37+331728.7_416786_0.03,150.30990010453377,1.9273453127103297,2.1379001140594482,vizier,COSMOS_Ilbert2013_zspec,J/ApJS/206/8,1,150.30991,1.9273669,0.0854816619982455,nan,nan,,,,RAJ2000,DEJ2000,zsp,True
417023,5,090454.99+511444.5_417023_0.003,150.27673543163678,1.9243210153654517,0.22470000386238098,vizier,zCOSMOS_Lilly2007,J/ApJS/172/70/zcosmos3,1,150.276749,1.924334,0.06758932895982572,0.22429999709129333,-0.0004000067710876465,True,811251,3.5,RAJ2000,DEJ2000,z,True
417569,2,075111.52+273638.4_417569_0.3,149.70700483641403,1.925837790427105,0.6895999908447266,vizier,COSMOS_Ilbert2013_zspec,J/ApJS/206/8,1,149.707,1.9258432,0.026116247804051956,0.6896,9.155273428262944e-09,True,813806,4.5,RAJ2000,DEJ2000,zsp,True
417758,5,075111.52+273638.4_417758_1,149.6151134683352,1.926563845542268,0.699999988079071,vizier,COSMOS_Ilbert2013_zspec,J/ApJS/206/8,1,149.61514,1.9265772,0.10688273209058087,nan,nan,,,,RAJ2000,DEJ2000,zsp,True
418067,5,135128.15-001016.9_418067_1,149.88248924180843,1.9285342453189385,0.5281000137329102,vizier,zCOSMOS_Lilly2007,J/ApJS/172/70/zcosmos3,1,149.882492,1.928533,0.010889523545113293,0.5275999903678894,-0.000500023365020752,True,813052,3.5,RAJ2000,DEJ2000,z,True
418494,6,084347.84+203752.4_418494_0.0003,150.75619494273187,1.9287898642032246,0.218299999833107,vizier,zCOSMOS_Lilly2007,J/ApJS/172/70/zcosmos3,1,150.75618,1.928803,0.07160122610767297,0.21789999306201935,-0.0004000067710876465,True,809095,3.5,RAJ2000,DEJ2000,z,True
418625,32,163935.63+464933.3_418625_0.03,150.1460013330749,1.9280413590761971,0.39899998903274536,vizier,zCOSMOS_Lilly2007,J/ApJS/172/70/zcosmos3,1,150.145996,1.928042,0.01932642724551523,0.398499995470047,-0.0004999935626983643,True,811884,4.5,RAJ2000,DEJ2000,z,True
418989,8,152339.56+123813.9_418989_0.0001,150.06363125106566,1.9307237181352483,2.788800001144409,vizier,COSMOS_Ilbert2013_zspec,J/ApJS/206/8,1,150.06364,1.9307164,0.04104822100839684,nan,nan,,,,RAJ2000,DEJ2000,zsp,True
419118,4,164452.01+352054.3_419118_0.3,150.0781114206994,1.928132347740264,0.6654999852180481,vizier,COSMOS_Ilbert2013_zspec,J/ApJS/206/8,1,150.07812,1.9281298,0.03220180499061277,0.6655,1.478195188475695e-08,True,812202,3.5,RAJ2000,DEJ2000,zsp,True
419282,9,084728.22+591437.4_419282_0.0003,150.52829772526195,1.9301852821885355,0.7039999961853027,vizier,COSMOS_Ilbert2013_zspec,J/ApJS/206/8,1,150.52831,1.930169,0.07339127189819637,nan,nan,,,,RAJ2000,DEJ2000,zsp,True
420015,2,090939.38+423259.8_420015_1,149.8442842185223,1.930247824881176,0.3513000011444092,vizier,zCOSMOS_Lilly2007,J/ApJS/172/70/zcosmos3,1,149.844284,1.930252,0.015050977461799309,0.3508000075817108,-0.0004999935626983643,True,813207,3.5,RAJ2000,DEJ2000,z,True
420245,19,083905.57+301656.5_420245_0.1,150.61318665821082,1.932967843211606,1.2699999809265137,vizier,COSMOS_Ilbert2013_zspec,J/ApJS/206/8,1,150.6132,1.9329758,0.05589993240691029,nan,nan,,,,RAJ2000,DEJ2000,zsp,True
420402,63,144924.05+081717.7_420402_0.0001,150.52326369802967,1.9327198080984085,1.36899995803833,vizier,COSMOS_Ilbert2013_zspec,J/ApJS/206/8,1,150.52327,1.9327265,0.033083040960605374,nan,nan,,,,RAJ2000,DEJ2000,zsp,True
420747,22,152738.42+075847.3_420747_0.0003,149.57530574721028,1.933367636617179,0.8370000123977661,vizier,COSMOS_Ilbert2013_zspec,J/ApJS/206/8,1,149.57541,1.9333632,0.37543628436634874,nan,nan,,,,RAJ2000,DEJ2000,zsp,True
420862,2,154458.49+230810.1_420862_0.03,150.75081160174142,1.931667440657432,0.3763999938964844,vizier,zCOSMOS_Lilly2007,J/ApJS/172/70/zcosmos3,1,150.750793,1.931681,0.08283813548092796,0.375900000333786,-0.0004999935626983643,True,809114,4.5,RAJ2000,DEJ2000,z,True
422087,6,134738.78-000211.1_422087_0.1,150.15893480604734,1.935253290414398,0.33180001378059387,vizier,zCOSMOS_Lilly2007,J/ApJS/172/70/zcosmos3,1,150.15892,1.935253,0.053281626857830194,0.3314000070095062,-0.0004000067710876465,True,811816,3.5,RAJ2000,DEJ2000,z,True
422137,5,084403.74+161814.8_422137_1,149.7509647519307,1.9339153514129965,0.6945000290870667,vizier,zCOSMOS_Lilly2007,J/ApJS/172/70/zcosmos3,1,149.750931,1.933943,0.15701695411227118,0.6938999891281128,-0.0006000399589538574,True,813563,4.5,RAJ2000,DEJ2000,z,True
422301,5,150912.07+204004.6_422301_0.1,150.62169403952095,1.9344070819627563,0.3377000093460083,vizier,zCOSMOS_Lilly2007,J/ApJS/172/70/zcosmos3,1,150.621704,1.934406,0.03604834123766814,0.33730000257492065,-0.0004000067710876465,True,809644,3.5,RAJ2000,DEJ2000,z,True
422423,17,022344.80+004049.7_422423_0.3,149.6879753439782,1.9359415645477251,2.9911999702453613,vizier,COSMOS_Ilbert2013_zspec,J/ApJS/206/8,1,149.68796,1.935946,0.057469601471540295,nan,nan,,,,RAJ2000,DEJ2000,zsp,True
422475,6,084115.91+274339.0_422475_0.0003,149.87388887627935,1.9355206850142457,0.5776000022888184,vizier,zCOSMOS_Lilly2007,J/ApJS/172/70/zcosmos3,1,149.873886,1.935516,0.01978785580940154,0.5770999789237976,-0.000500023365020752,True,813087,3.5,RAJ2000,DEJ2000,z,True
422594,2,151529.83+361319.2_422594_1,149.7024844351694,1.9345632851924799,0.6902999877929688,vizier,COSMOS_Ilbert2013_zspec,J/ApJS/206/8,1,149.7025,1.9345788,0.0790933285223588,0.6903,1.220703127469136e-08,True,813828,3.5,RAJ2000,DEJ2000,zsp,True
423118,31,161456.56+460744.1_423118_0.0003,150.36008233151773,1.938106560120314,0.8366000056266785,vizier,COSMOS_Ilbert2013_zspec,J/ApJS/206/8,1,150.36014,1.9381756,0.3237670135510547,nan,nan,,,,RAJ2000,DEJ2000,zsp,True
423483,2,161233.16+344925.5_423483_0.03,150.35099424444482,1.9356003466875817,0.4406999945640564,vizier,zCOSMOS_Lilly2007,J/ApJS/172/70/zcosmos3,1,150.350983,1.935609,0.05106078251802466,0.44020000100135803,-0.0004999935626983643,True,810934,3.5,RAJ2000,DEJ2000,z,True
423644,1,090315.19+252401.0_423644_0.03,149.4734014629511,1.9354244366681312,0.3084999918937683,vizier,zCOSMOS_Lilly2007,J/ApJS/172/70/zcosmos3,1,149.473404,1.935442,0.06388350901823114,0.30809998512268066,-0.0004000067710876465,True,814824,4.5,RAJ2000,DEJ2000,z,True
423780,1,155507.28+141817.9_423780_0.1,149.52015599823628,1.9359230035431805,0.35530000925064087,vizier,zCOSMOS_Lilly2007,J/ApJS/172/70/zcosmos3,1,149.520157,1.935927,0.014831848158329483,0.3547999858856201,-0.000500023365020752,True,814610,4.5,RAJ2000,DEJ2000,z,True
423895,7,154719.93+235912.8_423895_0.003,150.76946555766665,1.9370500870480327,1.2899999618530273,vizier,COSMOS_Ilbert2013_zspec,J/ApJS/206/8,1,150.76945,1.9370348,0.07849802186619802,nan,nan,,,,RAJ2000,DEJ2000,zsp,True
424122,3,142720.14+102729.8_424122_1,149.70394765977775,1.9367788952399514,0.47429999709129333,vizier,COSMOS_Ilbert2013_zspec,J/ApJS/206/8,1,149.70395,1.9367889,0.036988245190048924,0.4743,2.9087066644173376e-09,True,813814,3.5,RAJ2000,DEJ2000,zsp,True
424177,4,163133.14+253441.8_424177_0.0003,150.14096488656838,1.9362924365164278,0.892300009727478,vizier,zCOSMOS_Lilly2007,J/ApJS/172/70/zcosmos3,1,150.140961,1.936286,0.02706398319290126,0.891700029373169,-0.000599980354309082,True,811906,3.5,RAJ2000,DEJ2000,z,True
424390,1,142727.66+033813.0_424390_0.0001,149.9866954595891,1.9388954240020706,1.0098999738693237,vizier,zCOSMOS_Lilly2007,J/ApJS/172/70/zcosmos3,1,149.986694,1.938904,0.03131704167601744,1.0091999769210815,-0.0006999969482421875,True,812603,3.5,RAJ2000,DEJ2000,z,True
424456,1,160902.73+033549.9_424456_0.0003,149.72374513153014,1.9395122144608874,1.4464000463485718,vizier,COSMOS_Ilbert2013_zspec,J/ApJS/206/8,1,149.72375,1.9395028,0.03815098592326807,nan,nan,,,,RAJ2000,DEJ2000,zsp,True
424632,4,152551.37+184552.0_424632_0.01,150.38478525244315,1.938476289849886,0.43320000171661377,vizier,zCOSMOS_Lilly2007,J/ApJS/172/70/zcosmos3,1,150.384781,1.938484,0.03169410970804686,0.4327000081539154,-0.0004999935626983643,True,810793,4.5,RAJ2000,DEJ2000,z,True
425127,3,080337.41+364404.5_425127_0.0003,150.35778218535407,1.9398814997773524,0.37279999256134033,vizier,zCOSMOS_Lilly2007,J/ApJS/172/70/zcosmos3,1,150.357773,1.939887,0.03852613958957258,0.37229999899864197,-0.0004999935626983643,True,810903,3.5,RAJ2000,DEJ2000,z,True
425132,2,152105.03+193031.0_425132_0.03,150.19515006128972,1.9403519847901674,1.3787000179290771,vizier,COSMOS_Ilbert2013_zspec,J/ApJS/206/8,1,150.19514,1.9403504,0.036646701696371936,nan,nan,,,,RAJ2000,DEJ2000,zsp,True
425516,1,151254.37+371831.1_425516_0.1,150.15918317360652,1.9418301146877603,2.758500099182129,vizier,COSMOS_Ilbert2013_zspec,J/ApJS/206/8,1,150.15918,1.9418693,0.14152849135033357,nan,nan,,,,RAJ2000,DEJ2000,zsp,True
425960,2,141834.80+135705.8_425960_0.0003,149.918439880382,1.9416670362270219,1.0003000497817993,vizier,zCOSMOS_Lilly2007,J/ApJS/172/70/zcosmos3,1,149.918427,1.94168,0.06577005836741812,0.9995999932289124,-0.0007000565528869629,True,812878,3.5,RAJ2000,DEJ2000,z,True
425963,1,093506.44+575532.9_425963_0.03,150.51141278442395,1.9420256154311877,1.5397000312805176,vizier,COSMOS_Ilbert2013_zspec,J/ApJS/206/8,1,150.51141,1.9420582,0.11773146205767404,nan,nan,,,,RAJ2000,DEJ2000,zsp,True
425968,8,080912.47+074731.4_425968_0.01,150.53556543639067,1.9393157916569266,0.847000002861023,vizier,zCOSMOS_Lilly2007,J/ApJS/172/70/zcosmos3,1,150.535553,1.939319,0.046212020199125396,0.8464000225067139,-0.000599980354309082,True,810070,3.5,RAJ2000,DEJ2000,z,True
426126,2,135559.03-002413.6_426126_0.01,149.96636729237102,1.9428736432361238,2.3299999237060547,vizier,COSMOS_Ilbert2013_zspec,J/ApJS/206/8,1,149.96634,1.9429204,0.19487316727162263,nan,nan,,,,RAJ2000,DEJ2000,zsp,True
426162,20,100143.68+600822.6_426162_0.003,149.5885747860342,1.9413670922511823,1.2489999532699585,vizier,COSMOS_Ilbert2013_zspec,J/ApJS/206/8,1,149.58855,1.9413761,0.09489138245092603,nan,nan,,,,RAJ2000,DEJ2000,zsp,True
426311,7,150756.85+140549.7_426311_0.003,150.66486393721598,1.941396784583724,0.7480000257492065,vizier,zCOSMOS_Lilly2007,J/ApJS/172/70/zcosmos3,1,150.664856,1.941402,0.03417681230702237,0.7473999857902527,-0.0006000399589538574,True,809443,3.5,RAJ2000,DEJ2000,z,True
426443,5,151104.00+031529.1_426443_0.003,150.2670633239992,1.9428442344414827,0.16850000619888306,vizier,COSMOS_Ilbert2013_zspec,J/ApJS/206/8,1,150.26709,1.9428831,0.1696712780415911,nan,nan,,,,RAJ2000,DEJ2000,zsp,True
426626,2,082615.58+405806.1_426626_0.3,149.51321871742084,1.942582651417478,0.32989999651908875,vizier,zCOSMOS_Lilly2007,J/ApJS/172/70/zcosmos3,1,149.513229,1.942582,0.03707026225593896,0.3294999897480011,-0.0004000067710876465,True,814654,3.5,RAJ2000,DEJ2000,z,True
426913,10,083530.10+482625.1_426913_0.0003,150.65267476924407,1.9410780868834543,0.8004000186920166,vizier,zCOSMOS_Lilly2007,J/ApJS/172/70/zcosmos3,1,150.652679,1.941092,0.05234919571335666,0.7997999787330627,-0.0006000399589538574,True,809495,3.5,RAJ2000,DEJ2000,z,True
427027,1,080202.78+101943.1_427027_0.01,149.72578615747494,1.943319717434432,0.2054000049829483,vizier,zCOSMOS_Lilly2007,J/ApJS/172/70/zcosmos3,1,149.725784,1.943325,0.020540466982455888,0.20499999821186066,-0.0004000067710876465,True,813699,4.5,RAJ2000,DEJ2000,z,True
427108,4,075737.63+201259.2_427108_0.0001,150.26576165203466,1.9442279605983315,1.2389999628067017,vizier,COSMOS_Ilbert2013_zspec,J/ApJS/206/8,1,150.26575,1.9442677,0.14907798123520705,nan,nan,,,,RAJ2000,DEJ2000,zsp,True
427688,3,143515.65+023221.6_427688_0.01,150.55026534051754,1.9437373939405411,0.3107999861240387,vizier,zCOSMOS_Lilly2007,J/ApJS/172/70/zcosmos3,1,150.550262,1.943741,0.01769131148106667,0.31040000915527344,-0.0003999769687652588,True,809999,3.5,RAJ2000,DEJ2000,z,True
427833,1,085337.96+535351.8_427833_0.003,150.32680874906208,1.9449232014413556,1.7127000093460083,vizier,COSMOS_Ilbert2013_zspec,J/ApJS/206/8,1,150.32681,1.9449165,0.024541429838762157,nan,nan,,,,RAJ2000,DEJ2000,zsp,True
428470,2,073931.06+414045.2_428470_0.03,150.29298291179643,1.9458547721336452,1.1740000247955322,vizier,COSMOS_Ilbert2013_zspec,J/ApJS/206/8,1,150.29298,1.9458638,0.03414712515130194,nan,nan,,,,RAJ2000,DEJ2000,zsp,True
428477,3,073519.39+430918.1_428477_0.3,150.20532572482406,1.9453985197703927,0.6209999918937683,vizier,COSMOS_Ilbert2013_zspec,J/ApJS/206/8,1,150.20534,1.9454061,0.058160413923161715,nan,nan,,,,RAJ2000,DEJ2000,zsp,True
428506,3,025938.15+004216.3_428506_1,150.25466741539876,1.9458054341760171,0.1890999972820282,vizier,zCOSMOS_Lilly2007,J/ApJS/172/70/zcosmos3,1,150.254654,1.945806,0.048310550384273176,0.18870000541210175,-0.00039999186992645264,True,811349,3.5,RAJ2000,DEJ2000,z,True
428685,10,152258.72+012647.4_428685_0.003,149.86873678115947,1.9465611394853946,0.328000009059906,vizier,COSMOS_Ilbert2013_zspec,J/ApJS/206/8,1,149.86874,1.9465905,0.10633042283520937,nan,nan,,,,RAJ2000,DEJ2000,zsp,True
428725,1,155134.44+031745.4_428725_0.03,150.0146631035305,1.946759232817249,1.5289000272750854,vizier,COSMOS_Ilbert2013_zspec,J/ApJS/206/8,1,150.01463,1.9467676,0.12285386237208845,nan,nan,,,,RAJ2000,DEJ2000,zsp,True
428768,3,153625.11+282200.5_428768_1,150.51918472096213,1.946559046618268,1.7369999885559082,vizier,COSMOS_Ilbert2013_zspec,J/ApJS/206/8,1,150.51917,1.9465526,0.05782630840982731,nan,nan,,,,RAJ2000,DEJ2000,zsp,True
429456,2,145229.08+093204.9_429456_1,149.67684418443454,1.9479077657262687,2.446899890899658,vizier,COSMOS_Ilbert2013_zspec,J/ApJS/206/8,1,149.67686,1.9479412,0.13313643844462286,nan,nan,,,,RAJ2000,DEJ2000,zsp,True
429766,6,141906.82+055501.9_429766_0.03,150.56661008362076,1.9486136478442861,2.285399913787842,vizier,COSMOS_Ilbert2013_zspec,J/ApJS/206/8,1,150.5666,1.9486796,0.24018364420007354,nan,nan,,,,RAJ2000,DEJ2000,zsp,True
429899,12,091447.41+664140.3_429899_0.001,150.4878020102883,1.9481245429224106,1.2960000038146973,vizier,COSMOS_Ilbert2013_zspec,J/ApJS/206/8,1,150.48779,1.9481237,0.043318464581546645,nan,nan,,,,RAJ2000,DEJ2000,zsp,True
429940,1,151300.36+323658.3_429940_0.3,150.186902878292,1.9484881334234703,2.498800039291382,vizier,COSMOS_Ilbert2013_zspec,J/ApJS/206/8,1,150.18692,1.948505,0.0864970990461456,nan,nan,,,,RAJ2000,DEJ2000,zsp,True
430018,8,163132.50+271728.2_430018_0.03,150.37291804773005,1.9486501664996894,1.832800030708313,vizier,COSMOS_Ilbert2013_zspec,J/ApJS/206/8,1,150.37292,1.948665,0.0538605819177076,nan,nan,,,,RAJ2000,DEJ2000,zsp,True
430114,8,145432.54+343523.9_430114_0.001,150.46069979791136,1.9487974692828582,1.6030999422073364,vizier,COSMOS_Ilbert2013_zspec,J/ApJS/206/8,1,150.46069,1.9488117,0.062187471618112194,nan,nan,,,,RAJ2000,DEJ2000,zsp,True
430338,5,142808.27+174428.1_430338_0.003,150.35190422393143,1.9482720118190622,0.35019999742507935,vizier,zCOSMOS_Lilly2007,J/ApJS/172/70/zcosmos3,1,150.351913,1.948294,0.08522276431761705,0.3497999906539917,-0.0004000067710876465,True,810929,3.5,RAJ2000,DEJ2000,z,True
431505,3,074030.88+392119.5_431505_0.001,149.5965419754368,1.9507577070834539,1.1751999855041504,vizier,COSMOS_Ilbert2013_zspec,J/ApJS/206/8,1,149.59656,1.9507667,0.07248266872112016,nan,nan,,,,RAJ2000,DEJ2000,zsp,True
431815,3,142715.08+232911.0_431815_0.001,149.51599101291512,1.9509267923588363,0.22910000383853912,vizier,zCOSMOS_Lilly2007,J/ApJS/172/70/zcosmos3,1,149.515991,1.950932,0.01874756577765639,0.22869999706745148,-0.0004000067710876465,True,814639,3.5,RAJ2000,DEJ2000,z,True
431890,3,134947.74+045204.1_431890_0.001,150.08294692420662,1.9515916140676708,0.1876000016927719,vizier,COSMOS_Ilbert2013_zspec,J/ApJS/206/8,1,150.08296,1.9516196,0.11119225120730271,nan,nan,,,,RAJ2000,DEJ2000,zsp,True
431971,6,162749.54-003421.3_431971_0.001,150.23767185196323,1.9517016495510207,1.2419999837875366,vizier,COSMOS_Ilbert2013_zspec,J/ApJS/206/8,1,150.23772,1.9517025,0.17325943289907186,nan,nan,,,,RAJ2000,DEJ2000,zsp,True
431978,1,085850.41+393219.0_431978_1,150.59608376878396,1.9507309293647217,0.6118999719619751,vizier,zCOSMOS_Lilly2007,J/ApJS/172/70/zcosmos3,1,150.596069,1.950741,0.06432646325557527,0.6114000082015991,-0.0004999637603759766,True,809760,3.5,RAJ2000,DEJ2000,z,True
431993,4,145716.95+014215.4_431993_0.03,150.20083052718127,1.951770987328506,1.889799952507019,vizier,COSMOS_Ilbert2013_zspec,J/ApJS/206/8,1,150.20081,1.9517442,0.12146665558450315,nan,nan,,,,RAJ2000,DEJ2000,zsp,True
432099,1,080409.24+385348.8_432099_0.0003,150.55995647425726,1.9491856007384945,0.218299999833107,vizier,zCOSMOS_Lilly2007,J/ApJS/172/70/zcosmos3,1,150.559952,1.949194,0.03425554871490155,0.21789999306201935,-0.0004000067710876465,True,809955,3.5,RAJ2000,DEJ2000,z,True
432382,5,163326.49+203014.6_432382_0.3,150.33912324477308,1.9525865999796646,1.545799970626831,vizier,COSMOS_Ilbert2013_zspec,J/ApJS/206/8,1,150.3391,1.9526051,0.10691108732720653,nan,nan,,,,RAJ2000,DEJ2000,zsp,True
432603,12,100241.97+594440.6_432603_0.0001,150.2804079154222,1.9530183908948646,2.2451000213623047,vizier,COSMOS_Ilbert2013_zspec,J/ApJS/206/8,1,150.28041,1.9530556,0.13416258299177788,nan,nan,,,,RAJ2000,DEJ2000,zsp,True
432897,1,080746.32+425153.7_432897_1,150.24964121572174,1.952919822815388,1.1734000444412231,vizier,zCOSMOS_Lilly2007,J/ApJS/172/70/zcosmos3,1,150.249634,1.952923,0.028369433533275732,1.172700047492981,-0.0006999969482421875,True,811376,3.5,RAJ2000,DEJ2000,z,True
433035,1,145901.07+120752.3_433035_0.1,150.5686145176694,1.9508813523917452,0.3840000033378601,vizier,COSMOS_Ilbert2013_zspec,J/ApJS/206/8,1,150.56862,1.9509021,0.07725203794723223,nan,nan,,,,RAJ2000,DEJ2000,zsp,True
433063,8,145451.70+302500.0_433063_0.03,150.205323797894,1.9522358429034796,0.7448999881744385,vizier,zCOSMOS_Lilly2007,J/ApJS/172/70/zcosmos3,1,150.205322,1.952234,0.009266042544965318,0.7443000078201294,-0.000599980354309082,True,811606,3.5,RAJ2000,DEJ2000,z,True
433162,3,152205.06+012626.6_433162_0.3,150.47227323207088,1.951094780727256,0.12250000238418579,vizier,COSMOS_Ilbert2013_zspec,J/ApJS/206/8,1,150.47224,1.9509934,0.38405677241085723,nan,nan,,,,RAJ2000,DEJ2000,zsp,True
433694,1,170804.21+380325.2_433694_0.3,150.00614518679464,1.9536044984383398,0.3061000108718872,vizier,zCOSMOS_Lilly2007,J/ApJS/172/70/zcosmos3,1,150.006149,1.953625,0.07506994183622724,0.30570000410079956,-0.0004000067710876465,True,812526,3.5,RAJ2000,DEJ2000,z,True
434070,3,023740.31-085056.7_434070_0.3,150.4001704797838,1.9558593603765555,2.2832999229431152,vizier,COSMOS_Ilbert2013_zspec,J/ApJS/206/8,1,150.40015,1.9558758,0.09450903087658497,nan,nan,,,,RAJ2000,DEJ2000,zsp,True
434452,6,164941.87+401455.9_434452_0.1,150.39024081432484,1.9554191100560407,1.2339999675750732,vizier,COSMOS_Ilbert2013_zspec,J/ApJS/206/8,1,150.39026,1.955451,0.13395822433272503,nan,nan,,,,RAJ2000,DEJ2000,zsp,True
434468,2,164708.03+255908.3_434468_0.0001,150.38895223980586,1.9561027598336023,3.0355000495910645,vizier,COSMOS_Ilbert2013_zspec,J/ApJS/206/8,1,150.38896,1.9561543,0.18763354717307487,nan,nan,,,,RAJ2000,DEJ2000,zsp,True
434954,8,160515.79+250147.9_434954_0.001,150.03135444635979,1.9556521620105627,0.3702999949455261,vizier,zCOSMOS_Lilly2007,J/ApJS/172/70/zcosmos3,1,150.031357,1.955663,0.04008394277659827,0.36980000138282776,-0.0004999935626983643,True,812409,4.5,RAJ2000,DEJ2000,z,True
435443,5,094804.89+473223.0_435443_0.03,150.53730809061773,1.9568744536121414,1.7259000539779663,vizier,COSMOS_Ilbert2013_zspec,J/ApJS/206/8,1,150.53729,1.9569205,0.17808755238287274,nan,nan,,,,RAJ2000,DEJ2000,zsp,True
435510,4,092259.09+373154.8_435510_1,149.99370088646296,1.9578279159614334,2.3294999599456787,vizier,COSMOS_Ilbert2013_zspec,J/ApJS/206/8,1,149.9937,1.957839,0.04002980017986955,nan,nan,,,,RAJ2000,DEJ2000,zsp,True
435563,4,162229.35+264834.9_435563_0.1,149.69923463697177,1.9560989462391531,0.43849998712539673,vizier,COSMOS_Ilbert2013_zspec,J/ApJS/206/8,1,149.69923,1.9561114,0.04783702629493614,0.4385,1.2874603272372553e-08,True,813843,3.5,RAJ2000,DEJ2000,zsp,True
435667,2,083406.99+303749.4_435667_0.03,149.72938742283935,1.9568468054124397,0.7272999882698059,vizier,zCOSMOS_Lilly2007,J/ApJS/172/70/zcosmos3,1,149.72937,1.956862,0.0831963718038795,0.7267000079154968,-0.000599980354309082,True,813674,3.5,RAJ2000,DEJ2000,z,True
435808,4,161227.47+162444.3_435808_0.1,149.938337562596,1.9573845739988607,0.43939998745918274,vizier,COSMOS_Ilbert2013_zspec,J/ApJS/206/8,1,149.93835,1.9573804,0.04720406139190701,0.4394,1.2540817273531957e-08,True,812792,3.5,RAJ2000,DEJ2000,zsp,True
435886,1,133550.35-012439.3_435886_0.03,149.9932887549239,1.955947528856227,0.5184999704360962,vizier,zCOSMOS_Lilly2007,J/ApJS/172/70/zcosmos3,1,149.993301,1.955959,0.06038503493580902,0.5180000066757202,-0.0004999637603759766,True,812571,3.5,RAJ2000,DEJ2000,z,True
435955,14,090009.35+225214.1_435955_0.0001,149.90295444061928,1.9586944918742686,3.680000066757202,vizier,COSMOS_Ilbert2013_zspec,J/ApJS/206/8,1,149.90303,1.9585832,0.48417567106920395,nan,nan,,,,RAJ2000,DEJ2000,zsp,True
436057,1,015222.08+133415.4_436057_1,150.26265646224323,1.9570879984023741,0.3698999881744385,vizier,zCOSMOS_Lilly2007,J/ApJS/172/70/zcosmos3,1,150.26265,1.957098,0.04286023951605375,0.3693999946117401,-0.0004999935626983643,True,811312,4.5,RAJ2000,DEJ2000,z,True
436135,6,164806.79+272658.8_436135_0.01,149.59586284362507,1.9562206511302702,0.5309000015258789,vizier,COSMOS_Ilbert2013_zspec,J/ApJS/206/8,1,149.59587,1.9562353,0.05868589760747954,0.5309,-1.5258788677030566e-09,True,814273,4.5,RAJ2000,DEJ2000,zsp,True
436240,11,170111.12+251650.1_436240_0.0003,150.3904832698091,1.9570149058371094,0.9613999724388123,vizier,zCOSMOS_Lilly2007,J/ApJS/172/70/zcosmos3,1,150.390472,1.957027,0.059495841368483626,0.9606999754905701,-0.0006999969482421875,True,810774,4.5,RAJ2000,DEJ2000,z,True
436571,10,153512.15+463923.3_436571_0.0003,149.81637302241168,1.9588743654834924,1.2101000547409058,vizier,COSMOS_Ilbert2013_zspec,J/ApJS/206/8,1,149.81641,1.9588591,0.14394506284215403,nan,nan,,,,RAJ2000,DEJ2000,zsp,True
436849,6,162048.74+002005.7_436849_0.0003,150.57971732920203,1.9601908979023719,4.09499979019165,vizier,COSMOS_Ilbert2013_zspec,J/ApJS/206/8,1,150.57976,1.9602375,0.22741123743345412,nan,nan,,,,RAJ2000,DEJ2000,zsp,True
436947,1,164805.75+245455.6_436947_0.03,149.94898467727342,1.9595860980879494,0.2402999997138977,vizier,zCOSMOS_Lilly2007,J/ApJS/172/70/zcosmos3,1,149.94899,1.959581,0.026525134247159982,0.23999999463558197,-0.00030000507831573486,True,812746,4.5,RAJ2000,DEJ2000,z,True
437174,2,085107.26+403822.9_437174_0.3,149.95467423593388,1.9606435685446106,1.5299999713897705,vizier,COSMOS_Ilbert2013_zspec,J/ApJS/206/8,1,149.95467,1.9606332,0.0403182080543123,nan,nan,,,,RAJ2000,DEJ2000,zsp,True
437996,3,142837.17+181711.9_437996_1,149.68903313471552,1.9604280951863786,0.8077999949455261,vizier,COSMOS_Ilbert2013_zspec,J/ApJS/206/8,1,149.68903,1.9604176,0.03943008839391592,0.8078,5.054473839471996e-09,True,820242,3.5,RAJ2000,DEJ2000,zsp,True
438265,5,152950.63+032315.3_438265_1,149.6915354964186,1.961018402975337,1.6430000066757202,vizier,COSMOS_Ilbert2013_zspec,J/ApJS/206/8,1,149.69154,1.961041,0.08294731390137076,nan,nan,,,,RAJ2000,DEJ2000,zsp,True
438398,4,080254.19+112656.4_438398_0.003,150.61586941130116,1.9620002464632735,1.4199999570846558,vizier,COSMOS_Ilbert2013_zspec,J/ApJS/206/8,1,150.61586,1.9620492,0.17945620947812765,nan,nan,,,,RAJ2000,DEJ2000,zsp,True
438414,2,080002.81+440011.4_438414_0.3,149.64828569722417,1.9605872282099606,0.8377000093460083,vizier,zCOSMOS_Lilly2007,J/ApJS/172/70/zcosmos3,1,149.64827,1.960585,0.057043742185549154,0.8371000289916992,-0.000599980354309082,True,820408,3.5,RAJ2000,DEJ2000,z,True
438552,31,164304.15+315800.5_438552_0.03,150.29083561666755,1.9615947614820382,0.8640999794006348,vizier,zCOSMOS_Lilly2007,J/ApJS/172/70/zcosmos3,1,150.290833,1.961582,0.04689604230783002,0.8634999990463257,-0.000599980354309082,True,817677,4.5,RAJ2000,DEJ2000,z,True
438557,1,023518.30-000611.0_438557_0.03,149.72932329020242,1.9622132282838263,1.7337000370025635,vizier,COSMOS_Ilbert2013_zspec,J/ApJS/206/8,1,149.72932,1.9621902,0.08374273202975109,nan,nan,,,,RAJ2000,DEJ2000,zsp,True
439399,1,110022.09+645812.9_439399_0.03,149.58695543022978,1.962591562899462,0.8881999850273132,vizier,zCOSMOS_Lilly2007,J/ApJS/172/70/zcosmos3,1,149.586945,1.962582,0.0509258328072499,0.8876000046730042,-0.000599980354309082,True,820671,3.5,RAJ2000,DEJ2000,z,True
439622,8,142904.01+223842.7_439622_1,149.8875621532425,1.9641927779089488,2.0759999752044678,vizier,COSMOS_Ilbert2013_zspec,J/ApJS/206/8,1,149.88756,1.9641644,0.10245379411223468,nan,nan,,,,RAJ2000,DEJ2000,zsp,True
440362,1,160600.98+034435.9_440362_1,149.64561770870066,1.9632978561130525,0.7883999943733215,vizier,zCOSMOS_Lilly2007,J/ApJS/172/70/zcosmos3,1,149.645615,1.963286,0.043780479718472334,0.7878000140190125,-0.000599980354309082,True,820410,3.5,RAJ2000,DEJ2000,z,True
440429,3,093225.80+593734.4_440429_0.3,150.22800802712914,1.9654573028740348,1.8681000471115112,vizier,COSMOS_Ilbert2013_zspec,J/ApJS/206/8,1,150.228,1.9654564,0.029062991983717913,nan,nan,,,,RAJ2000,DEJ2000,zsp,True
441145,1,165238.29+414035.4_441145_0.03,150.344230296978,1.966128405602457,0.8396999835968018,vizier,COSMOS_Ilbert2013_zspec,J/ApJS/206/8,1,150.34424,1.9661297,0.0352199391120371,0.8397,1.6403198244141493e-08,True,817413,4.5,RAJ2000,DEJ2000,zsp,True
441213,7,083010.61+453321.2_441213_0.001,150.25603874815997,1.965987190962195,0.6732000112533569,vizier,zCOSMOS_Lilly2007,J/ApJS/172/70/zcosmos3,1,150.256027,1.965972,0.06911832741981543,0.6725999712944031,-0.0006000399589538574,True,817842,3.5,RAJ2000,DEJ2000,z,True
441345,17,084830.94+394443.8_441345_0.03,150.0248230780562,1.9677122297087681,3.569999933242798,vizier,COSMOS_Ilbert2013_zspec,J/ApJS/206/8,1,150.02478,1.9677205,0.15782330915919449,nan,nan,,,,RAJ2000,DEJ2000,zsp,True
442173,4,081054.73+501319.5_442173_0.0001,150.1394249451461,1.9676813965240034,0.31439998745918274,vizier,COSMOS_Ilbert2013_zspec,J/ApJS/206/8,1,150.13943,1.9676825,0.01861554517135106,0.3144,1.2540817273531957e-08,True,818387,3.5,RAJ2000,DEJ2000,zsp,True
442496,1,092551.55+661507.2_442496_0.1,150.07851957002643,1.9678228657549053,0.6657999753952026,vizier,zCOSMOS_Lilly2007,J/ApJS/172/70/zcosmos3,1,150.078506,1.967812,0.06256061721169616,0.6651999950408936,-0.000599980354309082,True,818716,3.5,RAJ2000,DEJ2000,z,True
442556,8,075228.65+405931.7_442556_0.01,150.5476785125899,1.967946944457692,0.41530001163482666,vizier,zCOSMOS_Lilly2007,J/ApJS/172/70/zcosmos3,1,150.547668,1.967938,0.04967315755527694,0.4147999882698059,-0.000500023365020752,True,816230,3.5,RAJ2000,DEJ2000,z,True
442758,1,142507.26+203453.3_442758_0.0001,150.0137739177582,1.9672780686409974,1.0,vizier,COSMOS_Ilbert2013_zspec,J/ApJS/206/8,1,150.01376,1.9672679,0.06202842636902673,nan,nan,,,,RAJ2000,DEJ2000,zsp,True
443847,4,155633.78+351757.3_443847_0.01,149.95854721192342,1.9702348301810924,1.4981000423431396,vizier,COSMOS_Ilbert2013_zspec,J/ApJS/206/8,1,149.95857,1.9701744,0.23248557590157076,nan,nan,,,,RAJ2000,DEJ2000,zsp,True
443854,4,094912.76+631916.3_443854_0.0001,150.73934784218383,1.9691150694831676,0.59170001745224,vizier,zCOSMOS_Lilly2007,J/ApJS/172/70/zcosmos3,1,150.739334,1.969105,0.061598337862895355,0.5911999940872192,-0.000500023365020752,True,815409,3.5,RAJ2000,DEJ2000,z,True
444167,24,160620.30+321422.7_444167_0.0001,150.0798625917161,1.9720866852958314,3.621000051498413,vizier,COSMOS_Ilbert2013_zspec,J/ApJS/206/8,1,150.07986,1.9720864,0.00938104441770213,nan,nan,,,,RAJ2000,DEJ2000,zsp,True
444297,2,091520.20+395331.3_444297_0.0003,149.93993187755066,1.970211713158083,0.6370999813079834,vizier,zCOSMOS_Lilly2007,J/ApJS/172/70/zcosmos3,1,149.939926,1.970191,0.07750789864381319,0.6366000175476074,-0.0004999637603759766,True,819255,4.5,RAJ2000,DEJ2000,z,True
444619,8,143722.56+211518.7_444619_0.001,150.1890807436949,1.9724096355129386,1.9063999652862549,vizier,COSMOS_Ilbert2013_zspec,J/ApJS/206/8,1,150.18909,1.9724154,0.039239504271606857,nan,nan,,,,RAJ2000,DEJ2000,zsp,True
444637,4,163515.87+143925.9_444637_0.1,150.02897790329646,1.9721280472109415,1.3388999700546265,vizier,COSMOS_Ilbert2013_zspec,J/ApJS/206/8,1,150.02898,1.9721023,0.09299642684678794,nan,nan,,,,RAJ2000,DEJ2000,zsp,True
444741,16,153132.19+251636.1_444741_0.0001,150.69317744276313,1.9695966959173383,0.44200000166893005,vizier,COSMOS_Ilbert2013_zspec,J/ApJS/206/8,1,150.69319,1.9695954,0.04541958036035208,nan,nan,,,,RAJ2000,DEJ2000,zsp,True
444763,8,081516.01+205223.9_444763_0.3,150.7511962406514,1.9708398527974,0.8429999947547913,vizier,zCOSMOS_Lilly2007,J/ApJS/172/70/zcosmos3,1,150.75119,1.970836,0.02639163792979248,0.8421000242233276,-0.000899970531463623,True,815365,2.5,RAJ2000,DEJ2000,z,True
445116,2,083612.35+451458.4_445116_0.3,150.30173035973806,1.9732244492569169,2.535399913787842,vizier,COSMOS_Ilbert2013_zspec,J/ApJS/206/8,1,150.3017,1.9731998,0.14073222829173646,nan,nan,,,,RAJ2000,DEJ2000,zsp,True
445411,9,082420.28+233949.7_445411_0.1,150.3228226379523,1.9730646924165665,1.6607999801635742,vizier,COSMOS_Ilbert2013_zspec,J/ApJS/206/8,1,150.32278,1.9730639,0.15343214555833481,nan,nan,,,,RAJ2000,DEJ2000,zsp,True
446577,1,025042.90-004138.8_446577_0.1,149.5156467533235,1.9739435051706156,0.44920000433921814,vizier,zCOSMOS_Lilly2007,J/ApJS/172/70/zcosmos3,1,149.515656,1.973923,0.0809689225330076,0.4487000107765198,-0.0004999935626983643,True,821010,3.5,RAJ2000,DEJ2000,z,True
446855,23,075910.78+533132.4_446855_0.0001,150.22562404327306,1.9753966111160497,1.1200000047683716,vizier,COSMOS_Ilbert2013_zspec,J/ApJS/206/8,1,150.22563,1.975408,0.046263447552353655,nan,nan,,,,RAJ2000,DEJ2000,zsp,True
446859,1,074143.36+221448.2_446859_0.1,150.13837933054424,1.9748674434471438,0.36090001463890076,vizier,zCOSMOS_Lilly2007,J/ApJS/172/70/zcosmos3,1,150.138382,1.974848,0.0706522510775243,0.36039999127388,-0.000500023365020752,True,818395,4.5,RAJ2000,DEJ2000,z,True
446975,14,144656.27+201444.5_446975_0.0001,150.0190769862767,1.9765321869590848,1.6894999742507935,vizier,COSMOS_Ilbert2013_zspec,J/ApJS/206/8,1,150.01907,1.9765512,0.07291628492025747,nan,nan,,,,RAJ2000,DEJ2000,zsp,True
447143,2,181125.92+791532.8_447143_1,150.44372313444848,1.9749453437723117,0.7700999975204468,vizier,zCOSMOS_Lilly2007,J/ApJS/172/70/zcosmos3,1,150.443741,1.974937,0.07094990780447792,0.7695000171661377,-0.000599980354309082,True,816834,3.5,RAJ2000,DEJ2000,z,True
447168,1,162114.39+181949.7_447168_0.1,150.2582667025535,1.9755059435819953,0.12380000203847885,vizier,zCOSMOS_Lilly2007,J/ApJS/172/70/zcosmos3,1,150.258255,1.975497,0.05300377155850975,0.1234000027179718,-0.00039999932050704956,True,817833,4.5,RAJ2000,DEJ2000,z,True
447283,1,160724.72+444809.9_447283_1,150.3530621008813,1.9749869511774207,0.531000018119812,vizier,zCOSMOS_Lilly2007,J/ApJS/172/70/zcosmos3,1,150.353058,1.974963,0.08747749280728524,0.5304999947547913,-0.000500023365020752,True,817373,3.5,RAJ2000,DEJ2000,z,True
447515,10,073627.08+274405.8_447515_0.0001,149.54027705121945,1.9741597162511388,0.7498999834060669,vizier,zCOSMOS_Lilly2007,J/ApJS/172/70/zcosmos3,1,149.540283,1.97415,0.04100707059227852,0.7493000030517578,-0.000599980354309082,True,820884,3.5,RAJ2000,DEJ2000,z,True
447690,9,091129.00+501624.4_447690_0.0001,150.13806237858142,1.977733799457228,2.962399959564209,vizier,COSMOS_Ilbert2013_zspec,J/ApJS/206/8,1,150.13805,1.9777189,0.06971747458235741,nan,nan,,,,RAJ2000,DEJ2000,zsp,True
447761,1,081554.14+383122.3_447761_0.03,150.00588503052478,1.9765331213302075,0.9980999827384949,vizier,COSMOS_Ilbert2013_zspec,J/ApJS/206/8,1,150.00587,1.9765245,0.06235125870828281,nan,nan,,,,RAJ2000,DEJ2000,zsp,True
448072,5,135943.14-003424.5_448072_0.0003,150.32878575539337,1.9767378325597433,0.16519999504089355,vizier,COSMOS_Ilbert2013_zspec,J/ApJS/206/8,1,150.3288,1.9767348,0.0523999523843644,0.1652,4.959106458812812e-09,True,817475,3.5,RAJ2000,DEJ2000,zsp,True
448368,4,023030.37-004513.8_448368_1,149.89305601793654,1.9778588689887926,0.5002999901771545,vizier,zCOSMOS_Lilly2007,J/ApJS/172/70/zcosmos3,1,149.893051,1.977847,0.046385911142544166,0.4997999966144562,-0.0004999935626983643,True,819474,3.5,RAJ2000,DEJ2000,z,True
448557,1,084205.57+075925.5_448557_0.03,150.19806932732354,1.9769781333693852,0.13699999451637268,vizier,COSMOS_Ilbert2013_zspec,J/ApJS/206/8,1,150.19807,1.97697,0.029379981936163837,0.137,5.4836273299940785e-09,True,818083,3.5,RAJ2000,DEJ2000,zsp,True
448737,3,081709.37+282348.3_448737_0.01,149.60663518865644,1.977370555380524,0.8468000292778015,vizier,zCOSMOS_Lilly2007,J/ApJS/172/70/zcosmos3,1,149.606628,1.97735,0.07838903284834232,0.8461999893188477,-0.0006000399589538574,True,820586,4.5,RAJ2000,DEJ2000,z,True
448794,4,025334.57+000108.3_448794_0.0001,150.21003913511257,1.9755818202799718,0.16779999434947968,vizier,COSMOS_Ilbert2013_zspec,J/ApJS/206/8,1,150.21005,1.9755765,0.0435303671802844,0.1678,5.650520329414377e-09,True,818021,4.5,RAJ2000,DEJ2000,zsp,True
448960,3,081501.84+525255.5_448960_1,149.4672747187183,1.9787045105039185,0.13099999725818634,vizier,zCOSMOS_Lilly2007,J/ApJS/172/70/zcosmos3,1,149.46727,1.978696,0.03502717375924572,0.1306000053882599,-0.00039999186992645264,True,821207,3.5,RAJ2000,DEJ2000,z,True
449064,2,150534.83+070200.6_449064_0.03,149.76266436794492,1.9787515740142214,0.6901000142097473,vizier,zCOSMOS_Lilly2007,J/ApJS/172/70/zcosmos3,1,149.76265,1.978742,0.06213035431127611,0.6894999742507935,-0.0006000399589538574,True,819955,4.5,RAJ2000,DEJ2000,z,True
449433,6,073149.53+284357.1_449433_0.1,150.25247728843306,1.9803163268164308,2.223900079727173,vizier,COSMOS_Ilbert2013_zspec,J/ApJS/206/8,1,150.25249,1.9802443,0.2632989222043402,nan,nan,,,,RAJ2000,DEJ2000,zsp,True
449565,1,154307.77+193751.7_449565_1,150.10362513426705,1.9795563094735789,0.22280000150203705,vizier,zCOSMOS_Lilly2007,J/ApJS/172/70/zcosmos3,1,150.103622,1.979529,0.09895870629811465,0.2223999947309494,-0.0004000067710876465,True,818590,3.5,RAJ2000,DEJ2000,z,True
449737,9,093243.25+414230.8_449737_0.0003,149.9666513543959,1.980411674464714,1.9688999652862549,vizier,COSMOS_Ilbert2013_zspec,J/ApJS/206/8,1,149.96667,1.9803932,0.09446479663836765,nan,nan,,,,RAJ2000,DEJ2000,zsp,True
450088,10,085809.40+492547.0_450088_0.0003,150.06443861734905,1.9809907562281446,0.17080000042915344,vizier,COSMOS_Ilbert2013_zspec,J/ApJS/206/8,1,150.06442,1.980978,0.08121275028498429,nan,nan,,,,RAJ2000,DEJ2000,zsp,True
450144,6,162003.61+224024.8_450144_0.01,149.93247688003524,1.9780771262737606,0.3427000045776367,vizier,zCOSMOS_Lilly2007,J/ApJS/172/70/zcosmos3,1,149.93248,1.97806,0.06266811460915195,0.3422999978065491,-0.0004000067710876465,True,819291,3.5,RAJ2000,DEJ2000,z,True
450281,4,144741.75+294834.8_450281_0.01,149.85424551784706,1.9804034741508922,0.7490000128746033,vizier,COSMOS_Ilbert2013_zspec,J/ApJS/206/8,1,149.85426,1.9803934,0.06348371121738783,0.749,-1.2874603272372553e-08,True,819632,3.5,RAJ2000,DEJ2000,zsp,True
450783,1,032838.28-000341.6_450783_0.3,149.63599078253813,1.9804010978990954,0.30889999866485596,vizier,zCOSMOS_Lilly2007,J/ApJS/172/70/zcosmos3,1,149.635986,1.980388,0.050193905040614405,0.3084999918937683,-0.0004000067710876465,True,820457,4.5,RAJ2000,DEJ2000,z,True
450959,24,032040.77-010127.8_450959_0.1,150.2255224727258,1.9826279172875834,1.193600058555603,vizier,COSMOS_Ilbert2013_zspec,J/ApJS/206/8,1,150.22552,1.9826342,0.024304540861958674,nan,nan,,,,RAJ2000,DEJ2000,zsp,True
451003,20,154603.66+290805.7_451003_0.1,150.0513548871771,1.979889184486269,0.5705000162124634,vizier,zCOSMOS_Lilly2007,J/ApJS/172/70/zcosmos3,1,150.051346,1.979878,0.05141581158516043,0.5699999928474426,-0.000500023365020752,True,818825,3.5,RAJ2000,DEJ2000,z,True
451008,3,082038.88+381136.4_451008_0.1,150.04260946461878,1.982126634521877,0.390500009059906,vizier,zCOSMOS_Lilly2007,J/ApJS/172/70/zcosmos3,1,150.042603,1.982111,0.060900634585812644,0.38999998569488525,-0.000500023365020752,True,818864,4.5,RAJ2000,DEJ2000,z,True
451153,1,064902.92+284710.4_451153_0.3,150.7389492699165,1.9817022785014435,0.6029999852180481,vizier,zCOSMOS_Lilly2007,J/ApJS/172/70/zcosmos3,1,150.738953,1.98168,0.08131765807242787,0.6032000184059143,0.00020003318786621094,True,815412,4.5,RAJ2000,DEJ2000,z,True
451311,40,144258.59+294451.3_451311_0.3,149.657487910142,1.983590454813002,3.1389000415802,vizier,COSMOS_Ilbert2013_zspec,J/ApJS/206/8,1,149.65752,1.9835879,0.11582002475915264,nan,nan,,,,RAJ2000,DEJ2000,zsp,True
451961,3,083754.59+391045.7_451961_0.3,150.35548879729672,1.983724902642777,0.6412000060081482,vizier,COSMOS_Ilbert2013_zspec,J/ApJS/206/8,1,150.3555,1.9837252,0.040319775391571416,0.6412,-6.008148201175345e-09,True,817366,3.5,RAJ2000,DEJ2000,zsp,True
451987,1,154511.29+223856.0_451987_0.1,150.10915053421306,1.9825279487692602,0.2223999947309494,vizier,zCOSMOS_Lilly2007,J/ApJS/172/70/zcosmos3,1,150.109146,1.982507,0.07715980171259929,0.22220000624656677,-0.0001999884843826294,True,818550,3.5,RAJ2000,DEJ2000,z,True
452148,7,080929.62+181604.5_452148_0.3,150.13941718202992,1.9847957312717524,1.3880000114440918,vizier,COSMOS_Ilbert2013_zspec,J/ApJS/206/8,1,150.1394,1.984751,0.17249052426039865,nan,nan,,,,RAJ2000,DEJ2000,zsp,True
452261,14,082532.09+255056.4_452261_0.001,150.05951440177842,1.9848830809342617,0.7310000061988831,vizier,COSMOS_Ilbert2013_zspec,J/ApJS/206/8,1,150.05949,1.9848529,0.13968840924462256,nan,nan,,,,RAJ2000,DEJ2000,zsp,True
452430,18,143034.14+082618.7_452430_0.003,149.9003477205958,1.9857399582964175,1.4769999980926514,vizier,COSMOS_Ilbert2013_zspec,J/ApJS/206/8,1,149.90041,1.9857016,0.2632047153309505,nan,nan,,,,RAJ2000,DEJ2000,zsp,True
452472,5,142748.28+050222.0_452472_0.0003,150.29584037295075,1.983155094504044,0.10490000247955322,vizier,zCOSMOS_Lilly2007,J/ApJS/172/70/zcosmos3,1,150.295837,1.983141,0.05217121897027343,0.10400000214576721,-0.0009000003337860107,True,817645,1.5,RAJ2000,DEJ2000,z,True
452894,12,084748.42+315713.4_452894_0.0001,150.03290500007648,1.9857796784413972,0.7289999723434448,vizier,COSMOS_Ilbert2013_zspec,J/ApJS/206/8,1,150.03291,1.9857606,0.07099909598260633,nan,nan,,,,RAJ2000,DEJ2000,zsp,True
453193,1,155403.96+024730.4_453193_0.03,150.05805307243014,1.9860233598203123,0.1876000016927719,vizier,COSMOS_Ilbert2013_zspec,J/ApJS/206/8,1,150.05807,1.9860405,0.08669830265414528,nan,nan,,,,RAJ2000,DEJ2000,zsp,True
453898,7,150209.87+141556.7_453898_1,150.3273209931598,1.9871137357387667,1.1742000579833984,vizier,zCOSMOS_Lilly2007,J/ApJS/172/70/zcosmos3,1,150.327316,1.98708,0.12277012070955214,1.1734999418258667,-0.0007001161575317383,True,817488,4.5,RAJ2000,DEJ2000,z,True
454048,11,075752.87+371320.6_454048_0.0003,150.02104708724107,1.9878998385077726,0.8230000138282776,vizier,COSMOS_Ilbert2013_zspec,J/ApJS/206/8,1,150.02104,1.9878861,0.05564476835163156,nan,nan,,,,RAJ2000,DEJ2000,zsp,True
454255,2,092242.20+450748.6_454255_1,150.4740872431825,1.9867018280152577,0.3424000144004822,vizier,zCOSMOS_Lilly2007,J/ApJS/172/70/zcosmos3,1,150.474091,1.986684,0.06558868477301724,0.34200000762939453,-0.0004000067710876465,True,816660,4.5,RAJ2000,DEJ2000,z,True
454416,10,161803.24+154814.1_454416_0.0003,150.04420678127272,1.987688464111455,0.3418999910354614,vizier,zCOSMOS_Lilly2007,J/ApJS/172/70/zcosmos3,1,150.044205,1.987676,0.045326157338352095,0.34150001406669617,-0.0003999769687652588,True,818859,4.5,RAJ2000,DEJ2000,z,True
454436,5,085104.97+333313.8_454436_0.001,150.26615412577604,1.9882593863717999,0.7804999947547913,vizier,COSMOS_Ilbert2013_zspec,J/ApJS/206/8,1,150.2662,1.9882498,0.16861724381046117,nan,nan,,,,RAJ2000,DEJ2000,zsp,True
455022,7,160336.64+350824.3_455022_0.3,150.14292306480203,1.9892050897559084,4.460999965667725,vizier,COSMOS_Ilbert2013_zspec,J/ApJS/206/8,1,150.14294,1.9891893,0.08332827917031094,nan,nan,,,,RAJ2000,DEJ2000,zsp,True
455224,3,142548.75+122210.2_455224_0.3,150.3787959913701,1.989407583805948,0.9574000239372253,vizier,zCOSMOS_Lilly2007,J/ApJS/172/70/zcosmos3,1,150.378799,1.989383,0.08916121244644959,0.9556000232696533,-0.0018000006675720215,True,817238,2.5,RAJ2000,DEJ2000,z,True
455294,4,143657.87+291100.6_455294_1,149.85324235123798,1.9894199305707643,1.7684999704360962,vizier,COSMOS_Ilbert2013_zspec,J/ApJS/206/8,1,149.85326,1.9894099,0.0730468104821314,nan,nan,,,,RAJ2000,DEJ2000,zsp,True
455505,1,172208.37+282401.5_455505_1,150.3943614445238,1.9896313435016935,0.4652000069618225,vizier,COSMOS_Ilbert2013_zspec,J/ApJS/206/8,1,150.39436,1.9896264,0.01853994505680676,0.4652,-6.961822507367543e-09,True,817162,3.5,RAJ2000,DEJ2000,zsp,True
455545,5,142715.08+232911.0_455545_0.1,150.11749680002418,1.9902762947157446,0.22370000183582306,vizier,COSMOS_Ilbert2013_zspec,J/ApJS/206/8,1,150.11749,1.9902757,0.024558819580648848,nan,nan,,,,RAJ2000,DEJ2000,zsp,True
455604,3,081845.67+303125.3_455604_0.1,150.48912924529523,1.9890168901506462,0.5163000226020813,vizier,zCOSMOS_Lilly2007,J/ApJS/172/70/zcosmos3,1,150.48912,1.989011,0.03944693185598769,0.5157999992370605,-0.000500023365020752,True,816578,3.5,RAJ2000,DEJ2000,z,True
455904,2,031939.24-002111.5_455904_0.01,150.32786384791083,1.991225327717247,2.7320001125335693,vizier,COSMOS_Ilbert2013_zspec,J/ApJS/206/8,1,150.32788,1.9912101,0.07988905206543336,nan,nan,,,,RAJ2000,DEJ2000,zsp,True
455957,13,164730.88+360101.6_455957_0.003,149.7663561534683,1.987611502639437,0.8389999866485596,vizier,COSMOS_Ilbert2013_zspec,J/ApJS/206/8,1,149.76637,1.9876262,0.07267259735842277,0.839,1.3351440397713077e-08,True,819943,3.5,RAJ2000,DEJ2000,zsp,True
456109,2,153617.37+331252.8_456109_0.01,150.02127806794746,1.9910630560363454,0.2231999933719635,vizier,COSMOS_Ilbert2013_zspec,J/ApJS/206/8,1,150.02126,1.9910551,0.07103550580034283,nan,nan,,,,RAJ2000,DEJ2000,zsp,True
456199,2,144130.51+114437.6_456199_0.001,149.89338092430862,1.9882419853831572,0.5300999879837036,vizier,COSMOS_Ilbert2013_zspec,J/ApJS/206/8,1,149.89339,1.9882396,0.033763140898757094,0.5301,1.201629640235069e-08,True,819472,4.5,RAJ2000,DEJ2000,zsp,True
456589,2,151215.74+020316.9_456589_0.3,150.63605778711892,1.9910501354622743,0.2206999957561493,vizier,zCOSMOS_Lilly2007,J/ApJS/172/70/zcosmos3,1,150.636063,1.991028,0.08186498292975189,0.22030000388622284,-0.00039999186992645264,True,815857,3.5,RAJ2000,DEJ2000,z,True
457387,4,095750.03+530104.7_457387_1,150.7704471144918,1.9920039030536691,0.4415000081062317,vizier,zCOSMOS_Lilly2007,J/ApJS/172/70/zcosmos3,1,150.770432,1.99198,0.10179332243611756,0.4410000145435333,-0.0004999935626983643,True,815303,3.5,RAJ2000,DEJ2000,z,True
457560,1,164103.38+261208.5_457560_1,149.75640885677734,1.9909023437119708,0.677299976348877,vizier,COSMOS_Ilbert2013_zspec,J/ApJS/206/8,1,149.75642,1.9908955,0.0470565500014692,0.6773,2.365112306002004e-08,True,819987,4.5,RAJ2000,DEJ2000,zsp,True
457974,1,081916.28+481745.5_457974_0.01,150.26466441503203,1.9945117259468321,0.2199999988079071,vizier,COSMOS_Ilbert2013_zspec,J/ApJS/206/8,1,150.26465,1.9944997,0.06755780058102964,nan,nan,,,,RAJ2000,DEJ2000,zsp,True
458329,5,084349.75+261910.7_458329_0.3,149.62139168072693,1.993929256425062,0.25600001215934753,vizier,zCOSMOS_Lilly2007,J/ApJS/172/70/zcosmos3,1,149.621399,1.99392,0.04247211431432816,0.2556000053882599,-0.0004000067710876465,True,820512,4.5,RAJ2000,DEJ2000,z,True
458865,4,155522.64+053002.0_458865_0.001,150.4205123683971,1.9960071348456139,1.8112000226974487,vizier,COSMOS_Ilbert2013_zspec,J/ApJS/206/8,1,150.4205,1.9960201,0.06448793804495603,nan,nan,,,,RAJ2000,DEJ2000,zsp,True
458948,1,163401.94+480940.1_458948_1,150.55125686370872,1.9944440310418698,0.49939998984336853,vizier,zCOSMOS_Lilly2007,J/ApJS/172/70/zcosmos3,1,150.551254,1.994429,0.055083895670782416,0.49889999628067017,-0.0004999935626983643,True,816210,4.5,RAJ2000,DEJ2000,z,True
459078,7,085653.91+391824.6_459078_0.03,150.29362971799543,1.995619667525847,1.2161999940872192,vizier,COSMOS_Ilbert2013_zspec,J/ApJS/206/8,1,150.29366,1.9956338,0.12024294356771921,nan,nan,,,,RAJ2000,DEJ2000,zsp,True
459143,1,075634.03+274847.4_459143_0.01,149.48306894895475,1.9948963035548763,0.7577000260353088,vizier,zCOSMOS_Lilly2007,J/ApJS/172/70/zcosmos3,1,149.483063,1.994883,0.0524577877051828,0.757099986076355,-0.0006000399589538574,True,821137,4.5,RAJ2000,DEJ2000,z,True
459404,15,084009.51+402930.5_459404_1,150.32593787021824,1.9971696893918955,2.7620999813079834,vizier,COSMOS_Ilbert2013_zspec,J/ApJS/206/8,1,150.32596,1.9971597,0.08736365636837357,nan,nan,,,,RAJ2000,DEJ2000,zsp,True
459758,2,155838.99+070159.0_459758_1,150.06345025655588,1.997303977904204,1.8011000156402588,vizier,COSMOS_Ilbert2013_zspec,J/ApJS/206/8,1,150.06345,1.9973123,0.029973760715494378,nan,nan,,,,RAJ2000,DEJ2000,zsp,True
460221,13,075131.00+502654.3_460221_0.0003,150.33473724403174,1.9980039667361136,2.2743000984191895,vizier,COSMOS_Ilbert2013_zspec,J/ApJS/206/8,1,150.33478,1.9979891,0.16287247354041415,nan,nan,,,,RAJ2000,DEJ2000,zsp,True
460318,9,160808.47+093715.5_460318_0.01,150.72936733934665,1.995217548536535,0.5659000277519226,vizier,zCOSMOS_Lilly2007,J/ApJS/172/70/zcosmos3,1,150.72937,1.995209,0.03222914393564774,0.5654000043869019,-0.000500023365020752,True,815445,3.5,RAJ2000,DEJ2000,z,True
460456,1,143323.68+252619.2_460456_0.01,150.26745625305296,1.9976204774918045,0.6215999722480774,vizier,COSMOS_Ilbert2013_zspec,J/ApJS/206/8,1,150.26749,1.9976085,0.12884444522092717,nan,nan,,,,RAJ2000,DEJ2000,zsp,True
460759,20,155432.68+214348.1_460759_0.0003,150.2173704789393,1.9981476230205935,0.2842000126838684,vizier,COSMOS_Ilbert2013_zspec,J/ApJS/206/8,1,150.21741,1.9981351,0.14916522756636427,nan,nan,,,,RAJ2000,DEJ2000,zsp,True
460773,2,155123.21+130701.2_460773_0.3,150.2472212854828,1.9959622747599335,0.6723999977111816,vizier,COSMOS_Ilbert2013_zspec,J/ApJS/206/8,1,150.24722,1.9959421,0.07277624160614984,0.6724,2.288818357065736e-09,True,817875,3.5,RAJ2000,DEJ2000,zsp,True
460785,1,075000.32+182311.3_460785_0.3,150.66814333097798,1.9970371530144826,1.1619999408721924,vizier,COSMOS_Ilbert2013_zspec,J/ApJS/206/8,1,150.66817,1.9970186,0.11690788044954573,nan,nan,,,,RAJ2000,DEJ2000,zsp,True
460950,5,160506.30+134341.1_460950_1,150.2280270377327,1.9990767656811554,1.1734999418258667,vizier,COSMOS_Ilbert2013_zspec,J/ApJS/206/8,1,150.22804,1.9990788,0.047207294421731945,nan,nan,,,,RAJ2000,DEJ2000,zsp,True
461197,2,094549.67+575709.7_461197_0.03,150.07217720951152,1.9965724750857041,0.3605000078678131,vizier,zCOSMOS_Lilly2007,J/ApJS/172/70/zcosmos3,1,150.072159,1.996555,0.09082868150911602,0.36000001430511475,-0.0004999935626983643,True,818742,3.5,RAJ2000,DEJ2000,z,True
461703,5,152711.89+302443.3_461703_0.01,150.16344786555885,2.0006812467352617,2.2314000129699707,vizier,COSMOS_Ilbert2013_zspec,J/ApJS/206/8,1,150.16347,2.0006797,0.07982984714053032,nan,nan,,,,RAJ2000,DEJ2000,zsp,True
461772,1,083559.72+295028.9_461772_0.01,149.63082652791587,1.9986433750088928,0.6883000135421753,vizier,zCOSMOS_Lilly2007,J/ApJS/172/70/zcosmos3,1,149.630829,1.998635,0.03143452319236012,0.6876999735832214,-0.0006000399589538574,True,820478,4.5,RAJ2000,DEJ2000,z,True
461774,5,080248.19+551328.8_461774_1,150.08218418969346,1.9976705838610263,0.6674000024795532,vizier,COSMOS_Ilbert2013_zspec,J/ApJS/206/8,1,150.08218,1.9976531,0.0647217125036714,0.6674,-2.479553229406406e-09,True,818703,3.5,RAJ2000,DEJ2000,zsp,True
461848,1,034621.27-000141.5_461848_0.03,149.47342512941142,1.9996791235638216,0.6909000277519226,vizier,zCOSMOS_Lilly2007,J/ApJS/172/70/zcosmos3,1,149.473419,1.999683,0.02609706954170204,0.6902999877929688,-0.0006000399589538574,True,821181,3.5,RAJ2000,DEJ2000,z,True
461956,1,160724.72+444809.9_461956_1,149.5701789014068,1.9994086099111845,0.5174000263214111,vizier,zCOSMOS_Lilly2007,J/ApJS/172/70/zcosmos3,1,149.570175,1.999391,0.06493100948311446,0.5169000029563904,-0.000500023365020752,True,820746,3.5,RAJ2000,DEJ2000,z,True
462668,30,092309.19+455445.9_462668_0.1,149.97125619644777,2.000768834052288,0.736299991607666,vizier,zCOSMOS_Lilly2007,J/ApJS/172/70/zcosmos3,1,149.971252,2.000749,0.07298136251393843,0.7357000112533569,-0.000599980354309082,True,819123,3.5,RAJ2000,DEJ2000,z,True
462830,7,085425.52+554652.0_462830_0.03,150.30470758254629,2.0020969553366323,1.7066999673843384,vizier,COSMOS_Ilbert2013_zspec,J/ApJS/206/8,1,150.30472,2.0020814,0.0716366946893462,nan,nan,,,,RAJ2000,DEJ2000,zsp,True
463262,2,154042.89+323307.2_463262_0.0003,150.75065616862616,2.0014599522706056,0.9259999990463257,vizier,COSMOS_Ilbert2013_zspec,J/ApJS/206/8,1,150.75066,2.0014367,0.08483555699024789,nan,nan,,,,RAJ2000,DEJ2000,zsp,True
463953,1,145655.80+045331.4_463953_1,150.31912614077316,2.002604611219548,0.37209999561309814,vizier,zCOSMOS_Lilly2007,J/ApJS/172/70/zcosmos3,1,150.319122,2.002578,0.09695182121542588,0.3716000020503998,-0.0004999935626983643,True,817522,4.5,RAJ2000,DEJ2000,z,True
464231,3,153731.90+052513.9_464231_1,150.65264499676897,2.0008151820265705,0.3107999861240387,vizier,zCOSMOS_Lilly2007,J/ApJS/172/70/zcosmos3,1,150.652649,2.00078,0.12747158850809845,0.31040000915527344,-0.0003999769687652588,True,815773,4.5,RAJ2000,DEJ2000,z,True
464472,3,082418.51+382121.4_464472_1,150.53869804373716,2.0041786880746724,1.580399990081787,vizier,COSMOS_Ilbert2013_zspec,J/ApJS/206/8,1,150.5387,2.0042036,0.08995868463316183,nan,nan,,,,RAJ2000,DEJ2000,zsp,True
465094,2,153228.79+045358.3_465094_0.01,150.14478385044873,2.005555162449699,0.2207999974489212,vizier,COSMOS_Ilbert2013_zspec,J/ApJS/206/8,1,150.14478,2.0055444,0.041146932431578395,nan,nan,,,,RAJ2000,DEJ2000,zsp,True
465131,28,155948.43+411520.6_465131_0.0001,150.07145857465733,2.0054450616821553,1.1779999732971191,vizier,COSMOS_Ilbert2013_zspec,J/ApJS/206/8,1,150.07146,2.0054357,0.03408996740400289,nan,nan,,,,RAJ2000,DEJ2000,zsp,True
465221,8,083434.48+073900.2_465221_0.1,149.8123648011061,2.005023958305963,1.0255000591278076,vizier,COSMOS_Ilbert2013_zspec,J/ApJS/206/8,1,149.81239,2.0049968,0.13333520202351215,nan,nan,,,,RAJ2000,DEJ2000,zsp,True
465386,8,145418.58+121053.8_465386_0.01,150.2193967148782,2.0065464835627145,3.264899969100952,vizier,COSMOS_Ilbert2013_zspec,J/ApJS/206/8,1,150.21941,2.0065567,0.06030979726328067,nan,nan,,,,RAJ2000,DEJ2000,zsp,True
465395,18,074408.40+375841.1_465395_0.0003,149.55517414798715,2.002056837699967,0.8876000046730042,vizier,COSMOS_Ilbert2013_zspec,J/ApJS/206/8,1,149.55518,2.0020375,0.07272988135562382,0.8876,-4.673004205812958e-09,True,820823,3.5,RAJ2000,DEJ2000,zsp,True
465660,2,102900.79+622341.9_465660_1,150.45356890865068,2.006362722907005,2.478800058364868,vizier,COSMOS_Ilbert2013_zspec,J/ApJS/206/8,1,150.45358,2.0063567,0.04541463158116124,nan,nan,,,,RAJ2000,DEJ2000,zsp,True
465860,3,085045.89+340409.9_465860_1,150.51692144408693,2.0051623884826357,0.8783000111579895,vizier,zCOSMOS_Lilly2007,J/ApJS/172/70/zcosmos3,1,150.516922,2.005151,0.041047293730831345,0.8776999711990356,-0.0006000399589538574,True,816406,3.5,RAJ2000,DEJ2000,z,True
466133,1,144509.43+152923.3_466133_0.1,150.2795866936935,2.0042630478993666,0.26919999718666077,vizier,zCOSMOS_Lilly2007,J/ApJS/172/70/zcosmos3,1,150.279587,2.004249,0.05058444350264048,0.2687999904155731,-0.0004000067710876465,True,817725,4.5,RAJ2000,DEJ2000,z,True
466493,1,080045.45+390412.7_466493_0.0001,150.1068084555955,2.0053057036077195,0.6761000156402588,vizier,zCOSMOS_Lilly2007,J/ApJS/172/70/zcosmos3,1,150.106812,2.005284,0.07916677557658999,0.6754999756813049,-0.0006000399589538574,True,818572,4.5,RAJ2000,DEJ2000,z,True
466508,15,151131.02+431730.5_466508_0.03,150.08405539137874,2.008205108462734,2.898699998855591,vizier,COSMOS_Ilbert2013_zspec,J/ApJS/206/8,1,150.08405,2.0082183,0.051298159069093095,nan,nan,,,,RAJ2000,DEJ2000,zsp,True
466715,9,171828.40+532655.2_466715_0.1,150.17229764990208,2.006071995926193,0.31029999256134033,vizier,zCOSMOS_Lilly2007,J/ApJS/172/70/zcosmos3,1,150.172287,2.006059,0.06047309205956799,0.3098999857902527,-0.0004000067710876465,True,818225,3.5,RAJ2000,DEJ2000,z,True
466958,2,154022.42+314829.9_466958_0.01,150.20507987435056,2.006331234886872,0.6730999946594238,vizier,COSMOS_Ilbert2013_zspec,J/ApJS/206/8,1,150.20508,2.0063541,0.0823156485822948,0.6731,5.340576203494152e-09,True,818049,3.5,RAJ2000,DEJ2000,zsp,True
467528,3,084205.57+075925.5_467528_0.03,150.620646074456,2.006900952549144,0.1251000016927719,vizier,zCOSMOS_Lilly2007,J/ApJS/172/70/zcosmos3,1,150.620651,2.006883,0.06701467941499999,0.12470000237226486,-0.00039999932050704956,True,815927,4.5,RAJ2000,DEJ2000,z,True
467877,9,084516.17+421129.8_467877_0.0001,149.64540552259314,2.0078717813132703,0.5295000076293945,vizier,zCOSMOS_Lilly2007,J/ApJS/172/70/zcosmos3,1,149.645386,2.007855,0.0926450227477046,0.5289999842643738,-0.000500023365020752,True,820412,3.5,RAJ2000,DEJ2000,z,True
468124,2,080538.62+412439.0_468124_0.001,150.20767190959975,2.008401680141633,0.6732000112533569,vizier,zCOSMOS_Lilly2007,J/ApJS/172/70/zcosmos3,1,150.207672,2.008388,0.04924958382376575,0.6725999712944031,-0.0006000399589538574,True,818032,3.5,RAJ2000,DEJ2000,z,True
468244,4,161507.32+185412.0_468244_0.03,150.54910013499568,2.0080717636493026,0.6395999789237976,vizier,zCOSMOS_Lilly2007,J/ApJS/172/70/zcosmos3,1,150.549088,2.008061,0.05837480319262651,0.6391000151634216,-0.0004999637603759766,True,816222,3.5,RAJ2000,DEJ2000,z,True
468336,12,084409.85+111057.3_468336_0.0003,150.32198613054,2.0105552566216973,1.410099983215332,vizier,COSMOS_Ilbert2013_zspec,J/ApJS/206/8,1,150.32201,2.0105543,0.08594618031304485,nan,nan,,,,RAJ2000,DEJ2000,zsp,True
468544,6,044428.77+122111.7_468544_0.3,149.81795829783744,2.0099773709951867,0.09399999678134918,vizier,COSMOS_Ilbert2013_zspec,J/ApJS/206/8,1,149.81802,2.0100121,0.25477668690754984,nan,nan,,,,RAJ2000,DEJ2000,zsp,True
469601,4,145938.73+035213.7_469601_0.0001,150.3764084261435,2.0126622375569934,0.7480000257492065,vizier,COSMOS_Ilbert2013_zspec,J/ApJS/206/8,1,150.37643,2.0126548,0.08210640036850325,nan,nan,,,,RAJ2000,DEJ2000,zsp,True
469643,1,095339.77+573233.4_469643_0.01,149.95888934847108,2.0114526535910424,0.935699999332428,vizier,COSMOS_Ilbert2013_zspec,J/ApJS/206/8,1,149.95889,2.011441,0.042018362163726154,0.9357,6.675719976811934e-10,True,819182,3.5,RAJ2000,DEJ2000,zsp,True
469680,5,081250.86+360039.9_469680_0.03,150.29623241971817,2.0130140717644673,0.6672000288963318,vizier,COSMOS_Ilbert2013_zspec,J/ApJS/206/8,1,150.29622,2.0130267,0.06374454512088497,nan,nan,,,,RAJ2000,DEJ2000,zsp,True
469839,2,162014.10+163830.2_469839_0.0001,149.8339535685957,2.010664486630906,0.7515000104904175,vizier,COSMOS_Ilbert2013_zspec,J/ApJS/206/8,1,149.83397,2.0106561,0.06638016069794238,0.7511,-0.0004000104904174906,True,819713,4.5,RAJ2000,DEJ2000,zsp,True
469913,7,091429.63+500728.4_469913_0.01,150.27795331153223,2.011875896794292,0.439300000667572,vizier,COSMOS_Ilbert2013_zspec,J/ApJS/206/8,1,150.27797,2.0118685,0.06568143253785726,0.4393,-6.675719976811934e-10,True,817735,3.5,RAJ2000,DEJ2000,zsp,True
469967,10,152646.34+095910.4_469967_0.003,149.8324988150977,2.010756482995419,1.3597999811172485,vizier,COSMOS_Ilbert2013_zspec,J/ApJS/206/8,1,149.83252,2.0107458,0.085371930439855,nan,nan,,,,RAJ2000,DEJ2000,zsp,True
470110,3,082905.01+571541.6_470110_0.0001,149.61405048806543,2.01123232758984,0.3407999873161316,vizier,zCOSMOS_Lilly2007,J/ApJS/172/70/zcosmos3,1,149.614044,2.011223,0.04089560030237894,0.34040001034736633,-0.0003999769687652588,True,820547,4.5,RAJ2000,DEJ2000,z,True
470587,1,033305.96+005735.9_470587_0.3,150.2895934054635,2.013384502173549,0.31299999356269836,vizier,zCOSMOS_Lilly2007,J/ApJS/172/70/zcosmos3,1,150.289597,2.013365,0.07138896375705736,0.3125999867916107,-0.0004000067710876465,True,817681,3.5,RAJ2000,DEJ2000,z,True
470997,5,165259.83+193600.9_470997_0.0001,150.2932968780269,2.011508796065754,0.9348000288009644,vizier,COSMOS_Ilbert2013_zspec,J/ApJS/206/8,1,150.2933,2.0115108,0.013349380684593288,0.9348,-2.8800964391173522e-08,True,817664,3.5,RAJ2000,DEJ2000,zsp,True
471073,7,165806.76+611858.9_471073_0.1,150.29674052345322,2.015159648868322,2.6270999908447266,vizier,COSMOS_Ilbert2013_zspec,J/ApJS/206/8,1,150.29672,2.0151546,0.07604290624549435,nan,nan,,,,RAJ2000,DEJ2000,zsp,True
471114,1,080554.11+111432.5_471114_0.001,150.60834636931395,2.0147529555387673,0.21899999678134918,vizier,COSMOS_Ilbert2013_zspec,J/ApJS/206/8,1,150.60835,2.0147593,0.02631148770906782,nan,nan,,,,RAJ2000,DEJ2000,zsp,True
471238,5,152754.88+073514.6_471238_0.03,150.54475254271233,2.0139645325645863,0.8223000168800354,vizier,zCOSMOS_Lilly2007,J/ApJS/172/70/zcosmos3,1,150.544754,2.013951,0.04899854834896173,0.8216999769210815,-0.0006000399589538574,True,816243,3.5,RAJ2000,DEJ2000,z,True
471321,1,160038.73+440058.2_471321_0.3,149.6641010044685,2.013677167082702,0.5297999978065491,vizier,COSMOS_Ilbert2013_zspec,J/ApJS/206/8,1,149.66411,2.0136795,0.03343587666929874,0.5298,2.1934509764065524e-09,True,820338,4.5,RAJ2000,DEJ2000,zsp,True
471600,26,100006.28+641401.6_471600_0.001,150.20726499575622,2.015310570119191,2.2197000980377197,vizier,COSMOS_Ilbert2013_zspec,J/ApJS/206/8,1,150.20728,2.0153091,0.05424068403138039,nan,nan,,,,RAJ2000,DEJ2000,zsp,True
471728,3,082746.63+224758.4_471728_0.03,150.4143588341961,2.014594202021998,0.7422999739646912,vizier,zCOSMOS_Lilly2007,J/ApJS/172/70/zcosmos3,1,150.414352,2.014575,0.0733699223506481,0.7416999936103821,-0.000599980354309082,True,817035,4.5,RAJ2000,DEJ2000,z,True
471773,1,152651.27+402946.9_471773_0.1,149.48411603331323,2.014495562816659,0.6103000044822693,vizier,zCOSMOS_Lilly2007,J/ApJS/172/70/zcosmos3,1,149.4841,2.014483,0.07329991132497356,0.6097999811172485,-0.000500023365020752,True,821130,3.5,RAJ2000,DEJ2000,z,True
471848,23,163319.63+141142.0_471848_0.03,150.21723019249924,2.016511704976302,4.340000152587891,vizier,COSMOS_Ilbert2013_zspec,J/ApJS/206/8,1,150.21721,2.0164907,0.10486085146375852,nan,nan,,,,RAJ2000,DEJ2000,zsp,True
471884,4,151300.36+323658.3_471884_0.1,150.05408705991044,2.016448283652462,2.495699882507324,vizier,COSMOS_Ilbert2013_zspec,J/ApJS/206/8,1,150.05409,2.0164206,0.10022092483969772,nan,nan,,,,RAJ2000,DEJ2000,zsp,True
472071,4,171528.14+542509.0_472071_0.01,149.58438919390142,2.0159106052088682,0.2551000118255615,vizier,COSMOS_Ilbert2013_zspec,J/ApJS/206/8,1,149.5844,2.0158944,0.07010634361363523,0.2551,-1.182556153001002e-08,True,820682,3.5,RAJ2000,DEJ2000,zsp,True
472402,2,041920.33+075840.6_472402_1,150.45073805588473,2.0138817942408536,0.729200005531311,vizier,zCOSMOS_Lilly2007,J/ApJS/172/70/zcosmos3,1,150.450729,2.013858,0.09164624805425388,0.728600025177002,-0.000599980354309082,True,816793,3.5,RAJ2000,DEJ2000,z,True
472487,7,145558.50+314115.5_472487_1,150.11920063825673,2.017383960861443,2.3924999237060547,vizier,COSMOS_Ilbert2013_zspec,J/ApJS/206/8,1,150.11922,2.0173512,0.13697451680158274,nan,nan,,,,RAJ2000,DEJ2000,zsp,True
472615,2,142715.08+232911.0_472615_0.03,149.67139154118283,2.014611854989718,0.22380000352859497,vizier,zCOSMOS_Lilly2007,J/ApJS/172/70/zcosmos3,1,149.671371,2.014602,0.08197727026942533,0.22339999675750732,-0.0004000067710876465,True,820304,4.5,RAJ2000,DEJ2000,z,True
472857,7,162703.05+285334.3_472857_0.01,150.09793066055622,2.015243034783206,0.30169999599456787,vizier,COSMOS_Ilbert2013_zspec,J/ApJS/206/8,1,150.09793,2.0152347,0.030099187736783096,0.3017,4.005432152620614e-09,True,818630,3.5,RAJ2000,DEJ2000,zsp,True
472871,9,152655.11+381344.0_472871_0.0001,150.18938404291072,2.0180550547331926,2.226599931716919,vizier,COSMOS_Ilbert2013_zspec,J/ApJS/206/8,1,150.18938,2.01805,0.02329597410076023,nan,nan,,,,RAJ2000,DEJ2000,zsp,True
473634,5,013342.88+233307.7_473634_1,150.40845460704915,2.018135002439191,0.9189000129699707,vizier,zCOSMOS_Lilly2007,J/ApJS/172/70/zcosmos3,1,150.408447,2.018119,0.06377931069557402,0.9194999933242798,0.000599980354309082,True,817078,9.3,RAJ2000,DEJ2000,z,True
473645,6,152121.19+225752.0_473645_0.0001,149.97497800329987,2.0189995965924847,1.6469999551773071,vizier,COSMOS_Ilbert2013_zspec,J/ApJS/206/8,1,149.97499,2.0189977,0.04369801544162591,nan,nan,,,,RAJ2000,DEJ2000,zsp,True
473738,6,154231.25+501738.7_473738_1,150.64617203943374,2.0180942915006694,0.5655999779701233,vizier,zCOSMOS_Lilly2007,J/ApJS/172/70/zcosmos3,1,150.646179,2.018076,0.07045048212106889,0.5651000142097473,-0.0004999637603759766,True,815807,3.5,RAJ2000,DEJ2000,z,True
473744,4,083522.77+424258.3_473744_1,150.68594639809234,2.0184378729260026,0.7993000149726868,vizier,zCOSMOS_Lilly2007,J/ApJS/172/70/zcosmos3,1,150.685944,2.018431,0.02620365408076018,0.7986999750137329,-0.0006000399589538574,True,815613,4.5,RAJ2000,DEJ2000,z,True
473922,10,091528.77+441632.8_473922_0.01,150.0886342900011,2.0189200234600744,1.4950000047683716,vizier,COSMOS_Ilbert2013_zspec,J/ApJS/206/8,1,150.08865,2.0189371,0.08350960014704088,nan,nan,,,,RAJ2000,DEJ2000,zsp,True
474146,16,075311.76+495730.9_474146_0.0001,149.69054629087202,2.0186023577466528,0.5275999903678894,vizier,zCOSMOS_Lilly2007,J/ApJS/172/70/zcosmos3,1,149.690552,2.018564,0.13960716594641423,0.5271000266075134,-0.0004999637603759766,True,820237,4.5,RAJ2000,DEJ2000,z,True
474819,13,150545.05+411726.8_474819_0.1,150.18352927867159,2.020936959600008,1.5169999599456787,vizier,COSMOS_Ilbert2013_zspec,J/ApJS/206/8,1,150.18356,2.0209384,0.11064956290908223,nan,nan,,,,RAJ2000,DEJ2000,zsp,True
475015,9,090330.92+352642.1_475015_0.0003,149.53252863964528,2.0205204421870797,0.6470000147819519,vizier,COSMOS_Ilbert2013_zspec,J/ApJS/206/8,1,149.53253,2.020505,0.05580689838002466,0.647,-1.478195188475695e-08,True,820921,3.5,RAJ2000,DEJ2000,zsp,True
475044,16,150752.01+252926.5_475044_0.0001,150.37968011019944,2.0217774915208517,1.4129999876022339,vizier,COSMOS_Ilbert2013_zspec,J/ApJS/206/8,1,150.37968,2.0217843,0.02451373129057091,nan,nan,,,,RAJ2000,DEJ2000,zsp,True
475217,7,155330.66+281622.8_475217_0.0001,149.9808421724084,2.0213219938269327,0.9473999738693237,vizier,COSMOS_Ilbert2013_zspec,J/ApJS/206/8,1,149.98083,2.0213268,0.0470874624784463,nan,nan,,,,RAJ2000,DEJ2000,zsp,True
475557,27,170729.64+343051.6_475557_0.001,150.53247959602754,2.0192829182722623,0.43549999594688416,vizier,zCOSMOS_Lilly2007,J/ApJS/172/70/zcosmos3,1,150.532471,2.019278,0.03563624538577573,0.4350000023841858,-0.0004999935626983643,True,816314,4.5,RAJ2000,DEJ2000,z,True
475782,3,144202.93+145539.2_475782_0.3,150.03705764995618,2.0192089860402733,0.31459999084472656,vizier,zCOSMOS_Lilly2007,J/ApJS/172/70/zcosmos3,1,150.037048,2.019197,0.05538283904442794,0.3142000138759613,-0.0003999769687652588,True,818885,4.5,RAJ2000,DEJ2000,z,True
476044,10,090522.79+425721.8_476044_0.003,149.64328011730043,2.0219542485832522,0.3749000132083893,vizier,zCOSMOS_Lilly2007,J/ApJS/172/70/zcosmos3,1,149.64328,2.021939,0.05489652187295996,0.37439998984336853,-0.000500023365020752,True,820430,4.5,RAJ2000,DEJ2000,z,True
476709,71,082935.45+364912.6_476709_0.0003,149.71962421700317,2.0243746785206436,0.645799994468689,vizier,COSMOS_Ilbert2013_zspec,J/ApJS/206/8,1,149.71962,2.0243835,0.035195302637054546,nan,nan,,,,RAJ2000,DEJ2000,zsp,True
476931,1,154307.77+193751.7_476931_0.03,150.00488015481622,2.0230604205248963,0.22190000116825104,vizier,COSMOS_Ilbert2013_zspec,J/ApJS/206/8,1,150.00487,2.0230691,0.048073827674979856,0.2219,-1.1682510514532396e-09,True,819011,3.5,RAJ2000,DEJ2000,zsp,True
477021,16,141721.69+170129.2_477021_0.001,150.2714337960193,2.0250937771623314,2.2416999340057373,vizier,COSMOS_Ilbert2013_zspec,J/ApJS/206/8,1,150.27142,2.0250902,0.05127802524108763,nan,nan,,,,RAJ2000,DEJ2000,zsp,True
477121,6,160223.35+451950.1_477121_0.03,150.42449172230434,2.02477402422798,2.814500093460083,vizier,COSMOS_Ilbert2013_zspec,J/ApJS/206/8,1,150.4245,2.0247679,0.037053930779874206,nan,nan,,,,RAJ2000,DEJ2000,zsp,True
477387,6,091840.52+310415.4_477387_0.3,149.62446878424868,2.024360943460869,0.5164999961853027,vizier,zCOSMOS_Lilly2007,J/ApJS/172/70/zcosmos3,1,149.624466,2.024336,0.0903534457392878,0.515999972820282,-0.000500023365020752,True,820495,3.5,RAJ2000,DEJ2000,z,True
477589,6,085811.17+493609.9_477589_0.03,149.93637187975102,2.021816695937576,0.16920000314712524,vizier,COSMOS_Ilbert2013_zspec,J/ApJS/206/8,1,149.93639,2.0218132,0.06639597810312776,0.1692,-3.147125254843175e-09,True,819278,4.5,RAJ2000,DEJ2000,zsp,True
477663,7,083222.38+245649.6_477663_0.0003,149.5863230914103,2.024994006522524,0.3328000009059906,vizier,zCOSMOS_Lilly2007,J/ApJS/172/70/zcosmos3,1,149.586319,2.024972,0.08057936951543267,0.33239999413490295,-0.0004000067710876465,True,820675,3.5,RAJ2000,DEJ2000,z,True
477853,6,090724.87+575626.3_477853_0.0003,149.85006983313932,2.0243431200144935,0.6144999861717224,vizier,zCOSMOS_Lilly2007,J/ApJS/172/70/zcosmos3,1,149.850067,2.024314,0.10532642173312076,0.6140000224113464,-0.0004999637603759766,True,819652,3.5,RAJ2000,DEJ2000,z,True
477979,9,150153.55+111512.1_477979_0.01,150.2001302787595,2.026481170862606,2.147200107574463,vizier,COSMOS_Ilbert2013_zspec,J/ApJS/206/8,1,150.20013,2.026439,0.15181841799948312,nan,nan,,,,RAJ2000,DEJ2000,zsp,True
478206,10,150420.90+015159.3_478206_0.0001,150.47490563503135,2.0247649530012506,0.17550000548362732,vizier,zCOSMOS_Lilly2007,J/ApJS/172/70/zcosmos3,1,150.474915,2.024765,0.03369326270730265,0.17499999701976776,-0.0005000084638595581,True,816653,4.5,RAJ2000,DEJ2000,z,True
478349,8,153149.17+224857.6_478349_0.1,150.3278255171482,2.0268358213687914,1.5357999801635742,vizier,COSMOS_Ilbert2013_zspec,J/ApJS/206/8,1,150.3278,2.0268416,0.09413177119047142,nan,nan,,,,RAJ2000,DEJ2000,zsp,True
478415,4,171032.23+214451.3_478415_1,149.48391586778752,2.0261071433970517,0.8616999983787537,vizier,zCOSMOS_Lilly2007,J/ApJS/172/70/zcosmos3,1,149.483902,2.026103,0.052074828397995175,0.8611000180244446,-0.000599980354309082,True,821134,4.5,RAJ2000,DEJ2000,z,True
478419,4,155638.22+442853.3_478419_0.03,150.62947768806993,2.0245658886284055,0.43880000710487366,vizier,zCOSMOS_Lilly2007,J/ApJS/172/70/zcosmos3,1,150.629471,2.024554,0.04909929374027539,0.4383000135421753,-0.0004999935626983643,True,815891,3.5,RAJ2000,DEJ2000,z,True
478561,17,141247.75+042136.2_478561_0.0001,149.91746204666921,2.0261481051440415,0.7620000243186951,vizier,COSMOS_Ilbert2013_zspec,J/ApJS/206/8,1,149.91748,2.0261459,0.0650775893500913,nan,nan,,,,RAJ2000,DEJ2000,zsp,True
478828,8,155959.77+510919.7_478828_0.0001,149.99403667410886,2.0275432187958065,1.569700002670288,vizier,COSMOS_Ilbert2013_zspec,J/ApJS/206/8,1,149.99406,2.027545,0.08416526049854961,nan,nan,,,,RAJ2000,DEJ2000,zsp,True
478850,3,154518.05+463837.9_478850_0.03,150.15142170797336,2.024853785741164,0.2215999960899353,vizier,COSMOS_Ilbert2013_zspec,J/ApJS/206/8,1,150.15143,2.0248597,0.036651169256161666,0.2216,3.910064688694703e-09,True,818313,3.5,RAJ2000,DEJ2000,zsp,True
479051,9,083120.98+483154.4_479051_0.0001,149.47036903622774,2.0264115411111607,0.32989999651908875,vizier,zCOSMOS_Lilly2007,J/ApJS/172/70/zcosmos3,1,149.470352,2.026411,0.06132301399920806,0.3294999897480011,-0.0004000067710876465,True,821193,3.5,RAJ2000,DEJ2000,z,True
479137,13,085841.94+303217.2_479137_0.01,150.27048780972103,2.027754603073253,1.7274999618530273,vizier,COSMOS_Ilbert2013_zspec,J/ApJS/206/8,1,150.27051,2.0277462,0.08537418240088206,nan,nan,,,,RAJ2000,DEJ2000,zsp,True
479169,17,154240.09+462135.6_479169_0.01,150.20289355009533,2.028531458046174,0.8723000288009644,vizier,COSMOS_Ilbert2013_zspec,J/ApJS/206/8,1,150.20294,2.0285275,0.16772123002722666,nan,nan,,,,RAJ2000,DEJ2000,zsp,True
479233,7,141956.65+060626.8_479233_0.001,150.6402930979614,2.027179709956683,0.3928999900817871,vizier,zCOSMOS_Lilly2007,J/ApJS/172/70/zcosmos3,1,150.640289,2.027168,0.04465964472092119,0.39239999651908875,-0.0004999935626983643,True,815832,4.5,RAJ2000,DEJ2000,z,True
479347,11,092421.40+530746.1_479347_0.0001,150.53038504902796,2.0276221427550767,0.8079000115394592,vizier,zCOSMOS_Lilly2007,J/ApJS/172/70/zcosmos3,1,150.530396,2.027619,0.040991114052758314,0.8072999715805054,-0.0006000399589538574,True,816324,3.5,RAJ2000,DEJ2000,z,True
479473,23,154329.47+335908.7_479473_0.1,150.0251403760308,2.0288179970474016,2.1552000045776367,vizier,COSMOS_Ilbert2013_zspec,J/ApJS/206/8,1,150.02515,2.0288012,0.06968074133655386,nan,nan,,,,RAJ2000,DEJ2000,zsp,True
479515,17,084347.16+325734.4_479515_0.0001,149.99876986751846,2.0283407472234907,0.7609999775886536,vizier,zCOSMOS_Lilly2007,J/ApJS/172/70/zcosmos3,1,149.998764,2.028331,0.04095037748042329,0.7603999972343445,-0.000599980354309082,True,819036,3.5,RAJ2000,DEJ2000,z,True
479916,5,163201.46+424018.1_479916_0.1,150.296059318849,2.0297925045773932,2.6638998985290527,vizier,COSMOS_Ilbert2013_zspec,J/ApJS/206/8,1,150.29605,2.0298009,0.0451387637993291,nan,nan,,,,RAJ2000,DEJ2000,zsp,True
480393,7,021227.22+011224.0_480393_0.003,150.10028130194843,2.0284043933571385,0.8456000089645386,vizier,zCOSMOS_Lilly2007,J/ApJS/172/70/zcosmos3,1,150.100281,2.028389,0.05542673248510769,0.8450000286102295,-0.000599980354309082,True,818615,3.5,RAJ2000,DEJ2000,z,True
480477,13,105412.12+663739.2_480477_0.1,150.02860951897893,2.0276662927944136,0.3095000088214874,vizier,COSMOS_Ilbert2013_zspec,J/ApJS/206/8,1,150.02861,2.0276611,0.018773993243389235,0.3095,-8.821487429422348e-09,True,818919,4.5,RAJ2000,DEJ2000,zsp,True
480918,48,141354.80+074948.9_480918_0.0001,150.10253847974147,2.03121570903983,0.7250000238418579,vizier,COSMOS_Ilbert2013_zspec,J/ApJS/206/8,1,150.10265,2.031296,0.49449615890762944,nan,nan,,,,RAJ2000,DEJ2000,zsp,True
480990,2,083346.15+165304.8_480990_0.3,149.8305500469248,2.0297347367932703,0.8891000151634216,vizier,zCOSMOS_Lilly2007,J/ApJS/172/70/zcosmos3,1,149.830551,2.029722,0.045980486943939136,0.8884999752044678,-0.0006000399589538574,True,819730,3.5,RAJ2000,DEJ2000,z,True
480994,11,150414.91+031217.5_480994_1,149.69007592206378,2.0302047173986177,1.1507999897003174,vizier,COSMOS_Ilbert2013_zspec,J/ApJS/206/8,1,149.69009,2.0301948,0.06196753035013293,1.1515,0.0007000102996825852,True,820240,3.5,RAJ2000,DEJ2000,zsp,True
481242,20,144913.50+002406.8_481242_0.3,149.72469758655015,2.0294278824063587,0.4359999895095825,vizier,zCOSMOS_Lilly2007,J/ApJS/172/70/zcosmos3,1,149.724686,2.029408,0.08283050616776548,0.43549999594688416,-0.0004999935626983643,True,820110,4.5,RAJ2000,DEJ2000,z,True
481511,2,080202.78+101943.1_481511_1,150.4065987113011,2.028898310461424,0.2078000009059906,vizier,zCOSMOS_Lilly2007,J/ApJS/172/70/zcosmos3,1,150.406601,2.028878,0.07357984512890337,0.20739999413490295,-0.0004000067710876465,True,817087,3.5,RAJ2000,DEJ2000,z,True
481558,3,090649.62+420308.5_481558_0.03,150.39704594762514,2.032474694414933,2.819499969482422,vizier,COSMOS_Ilbert2013_zspec,J/ApJS/206/8,1,150.39703,2.0324397,0.13842999112578908,nan,nan,,,,RAJ2000,DEJ2000,zsp,True
481746,4,022616.09+000332.8_481746_1,149.53001728621794,2.031157715181013,0.8790000081062317,vizier,COSMOS_Ilbert2013_zspec,J/ApJS/206/8,1,149.53001,2.0311277,0.1111889226517023,nan,nan,,,,RAJ2000,DEJ2000,zsp,True
481821,5,154458.87+172826.7_481821_0.3,150.64463448232564,2.030288044982021,0.6557000279426575,vizier,zCOSMOS_Lilly2007,J/ApJS/172/70/zcosmos3,1,150.644638,2.03029,0.014481040638943014,0.6550999879837036,-0.0006000399589538574,True,815813,3.5,RAJ2000,DEJ2000,z,True
481995,2,080523.25+254830.1_481995_0.003,149.55379133167983,2.032000998370114,0.6773999929428101,vizier,COSMOS_Ilbert2013_zspec,J/ApJS/206/8,1,149.5538,2.0319948,0.03834719891595698,0.6774,7.057189943537878e-09,True,820827,3.5,RAJ2000,DEJ2000,zsp,True
482215,5,141807.99+190343.0_482215_0.001,149.5763207601634,2.03130760975576,0.31380000710487366,vizier,COSMOS_Ilbert2013_zspec,J/ApJS/206/8,1,149.57632,2.0312979,0.035061944779954786,0.3138,-7.10487363386747e-09,True,820713,3.5,RAJ2000,DEJ2000,zsp,True
482454,4,152139.66+033729.2_482454_0.3,150.38625157500982,2.0330754971534373,0.12240000069141388,vizier,zCOSMOS_Lilly2007,J/ApJS/172/70/zcosmos3,1,150.386246,2.033069,0.03081200861420994,0.12240000069141388,0.0,True,817206,2.5,RAJ2000,DEJ2000,z,True
482590,29,080010.70+312457.0_482590_0.0001,150.32050292810206,2.0338733723707434,1.9434000253677368,vizier,COSMOS_Ilbert2013_zspec,J/ApJS/206/8,1,150.3205,2.0338385,0.12598175304738632,nan,nan,,,,RAJ2000,DEJ2000,zsp,True
482853,2,022014.57-072859.2_482853_1,149.89801312019605,2.031540749089484,0.2206999957561493,vizier,COSMOS_Ilbert2013_zspec,J/ApJS/206/8,1,149.89803,2.0315433,0.06141950949195139,0.2207,4.2438507152908755e-09,True,819445,4.5,RAJ2000,DEJ2000,zsp,True
483080,21,031542.46-010051.9_483080_0.01,150.41082491214797,2.034010312111269,1.2239999771118164,vizier,COSMOS_Ilbert2013_zspec,J/ApJS/206/8,1,150.41084,2.0340302,0.08984756387638966,nan,nan,,,,RAJ2000,DEJ2000,zsp,True
483670,16,080601.34+124609.4_483670_0.0001,149.9856062515367,2.0354055901938026,1.3899999856948853,vizier,COSMOS_Ilbert2013_zspec,J/ApJS/206/8,1,149.9856,2.0354116,0.03120811352262112,nan,nan,,,,RAJ2000,DEJ2000,zsp,True
483769,15,173435.51+331338.4_483769_0.01,150.27985290421307,2.0358766258620142,1.5570000410079956,vizier,COSMOS_Ilbert2013_zspec,J/ApJS/206/8,1,150.27988,2.0359015,0.132369304017823,nan,nan,,,,RAJ2000,DEJ2000,zsp,True
484773,4,152154.61+084325.1_484773_1,150.57518616262396,2.0354775287684244,0.3188000023365021,vizier,zCOSMOS_Lilly2007,J/ApJS/172/70/zcosmos3,1,150.57518,2.035466,0.047054427229301914,0.31839999556541443,-0.0004000067710876465,True,816122,4.5,RAJ2000,DEJ2000,z,True
484859,21,153152.13+381139.8_484859_1,150.46775228409058,2.0373350841206785,2.0216000080108643,vizier,COSMOS_Ilbert2013_zspec,J/ApJS/206/8,1,150.46776,2.0373278,0.038186893504832765,nan,nan,,,,RAJ2000,DEJ2000,zsp,True
485100,4,171304.46+352333.5_485100_0.01,150.05394800328384,2.033440329982846,0.07850000262260437,vizier,zCOSMOS_Lilly2007,J/ApJS/172/70/zcosmos3,1,150.05394,2.033429,0.04992726550035989,0.07810000330209732,-0.00039999932050704956,True,818815,4.5,RAJ2000,DEJ2000,z,True
485165,1,082231.53+231152.0_485165_0.03,149.8303200618566,2.03564177259911,0.6628000140190125,vizier,COSMOS_Ilbert2013_zspec,J/ApJS/206/8,1,149.83034,2.03564,0.07201530607591122,0.6628,-1.4019012506416573e-08,True,819731,4.5,RAJ2000,DEJ2000,zsp,True
485172,5,030210.95-075209.4_485172_0.1,150.22755989588444,2.0367833529478436,0.7430999875068665,vizier,zCOSMOS_Lilly2007,J/ApJS/172/70/zcosmos3,1,150.227554,2.036774,0.039795093895109795,0.7425000071525574,-0.000599980354309082,True,817954,4.5,RAJ2000,DEJ2000,z,True
485519,3,085050.68+195645.4_485519_1,150.37310596828695,2.0372200947897117,0.8309000134468079,vizier,zCOSMOS_Lilly2007,J/ApJS/172/70/zcosmos3,1,150.373108,2.037215,0.019744128936562518,0.830299973487854,-0.0006000399589538574,True,817264,4.5,RAJ2000,DEJ2000,z,True
485715,4,164805.75+245455.6_485715_0.1,150.03086186025206,2.03685403724477,0.24899999797344208,vizier,COSMOS_Ilbert2013_zspec,J/ApJS/206/8,1,150.03087,2.0368476,0.03734467235060019,nan,nan,,,,RAJ2000,DEJ2000,zsp,True
486367,8,094549.67+575709.7_486367_0.0001,149.87403473816354,2.037718185766981,0.3483000099658966,vizier,COSMOS_Ilbert2013_zspec,J/ApJS/206/8,1,149.87405,2.0377274,0.06414986351583064,0.3483,-9.965896607955216e-09,True,819561,3.5,RAJ2000,DEJ2000,zsp,True
486829,3,145655.80+045331.4_486829_0.3,149.827176990522,2.0388277533449797,0.36090001463890076,vizier,COSMOS_Ilbert2013_zspec,J/ApJS/206/8,1,149.82719,2.0388217,0.05162898151838225,0.3609,-1.4638900758257023e-08,True,819739,4.5,RAJ2000,DEJ2000,zsp,True
486855,2,161436.81+283905.9_486855_1,150.57065648709602,2.038602347572005,0.32120001316070557,vizier,zCOSMOS_Lilly2007,J/ApJS/172/70/zcosmos3,1,150.570648,2.038597,0.03609638260262428,0.3208000063896179,-0.0004000067710876465,True,816142,3.5,RAJ2000,DEJ2000,z,True
487176,9,161032.05+471000.6_487176_0.3,150.20402064960416,2.0399683020786856,0.7434999942779541,vizier,COSMOS_Ilbert2013_zspec,J/ApJS/206/8,1,150.20403,2.0399699,0.034128393098043906,0.7435,5.7220459481754915e-09,True,818056,3.5,RAJ2000,DEJ2000,zsp,True
487277,4,022014.57-072859.2_487277_0.1,149.9428416162466,2.040344261288804,0.20839999616146088,vizier,zCOSMOS_Lilly2007,J/ApJS/172/70/zcosmos3,1,149.942825,2.040343,0.059952757571879824,0.20800000429153442,-0.00039999186992645264,True,819244,4.5,RAJ2000,DEJ2000,z,True
487338,13,164658.75+214213.4_487338_0.3,150.1884335576143,2.041098124500685,1.9047000408172607,vizier,COSMOS_Ilbert2013_zspec,J/ApJS/206/8,1,150.18845,2.0411212,0.10198157390918823,nan,nan,,,,RAJ2000,DEJ2000,zsp,True
487692,4,024259.00-001038.3_487692_0.0001,150.11997848138463,2.0412860526804804,0.7383000254631042,vizier,zCOSMOS_Lilly2007,J/ApJS/172/70/zcosmos3,1,150.11998,2.041279,0.02597084228357787,0.7376999855041504,-0.0006000399589538574,True,818491,3.5,RAJ2000,DEJ2000,z,True
487818,8,082104.94+535146.4_487818_0.1,149.9903549741445,2.0421981276482226,2.899399995803833,vizier,COSMOS_Ilbert2013_zspec,J/ApJS/206/8,1,149.99036,2.0422325,0.12505457545836074,nan,nan,,,,RAJ2000,DEJ2000,zsp,True
488348,1,064902.92+284710.4_488348_1,150.7684568680221,2.0418031578719744,0.6072999835014343,vizier,zCOSMOS_Lilly2007,J/ApJS/172/70/zcosmos3,1,150.768448,2.041814,0.0504120492359577,0.6068000197410583,-0.0004999637603759766,True,815314,3.5,RAJ2000,DEJ2000,z,True
488401,3,074631.77+354523.7_488401_0.1,150.7697373816332,2.041642075260904,0.6039999723434448,vizier,zCOSMOS_Lilly2007,J/ApJS/172/70/zcosmos3,1,150.76973,2.041644,0.027446068598633508,0.6035000085830688,-0.0004999637603759766,True,815308,4.5,RAJ2000,DEJ2000,z,True
488457,5,091154.86+283150.3_488457_0.01,149.7679935456013,2.0384402113744717,0.3718999922275543,vizier,zCOSMOS_Lilly2007,J/ApJS/172/70/zcosmos3,1,149.76799,2.03843,0.03891124609069112,0.37139999866485596,-0.0004999935626983643,True,819932,3.5,RAJ2000,DEJ2000,z,True
488478,3,165537.40+263821.8_488478_0.003,149.81520456954962,2.042374716258695,0.3702999949455261,vizier,zCOSMOS_Lilly2007,J/ApJS/172/70/zcosmos3,1,149.815201,2.042363,0.0440902596810546,0.36980000138282776,-0.0004999935626983643,True,819777,4.5,RAJ2000,DEJ2000,z,True
488568,3,100215.99+524021.7_488568_0.03,150.29593052617975,2.040620396418066,0.7152000069618225,vizier,COSMOS_Ilbert2013_zspec,J/ApJS/206/8,1,150.29594,2.0406275,0.04261103699501927,0.7152,-6.9618225628786945e-09,True,817644,3.5,RAJ2000,DEJ2000,zsp,True
488706,11,151106.00+364922.5_488706_0.001,150.27126578711437,2.043371230956539,1.2389999628067017,vizier,COSMOS_Ilbert2013_zspec,J/ApJS/206/8,1,150.27129,2.0434289,0.22514358082989608,nan,nan,,,,RAJ2000,DEJ2000,zsp,True
488853,2,143912.04+111740.5_488853_1,150.38427070134153,2.043769036022366,2.591599941253662,vizier,COSMOS_Ilbert2013_zspec,J/ApJS/206/8,1,150.38426,2.0437839,0.06592138605752222,nan,nan,,,,RAJ2000,DEJ2000,zsp,True
488860,26,084714.55+352618.4_488860_1,150.16347099177585,2.0436165528942936,1.3619999885559082,vizier,COSMOS_Ilbert2013_zspec,J/ApJS/206/8,1,150.16351,2.0436327,0.15190274782322954,nan,nan,,,,RAJ2000,DEJ2000,zsp,True
489082,14,091043.31+325351.5_489082_0.03,149.4628683588053,2.0404585176428562,0.3230000138282776,vizier,COSMOS_Ilbert2013_zspec,J/ApJS/206/8,1,149.46288,2.0404398,0.0793386235291484,nan,nan,,,,RAJ2000,DEJ2000,zsp,True
489692,8,084348.64+620626.6_489692_0.0001,149.63407642181943,2.0441042282331714,0.883400022983551,vizier,zCOSMOS_Lilly2007,J/ApJS/172/70/zcosmos3,1,149.634079,2.044104,0.00931186382937983,0.8827999830245972,-0.0006000399589538574,True,820461,3.5,RAJ2000,DEJ2000,z,True
489714,6,080002.81+440011.4_489714_1,150.1622344099067,2.0440263429000156,0.8299999833106995,vizier,zCOSMOS_Lilly2007,J/ApJS/172/70/zcosmos3,1,150.162216,2.044019,0.0713137809317064,0.8294000029563904,-0.000599980354309082,True,818263,3.5,RAJ2000,DEJ2000,z,True
490422,2,160746.51+090117.6_490422_0.3,149.83907886436518,2.0440079805411924,0.31279999017715454,vizier,zCOSMOS_Lilly2007,J/ApJS/172/70/zcosmos3,1,149.839066,2.044007,0.04641666715203569,0.3124000132083893,-0.0003999769687652588,True,819693,4.5,RAJ2000,DEJ2000,z,True
490469,3,081058.99+413402.7_490469_0.1,149.5602956185913,2.0449683948369946,0.5041000247001648,vizier,COSMOS_Ilbert2013_zspec,J/ApJS/206/8,1,149.5603,2.044981,0.04803841301932558,0.5041,-2.4700164802382574e-08,True,820795,4.5,RAJ2000,DEJ2000,zsp,True
490601,4,205707.66+752603.8_490601_0.3,150.2923066501982,2.0456311879498,0.7127000093460083,vizier,zCOSMOS_Lilly2007,J/ApJS/172/70/zcosmos3,1,150.292297,2.045639,0.04468001689900629,0.7121000289916992,-0.000599980354309082,True,817667,4.5,RAJ2000,DEJ2000,z,True
490950,6,163058.35+132956.8_490950_0.1,149.9313883439024,2.0460327319300537,0.4424000084400177,vizier,zCOSMOS_Lilly2007,J/ApJS/172/70/zcosmos3,1,149.931381,2.046027,0.033524327822409244,0.44190001487731934,-0.0004999935626983643,True,819294,3.5,RAJ2000,DEJ2000,z,True
491048,4,155203.35+455944.2_491048_0.03,150.20631398169368,2.044806811535721,0.7282999753952026,vizier,COSMOS_Ilbert2013_zspec,J/ApJS/206/8,1,150.20631,2.0448174,0.04072127967138671,0.7283,2.4604797310701088e-08,True,818041,3.5,RAJ2000,DEJ2000,zsp,True
491200,5,032213.89+005513.4_491200_0.001,150.22501371190117,2.047052282918579,0.18649999797344208,vizier,COSMOS_Ilbert2013_zspec,J/ApJS/206/8,1,150.22501,2.0470531,0.013674434159683928,nan,nan,,,,RAJ2000,DEJ2000,zsp,True
491297,7,091826.08+351243.2_491297_1,150.50026556470888,2.046559353033459,1.5190999507904053,vizier,COSMOS_Ilbert2013_zspec,J/ApJS/206/8,1,150.50029,2.0465617,0.08831602234539337,nan,nan,,,,RAJ2000,DEJ2000,zsp,True
491628,4,162830.17+161314.6_491628_0.0001,149.9996639816166,2.047117413219071,0.7350000143051147,vizier,zCOSMOS_Lilly2007,J/ApJS/172/70/zcosmos3,1,149.999664,2.04711,0.026687670606785154,0.7343999743461609,-0.0006000399589538574,True,819030,4.5,RAJ2000,DEJ2000,z,True
491639,1,154518.05+463837.9_491639_0.1,150.1788936200557,2.0457557903011425,0.22059999406337738,vizier,zCOSMOS_Lilly2007,J/ApJS/172/70/zcosmos3,1,150.178879,2.04575,0.05657858275705135,0.22040000557899475,-0.0001999884843826294,True,818180,9.3,RAJ2000,DEJ2000,z,True
491792,7,143614.14+105905.6_491792_0.0001,149.6481959766208,2.0479093012063783,1.2489999532699585,vizier,COSMOS_Ilbert2013_zspec,J/ApJS/206/8,1,149.64822,2.0478952,0.10023461509430377,nan,nan,,,,RAJ2000,DEJ2000,zsp,True
492039,5,080024.41+160152.5_492039_0.3,150.0601370140169,2.048336403541111,1.642300009727478,vizier,COSMOS_Ilbert2013_zspec,J/ApJS/206/8,1,150.06017,2.048373,0.17731547044098123,nan,nan,,,,RAJ2000,DEJ2000,zsp,True
492333,22,092429.67+423542.8_492333_0.0001,149.99380781512042,2.049184995249173,3.1803998947143555,vizier,COSMOS_Ilbert2013_zspec,J/ApJS/206/8,1,149.9938,2.0492313,0.16905164419249735,nan,nan,,,,RAJ2000,DEJ2000,zsp,True
492600,15,080149.66+132616.7_492600_0.0001,150.3554850357072,2.045238517089723,0.5295000076293945,vizier,COSMOS_Ilbert2013_zspec,J/ApJS/206/8,1,150.35548,2.0452499,0.044804700277111316,0.5295,-7.629394560559888e-09,True,817367,3.5,RAJ2000,DEJ2000,zsp,True
492641,1,174457.25+535736.8_492641_0.3,150.68218055603106,2.04817700128308,0.32429999113082886,vizier,zCOSMOS_Lilly2007,J/ApJS/172/70/zcosmos3,1,150.682159,2.04818,0.07829989631647764,0.3239000141620636,-0.0003999769687652588,True,815629,3.5,RAJ2000,DEJ2000,z,True
492654,2,155948.17+065727.6_492654_0.3,150.08373699634316,2.0493829294640893,2.891200065612793,vizier,COSMOS_Ilbert2013_zspec,J/ApJS/206/8,1,150.08374,2.0493958,0.0475773896220478,nan,nan,,,,RAJ2000,DEJ2000,zsp,True
492725,10,154926.72+113229.5_492725_0.001,150.25259641143612,2.049601055999684,1.2170000076293945,vizier,COSMOS_Ilbert2013_zspec,J/ApJS/206/8,1,150.25261,2.0495548,0.17354951427742993,nan,nan,,,,RAJ2000,DEJ2000,zsp,True
492775,8,170056.01+243928.2_492775_0.0001,149.7281898851207,2.0488225539177196,0.5171999931335449,vizier,zCOSMOS_Lilly2007,J/ApJS/172/70/zcosmos3,1,149.72818,2.048817,0.04079877307934802,0.516700029373169,-0.0004999637603759766,True,820100,3.5,RAJ2000,DEJ2000,z,True
492981,4,084856.05+232456.9_492981_0.3,149.98172694285097,2.0483777143529416,0.8970999717712402,vizier,zCOSMOS_Lilly2007,J/ApJS/172/70/zcosmos3,1,149.981735,2.048372,0.03554506305395485,0.8964999914169312,-0.000599980354309082,True,819088,4.5,RAJ2000,DEJ2000,z,True
493151,10,074408.40+375841.1_493151_0.1,150.55900786498583,2.0494828978643036,0.8709999918937683,vizier,COSMOS_Ilbert2013_zspec,J/ApJS/206/8,1,150.55901,2.0495012,0.06633390777659687,nan,nan,,,,RAJ2000,DEJ2000,zsp,True
493515,17,153723.25+482336.4_493515_0.0001,149.8891185581638,2.0509905232123415,1.406000018119812,vizier,COSMOS_Ilbert2013_zspec,J/ApJS/206/8,1,149.88918,2.051002,0.2248770061699019,nan,nan,,,,RAJ2000,DEJ2000,zsp,True
493669,3,151046.20+011819.0_493669_0.0003,149.71568404054094,2.049121768683907,0.3725999891757965,vizier,COSMOS_Ilbert2013_zspec,J/ApJS/206/8,1,149.71568,2.0491171,0.022221569045916597,0.3726,1.0824203477977079e-08,True,820138,4.5,RAJ2000,DEJ2000,zsp,True
493880,4,150118.32+155623.0_493880_0.001,150.64631868689924,2.0506560823029516,0.3246000111103058,vizier,zCOSMOS_Lilly2007,J/ApJS/172/70/zcosmos3,1,150.646317,2.050654,0.00964502481329891,0.32420000433921814,-0.0004000067710876465,True,815806,3.5,RAJ2000,DEJ2000,z,True
494133,4,083111.23+123107.8_494133_0.001,150.00135947256757,2.0502101307142704,0.6690999865531921,vizier,zCOSMOS_Lilly2007,J/ApJS/172/70/zcosmos3,1,150.001358,2.050202,0.029746152017970134,0.6685000061988831,-0.000599980354309082,True,819024,4.5,RAJ2000,DEJ2000,z,True
494299,1,134604.46+035030.5_494299_1,150.73712189165937,2.051028468522158,0.6151000261306763,vizier,zCOSMOS_Lilly2007,J/ApJS/172/70/zcosmos3,1,150.737122,2.051032,0.012719293887537213,0.6146000027656555,-0.000500023365020752,True,815419,3.5,RAJ2000,DEJ2000,z,True
494335,16,173049.10+585059.5_494335_0.3,150.5773459241982,2.0520222506995744,2.0292000770568848,vizier,COSMOS_Ilbert2013_zspec,J/ApJS/206/8,1,150.57735,2.0520391,0.06240470836258664,nan,nan,,,,RAJ2000,DEJ2000,zsp,True
494934,15,155426.16+193703.0_494934_0.01,150.21670556295226,2.0533512080747305,4.619999885559082,vizier,COSMOS_Ilbert2013_zspec,J/ApJS/206/8,1,150.21667,2.0533717,0.14768860867080494,nan,nan,,,,RAJ2000,DEJ2000,zsp,True
495013,5,142748.28+050222.0_495013_0.01,150.41276827397843,2.049469008085695,0.0997999981045723,vizier,zCOSMOS_Lilly2007,J/ApJS/172/70/zcosmos3,1,150.41275,2.04947,0.06584114520998145,0.09939999878406525,-0.00039999932050704956,True,817042,4.5,RAJ2000,DEJ2000,z,True
495250,15,024617.08-000602.6_495250_1,150.0148441356298,2.053708120098713,1.1430000066757202,vizier,COSMOS_Ilbert2013_zspec,J/ApJS/206/8,1,150.01482,2.0537455,0.16015094862338314,nan,nan,,,,RAJ2000,DEJ2000,zsp,True
495362,10,155155.38+123424.6_495362_0.01,149.49112127962042,2.0532748175359536,1.1339999437332153,vizier,COSMOS_Ilbert2013_zspec,J/ApJS/206/8,1,149.49112,2.0532656,0.03350095386649956,nan,nan,,,,RAJ2000,DEJ2000,zsp,True
495771,1,152735.81+343236.4_495771_1,150.18084791191671,2.053350322113902,0.8281000256538391,vizier,zCOSMOS_Lilly2007,J/ApJS/172/70/zcosmos3,1,150.180847,2.053343,0.026562993797191656,0.8274999856948853,-0.0006000399589538574,True,818168,4.5,RAJ2000,DEJ2000,z,True
496215,2,092316.44+332116.3_496215_0.0001,149.79964392145897,2.0547672825718983,2.3701000213623047,vizier,COSMOS_Ilbert2013_zspec,J/ApJS/206/8,1,149.79967,2.0547621,0.09565946228285077,nan,nan,,,,RAJ2000,DEJ2000,zsp,True
496327,3,092551.55+661507.2_496327_0.0001,150.0133875654915,2.0528013627839576,0.6773999929428101,vizier,zCOSMOS_Lilly2007,J/ApJS/172/70/zcosmos3,1,150.013382,2.0528,0.020615189322441434,0.676800012588501,-0.000599980354309082,True,818983,4.5,RAJ2000,DEJ2000,z,True
496531,10,160615.84+163818.2_496531_0.0003,150.2870831642359,2.0533496657555186,0.6211000084877014,vizier,zCOSMOS_Lilly2007,J/ApJS/172/70/zcosmos3,1,150.287079,2.053352,0.01717743150326156,0.6205999851226807,-0.000500023365020752,True,817689,3.5,RAJ2000,DEJ2000,z,True
496582,5,082038.88+381136.4_496582_1,150.28409819517276,2.0528513466499883,0.3734999895095825,vizier,COSMOS_Ilbert2013_zspec,J/ApJS/206/8,1,150.2841,2.0528567,0.020336520089905382,0.3735,1.0490417479136482e-08,True,817706,3.5,RAJ2000,DEJ2000,zsp,True
496869,2,161449.71+265858.8_496869_0.01,150.64154107282897,2.054792444163742,0.8414000272750854,vizier,zCOSMOS_Lilly2007,J/ApJS/172/70/zcosmos3,1,150.641541,2.054783,0.033999999079140274,0.8407999873161316,-0.0006000399589538574,True,815823,4.5,RAJ2000,DEJ2000,z,True
497074,4,164729.85+354605.8_497074_0.01,149.58309870922483,2.0543674745445526,0.2612999975681305,vizier,zCOSMOS_Lilly2007,J/ApJS/172/70/zcosmos3,1,149.583099,2.054362,0.019736104778972974,0.26089999079704285,-0.0004000067710876465,True,820687,3.5,RAJ2000,DEJ2000,z,True
497209,1,094241.82+630043.1_497209_0.1,149.9566711885472,2.055954831276886,0.6647999882698059,vizier,COSMOS_Ilbert2013_zspec,J/ApJS/206/8,1,149.95667,2.0559549,0.004283166735971546,0.6648,1.1730194038328534e-08,True,700610,4.5,RAJ2000,DEJ2000,zsp,True
497237,6,150640.92+243033.3_497237_1,150.12067294307656,2.055247486816981,0.362199991941452,vizier,zCOSMOS_Lilly2007,J/ApJS/172/70/zcosmos3,1,150.120667,2.055244,0.02479368486477317,0.36169999837875366,-0.0004999935626983643,True,818487,3.5,RAJ2000,DEJ2000,z,True
497406,14,163552.48+275158.6_497406_0.001,149.7155841520823,2.0566244682760977,2.0088000297546387,vizier,COSMOS_Ilbert2013_zspec,J/ApJS/206/8,1,149.71559,2.0566435,0.07167170665249555,nan,nan,,,,RAJ2000,DEJ2000,zsp,True
497825,5,093026.27+381151.2_497825_0.001,150.33272579267782,2.0561236974568566,0.7246000170707703,vizier,zCOSMOS_Lilly2007,J/ApJS/172/70/zcosmos3,1,150.332718,2.056121,0.029669751401235876,0.7239999771118164,-0.0006000399589538574,True,817459,3.5,RAJ2000,DEJ2000,z,True
497840,28,094349.75+504938.7_497840_0.003,150.3468737613631,2.057771167632117,3.690000057220459,vizier,COSMOS_Ilbert2013_zspec,J/ApJS/206/8,1,150.34691,2.0578017,0.17052645885274706,nan,nan,,,,RAJ2000,DEJ2000,zsp,True
497850,2,144430.21+000949.3_497850_1,149.97088212064145,2.0562414417930936,0.6378999948501587,vizier,zCOSMOS_Lilly2007,J/ApJS/172/70/zcosmos3,1,149.970871,2.056234,0.04814988081294243,0.6373999714851379,-0.000500023365020752,True,819125,4.5,RAJ2000,DEJ2000,z,True
498040,24,151625.68+325207.9_498040_0.03,149.64163481172108,2.057989993554178,3.3884999752044678,vizier,COSMOS_Ilbert2013_zspec,J/ApJS/206/8,1,149.64165,2.0579829,0.06031529419860787,nan,nan,,,,RAJ2000,DEJ2000,zsp,True
498540,3,085058.07+101822.1_498540_1,149.57825466312104,2.0575775039534627,0.8884999752044678,vizier,zCOSMOS_Lilly2007,J/ApJS/172/70/zcosmos3,1,149.578262,2.057567,0.046115626291415864,0.8878999948501587,-0.000599980354309082,True,820705,3.5,RAJ2000,DEJ2000,z,True
498642,14,040603.71-043045.2_498642_0.003,150.03333946512777,2.0582967297644967,1.156999945640564,vizier,COSMOS_Ilbert2013_zspec,J/ApJS/206/8,1,150.03334,2.058275,0.07825081636135461,nan,nan,,,,RAJ2000,DEJ2000,zsp,True
498836,10,094902.38+531241.5_498836_0.3,149.7146879619824,2.0584657772128483,1.6039999723434448,vizier,COSMOS_Ilbert2013_zspec,J/ApJS/206/8,1,149.71471,2.0584679,0.07965310812411719,nan,nan,,,,RAJ2000,DEJ2000,zsp,True
499786,6,151104.00+031529.1_499786_0.001,149.9492437083713,2.0595642938917145,0.16529999673366547,vizier,zCOSMOS_Lilly2007,J/ApJS/172/70/zcosmos3,1,149.949234,2.059569,0.03881965230985135,0.164900004863739,-0.00039999186992645264,True,819222,4.5,RAJ2000,DEJ2000,z,True
499863,9,022254.06-004251.4_499863_0.003,150.01263728810986,2.0590184143672894,1.000599980354309,vizier,zCOSMOS_Lilly2007,J/ApJS/172/70/zcosmos3,1,150.012634,2.059015,0.01705944769268253,0.9998999834060669,-0.0006999969482421875,True,818988,3.5,RAJ2000,DEJ2000,z,True
500143,4,074613.33+332603.8_500143_0.1,150.27641102747071,2.058415160917261,0.3203999996185303,vizier,zCOSMOS_Lilly2007,J/ApJS/172/70/zcosmos3,1,150.276398,2.05842,0.05000149365805744,0.3199999928474426,-0.0004000067710876465,True,817745,3.5,RAJ2000,DEJ2000,z,True
500282,7,170650.86+225745.3_500282_1,150.08854029046458,2.061152916461867,2.273099899291992,vizier,COSMOS_Ilbert2013_zspec,J/ApJS/206/8,1,150.08855,2.0611658,0.0580637348913777,nan,nan,,,,RAJ2000,DEJ2000,zsp,True
500528,7,023230.42-072644.2_500528_0.0003,149.931578843261,2.061549461830919,2.5555999279022217,vizier,COSMOS_Ilbert2013_zspec,J/ApJS/206/8,1,149.93159,2.0615363,0.06209823061745301,nan,nan,,,,RAJ2000,DEJ2000,zsp,True
500637,16,155915.42+105633.0_500637_0.0003,150.06609947944807,2.061606600230089,3.151400089263916,vizier,COSMOS_Ilbert2013_zspec,J/ApJS/206/8,1,150.0661,2.0616276,0.07562236468634817,nan,nan,,,,RAJ2000,DEJ2000,zsp,True
500680,4,160332.69+524556.2_500680_0.3,150.03445638194654,2.061048610922597,1.6931999921798706,vizier,COSMOS_Ilbert2013_zspec,J/ApJS/206/8,1,150.03442,2.0610487,0.13089066923596285,nan,nan,,,,RAJ2000,DEJ2000,zsp,True
500684,3,141432.35+105519.1_500684_0.3,149.79343571433492,2.0601014671060875,0.35580000281333923,vizier,zCOSMOS_Lilly2007,J/ApJS/172/70/zcosmos3,1,149.793427,2.060103,0.031833296743465245,0.35530000925064087,-0.0004999935626983643,True,819854,4.5,RAJ2000,DEJ2000,z,True
500738,3,154019.56-020505.4_500738_0.3,150.75863641277112,2.0610858381158983,0.32409998774528503,vizier,zCOSMOS_Lilly2007,J/ApJS/172/70/zcosmos3,1,150.758636,2.061096,0.03661291115989289,0.3237000107765198,-0.0003999769687652588,True,815339,4.5,RAJ2000,DEJ2000,z,True
500813,4,150321.36+233059.9_500813_0.0003,150.175714027161,2.0595467700990797,0.38749998807907104,vizier,zCOSMOS_Lilly2007,J/ApJS/172/70/zcosmos3,1,150.175705,2.059536,0.050577043406747596,0.3869999945163727,-0.0004999935626983643,True,818204,3.5,RAJ2000,DEJ2000,z,True
501427,4,155328.49+095102.0_501427_0.01,150.06476538129868,2.0583939255890344,0.1850000023841858,vizier,zCOSMOS_Lilly2007,J/ApJS/172/70/zcosmos3,1,150.064758,2.058405,0.04790244174942568,0.18459999561309814,-0.0004000067710876465,True,818767,4.5,RAJ2000,DEJ2000,z,True
501522,4,095901.24+550408.2_501522_0.001,149.96140399018753,2.0632757787067866,2.184000015258789,vizier,COSMOS_Ilbert2013_zspec,J/ApJS/206/8,1,149.96138,2.0633042,0.1338577102955135,nan,nan,,,,RAJ2000,DEJ2000,zsp,True
501536,12,153156.70+275452.8_501536_1,149.68963122884406,2.0629876703719483,2.4105000495910645,vizier,COSMOS_Ilbert2013_zspec,J/ApJS/206/8,1,149.68964,2.0629785,0.045668834842207275,nan,nan,,,,RAJ2000,DEJ2000,zsp,True
501737,1,134526.18+002857.3_501737_0.3,150.19956538016632,2.0624038832008607,0.9559999704360962,vizier,COSMOS_Ilbert2013_zspec,J/ApJS/206/8,1,150.19955,2.062428,0.10295390438367817,nan,nan,,,,RAJ2000,DEJ2000,zsp,True
501905,2,101618.21+601657.0_501905_1,149.75193454008,2.0629435093400597,0.9869999885559082,vizier,COSMOS_Ilbert2013_zspec,J/ApJS/206/8,1,149.75192,2.0629554,0.06759260195371349,nan,nan,,,,RAJ2000,DEJ2000,zsp,True
502041,4,161250.83+214245.8_502041_0.3,149.5137410065483,2.0619897104361384,0.6604999899864197,vizier,zCOSMOS_Lilly2007,J/ApJS/172/70/zcosmos3,1,149.513733,2.061977,0.05406919708004163,0.6599000096321106,-0.000599980354309082,True,821016,3.5,RAJ2000,DEJ2000,z,True
502086,2,153354.67+235614.7_502086_1,150.73831659179746,2.0608710398206993,0.22779999673366547,vizier,zCOSMOS_Lilly2007,J/ApJS/172/70/zcosmos3,1,150.738312,2.060888,0.06325201215762295,0.227400004863739,-0.00039999186992645264,True,815415,3.5,RAJ2000,DEJ2000,z,True
502667,3,075012.15+231824.1_502667_0.3,150.5743255782223,2.064556212446844,2.327699899673462,vizier,COSMOS_Ilbert2013_zspec,J/ApJS/206/8,1,150.57436,2.0646293,0.29080138192963734,nan,nan,,,,RAJ2000,DEJ2000,zsp,True
502782,12,094003.03+511602.7_502782_0.01,149.7602232950658,2.0655089443241663,3.5999999046325684,vizier,COSMOS_Ilbert2013_zspec,J/ApJS/206/8,1,149.76025,2.0655155,0.09893150973624007,nan,nan,,,,RAJ2000,DEJ2000,zsp,True
502868,13,021333.34+003030.8_502868_0.001,150.04860980081352,2.0655083570305734,2.0566000938415527,vizier,COSMOS_Ilbert2013_zspec,J/ApJS/206/8,1,150.04863,2.0654759,0.1375998911991797,nan,nan,,,,RAJ2000,DEJ2000,zsp,True
503325,2,155257.24+190632.9_503325_1,150.5299050745031,2.0657946248994508,2.3959999084472656,vizier,COSMOS_Ilbert2013_zspec,J/ApJS/206/8,1,150.52991,2.0658002,0.02677362909438289,nan,nan,,,,RAJ2000,DEJ2000,zsp,True
503419,10,161855.22+311030.6_503419_0.3,150.5213392340459,2.0632763919565025,0.4404999911785126,vizier,zCOSMOS_Lilly2007,J/ApJS/172/70/zcosmos3,1,150.521332,2.063279,0.027667464439428507,0.4399999976158142,-0.0004999935626983643,True,816378,4.5,RAJ2000,DEJ2000,z,True
504121,2,160949.94+385259.9_504121_0.0003,149.94569251273813,2.0660397697323227,0.6777999997138977,vizier,zCOSMOS_Lilly2007,J/ApJS/172/70/zcosmos3,1,149.945679,2.066038,0.0490299285416087,0.6772000193595886,-0.000599980354309082,True,819232,3.5,RAJ2000,DEJ2000,z,True
504491,6,172620.59+333306.3_504491_0.03,150.1378202502306,2.0667063347329893,2.7690000534057617,vizier,COSMOS_Ilbert2013_zspec,J/ApJS/206/8,1,150.13786,2.0666957,0.14804217332955813,nan,nan,,,,RAJ2000,DEJ2000,zsp,True
504578,2,081059.78+300405.4_504578_0.0001,149.95554165904886,2.066655587650515,0.1655000001192093,vizier,COSMOS_Ilbert2013_zspec,J/ApJS/206/8,1,149.95557,2.06672,0.253310993316507,nan,nan,,,,RAJ2000,DEJ2000,zsp,True
504635,1,153645.84+130704.3_504635_0.0001,150.09446710896202,2.0668516747815344,1.1776000261306763,vizier,COSMOS_Ilbert2013_zspec,J/ApJS/206/8,1,150.09448,2.0668433,0.05531592697580195,nan,nan,,,,RAJ2000,DEJ2000,zsp,True
504665,2,084525.78+613229.5_504665_0.01,150.37233238849498,2.0668943406698914,0.7250999808311462,vizier,zCOSMOS_Lilly2007,J/ApJS/172/70/zcosmos3,1,150.37233,2.066895,0.008914783174721516,0.7245000004768372,-0.000599980354309082,True,817272,3.5,RAJ2000,DEJ2000,z,True
504806,6,090704.35+411340.7_504806_1,149.89941746626812,2.067406305061825,1.3280999660491943,vizier,COSMOS_Ilbert2013_zspec,J/ApJS/206/8,1,149.89943,2.0674136,0.05218213485503713,nan,nan,,,,RAJ2000,DEJ2000,zsp,True
504894,3,083604.52+143647.8_504894_0.3,149.76578777281213,2.0650775456254706,0.6761999726295471,vizier,COSMOS_Ilbert2013_zspec,J/ApJS/206/8,1,149.76579,2.0650675,0.037041273829033494,0.6762,2.737045290412965e-08,True,819947,4.5,RAJ2000,DEJ2000,zsp,True
504916,4,162728.55+251336.2_504916_1,149.59557655034845,2.0668539199124827,0.6326000094413757,vizier,zCOSMOS_Lilly2007,J/ApJS/172/70/zcosmos3,1,149.595566,2.066848,0.043530302264045424,0.632099986076355,-0.000500023365020752,True,820632,3.5,RAJ2000,DEJ2000,z,True
505008,3,084909.58+323322.9_505008_0.001,149.91817683940755,2.068945679742389,2.9184000492095947,vizier,COSMOS_Ilbert2013_zspec,J/ApJS/206/8,1,149.91818,2.0689647,0.06941062567508384,nan,nan,,,,RAJ2000,DEJ2000,zsp,True
505021,3,084552.27+504524.2_505021_0.0003,150.0416015773132,2.0683703598279255,2.8887999057769775,vizier,COSMOS_Ilbert2013_zspec,J/ApJS/206/8,1,150.0416,2.0683923,0.07918820312903423,nan,nan,,,,RAJ2000,DEJ2000,zsp,True
505219,6,082609.88+362213.5_505219_0.3,149.85986079858583,2.068583641690385,1.0770000219345093,vizier,COSMOS_Ilbert2013_zspec,J/ApJS/206/8,1,149.85986,2.0685694,0.051350520820436604,nan,nan,,,,RAJ2000,DEJ2000,zsp,True
505374,4,093732.33+474631.9_505374_0.03,149.46338747540756,2.0669622906357223,0.28450000286102295,vizier,COSMOS_Ilbert2013_zspec,J/ApJS/206/8,1,149.46339,2.066957,0.021101068342735667,0.2845,-2.8610229740877458e-09,True,821227,4.5,RAJ2000,DEJ2000,zsp,True
505425,2,084128.25+485422.6_505425_0.1,150.08605965465293,2.069099724610567,2.821000099182129,vizier,COSMOS_Ilbert2013_zspec,J/ApJS/206/8,1,150.08611,2.0690989,0.18114940651907066,nan,nan,,,,RAJ2000,DEJ2000,zsp,True
505563,4,153027.37+062330.8_505563_0.0003,149.8902498149026,2.0696454679604566,2.2202999591827393,vizier,COSMOS_Ilbert2013_zspec,J/ApJS/206/8,1,149.89023,2.0696621,0.09309623775969209,nan,nan,,,,RAJ2000,DEJ2000,zsp,True
505611,1,100044.41+561307.8_505611_0.3,150.01579226562873,2.0678198941820782,0.6389999985694885,vizier,zCOSMOS_Lilly2007,J/ApJS/172/70/zcosmos3,1,150.015793,2.067831,0.040068144054513595,0.6384999752044678,-0.000500023365020752,True,818970,3.5,RAJ2000,DEJ2000,z,True
505644,1,154850.20+005549.0_505644_0.03,149.87826943300794,2.0678939414593787,0.3725000023841858,vizier,zCOSMOS_Lilly2007,J/ApJS/172/70/zcosmos3,1,149.878265,2.067881,0.04924338707757896,0.3720000088214874,-0.0004999935626983643,True,819536,3.5,RAJ2000,DEJ2000,z,True
506027,2,142100.45+211200.3_506027_1,150.6380826697238,2.0665884423156733,0.37470000982284546,vizier,zCOSMOS_Lilly2007,J/ApJS/172/70/zcosmos3,1,150.638077,2.066587,0.0210482244386731,0.3741999864578247,-0.000500023365020752,True,815842,4.5,RAJ2000,DEJ2000,z,True
506182,8,142213.71+193906.0_506182_0.03,150.41060829671903,2.0701948402726127,1.9950000047683716,vizier,COSMOS_Ilbert2013_zspec,J/ApJS/206/8,1,150.4106,2.0702112,0.06602702289231265,nan,nan,,,,RAJ2000,DEJ2000,zsp,True
506187,1,084746.25+573856.6_506187_0.0003,149.68437990813052,2.069280694071561,0.6643000245094299,vizier,zCOSMOS_Lilly2007,J/ApJS/172/70/zcosmos3,1,149.684372,2.069276,0.03309089370982629,0.6636999845504761,-0.0006000399589538574,True,820260,3.5,RAJ2000,DEJ2000,z,True
506207,3,091810.38+323739.4_506207_0.03,150.11923504703398,2.0703242626671208,0.26579999923706055,vizier,COSMOS_Ilbert2013_zspec,J/ApJS/206/8,1,150.11925,2.070348,0.1009772953731822,nan,nan,,,,RAJ2000,DEJ2000,zsp,True
506348,4,154745.87+071521.9_506348_0.003,149.6088391626508,2.0699488274410185,0.8820000290870667,vizier,COSMOS_Ilbert2013_zspec,J/ApJS/206/8,1,149.60886,2.0699761,0.12352885408995001,nan,nan,,,,RAJ2000,DEJ2000,zsp,True
506767,4,082742.58+283507.1_506767_0.0001,149.79104349271745,2.0709035418676387,0.9143999814987183,vizier,COSMOS_Ilbert2013_zspec,J/ApJS/206/8,1,149.79109,2.0709147,0.17207121914864207,nan,nan,,,,RAJ2000,DEJ2000,zsp,True
506935,1,171304.46+352333.5_506935_0.003,149.96812473111115,2.067243040524213,0.0778999999165535,vizier,zCOSMOS_Lilly2007,J/ApJS/172/70/zcosmos3,1,149.968124,2.067261,0.06470759396795349,0.07750000059604645,-0.00039999932050704956,True,819133,4.5,RAJ2000,DEJ2000,z,True
506974,9,092515.00+531711.7_506974_0.001,150.34933682712872,2.071701595154564,0.18469999730587006,vizier,COSMOS_Ilbert2013_zspec,J/ApJS/206/8,1,150.34941,2.0717173,0.2692529042331814,nan,nan,,,,RAJ2000,DEJ2000,zsp,True
507017,5,162329.97+165647.3_507017_0.01,149.8284914218423,2.071706677429043,3.0862998962402344,vizier,COSMOS_Ilbert2013_zspec,J/ApJS/206/8,1,149.82848,2.0716934,0.06303374005461738,nan,nan,,,,RAJ2000,DEJ2000,zsp,True
507079,1,135028.88-012958.1_507079_0.0001,149.92511909351845,2.0709582919546237,0.6761000156402588,vizier,zCOSMOS_Lilly2007,J/ApJS/172/70/zcosmos3,1,149.92511,2.070952,0.039791447340870985,0.6754999756813049,-0.0006000399589538574,True,819328,3.5,RAJ2000,DEJ2000,z,True
507184,6,080514.64+465228.8_507184_0.0001,150.64736405316285,2.0708685764590307,0.5741000175476074,vizier,zCOSMOS_Lilly2007,J/ApJS/172/70/zcosmos3,1,150.647354,2.070864,0.03974342776973572,0.5735999941825867,-0.000500023365020752,True,815804,4.5,RAJ2000,DEJ2000,z,True
507236,5,164329.77+305239.6_507236_0.0003,150.3579065908368,2.06893771340142,0.963699996471405,vizier,zCOSMOS_Lilly2007,J/ApJS/172/70/zcosmos3,1,150.357895,2.068938,0.04171257320594602,0.9629999995231628,-0.0006999969482421875,True,817348,3.5,RAJ2000,DEJ2000,z,True
507249,1,034058.01-000806.3_507249_1,150.76985752224203,2.0690353902371714,0.5723000168800354,vizier,zCOSMOS_Lilly2007,J/ApJS/172/70/zcosmos3,1,150.769852,2.069045,0.03989393713719501,0.5717999935150146,-0.000500023365020752,True,815307,4.5,RAJ2000,DEJ2000,z,True
507474,7,153825.87+042337.4_507474_0.1,150.40861776374794,2.0722486916747713,2.3368000984191895,vizier,COSMOS_Ilbert2013_zspec,J/ApJS/206/8,1,150.40858,2.0722599,0.14172585711662197,nan,nan,,,,RAJ2000,DEJ2000,zsp,True
507487,1,082734.23+582444.4_507487_0.1,150.63915672939552,2.0721538415675385,2.6572999954223633,vizier,COSMOS_Ilbert2013_zspec,J/ApJS/206/8,1,150.63913,2.0721676,0.10816912489400728,nan,nan,,,,RAJ2000,DEJ2000,zsp,True
507515,3,090105.80+233759.8_507515_0.001,150.7056293563185,2.0702378886525428,0.438400000333786,vizier,zCOSMOS_Lilly2007,J/ApJS/172/70/zcosmos3,1,150.705627,2.070247,0.03387859063001806,0.43790000677108765,-0.0004999935626983643,True,815541,3.5,RAJ2000,DEJ2000,z,True
507817,12,084839.85+545513.6_507817_0.003,150.0824750007245,2.0729161416061546,1.2608000040054321,vizier,COSMOS_Ilbert2013_zspec,J/ApJS/206/8,1,150.08244,2.0729175,0.1260150746251567,nan,nan,,,,RAJ2000,DEJ2000,zsp,True
507867,15,160249.32+250441.0_507867_0.03,150.27966052547907,2.0705696334012944,0.27230000495910645,vizier,zCOSMOS_Lilly2007,J/ApJS/172/70/zcosmos3,1,150.279648,2.070579,0.056281713597231255,0.2718999981880188,-0.0004000067710876465,True,817724,3.5,RAJ2000,DEJ2000,z,True
507997,13,162521.94+200730.4_507997_0.03,149.4670379054693,2.070312544208405,0.2842000126838684,vizier,zCOSMOS_Lilly2007,J/ApJS/172/70/zcosmos3,1,149.467026,2.070316,0.04460190971269302,0.28380000591278076,-0.0004000067710876465,True,821212,4.5,RAJ2000,DEJ2000,z,True
508116,4,154109.57+184127.5_508116_0.1,149.8713428906536,2.0732332259417126,2.757699966430664,vizier,COSMOS_Ilbert2013_zspec,J/ApJS/206/8,1,149.87135,2.073226,0.03648114517341945,nan,nan,,,,RAJ2000,DEJ2000,zsp,True
508642,2,155336.46+053423.9_508642_0.03,149.79962864488172,2.073989188973519,1.1430000066757202,vizier,COSMOS_Ilbert2013_zspec,J/ApJS/206/8,1,149.79965,2.0740073,0.10076483386965307,nan,nan,,,,RAJ2000,DEJ2000,zsp,True
509356,37,144705.17+010747.6_509356_0.001,149.90017884114414,2.0747581375713238,1.4140000343322754,vizier,COSMOS_Ilbert2013_zspec,J/ApJS/206/8,1,149.90018,2.0747416,0.059681057115916925,nan,nan,,,,RAJ2000,DEJ2000,zsp,True
510527,4,170012.20+193502.9_510527_0.0001,149.6392335942832,2.077047345951294,1.2480000257492065,vizier,COSMOS_Ilbert2013_zspec,J/ApJS/206/8,1,149.63927,2.0770676,0.14990279381043012,nan,nan,,,,RAJ2000,DEJ2000,zsp,True
511505,1,032948.44+010333.6_511505_0.003,150.19594723929706,2.0781507984572536,0.742900013923645,vizier,COSMOS_Ilbert2013_zspec,J/ApJS/206/8,1,150.19601,2.0781078,0.27375612189693826,nan,nan,,,,RAJ2000,DEJ2000,zsp,True
512533,1,143229.91+012332.6_512533_0.1,150.06876311312263,2.0781087050703837,0.4794999957084656,vizier,COSMOS_Ilbert2013_zspec,J/ApJS/206/8,1,150.06876,2.0781121,0.01657733977486384,0.4795,4.291534405620467e-09,True,818753,4.5,RAJ2000,DEJ2000,zsp,True
513313,1,091648.90+385428.1_513313_0.03,150.37516505249664,2.080102756246112,1.2569999694824219,vizier,COSMOS_Ilbert2013_zspec,J/ApJS/206/8,1,150.37517,2.0801213,0.06908965107448645,nan,nan,,,,RAJ2000,DEJ2000,zsp,True
513848,1,161436.81+283905.9_513848_0.3,150.52464387334214,2.077669434451431,0.3237999975681305,vizier,zCOSMOS_Lilly2007,J/ApJS/172/70/zcosmos3,1,150.524643,2.077665,0.016270280945800707,0.32339999079704285,-0.0004000067710876465,True,816354,4.5,RAJ2000,DEJ2000,z,True
515784,1,081402.32+040508.9_515784_0.03,149.8802892297349,2.084921153674776,1.8250999450683594,vizier,COSMOS_Ilbert2013_zspec,J/ApJS/206/8,1,149.88029,2.0849807,0.21438468118070222,nan,nan,,,,RAJ2000,DEJ2000,zsp,True
516313,1,084309.86+294404.6_516313_1,149.89619343131852,2.0821022357030676,0.3889000117778778,vizier,zCOSMOS_Lilly2007,J/ApJS/172/70/zcosmos3,1,149.896179,2.082086,0.07817772033063895,0.38839998841285706,-0.000500023365020752,True,819458,3.5,RAJ2000,DEJ2000,z,True
516478,2,140259.67+145615.5_516478_1,150.45444244397677,2.085882382170786,2.0871999263763428,vizier,COSMOS_Ilbert2013_zspec,J/ApJS/206/8,1,150.45445,2.0858934,0.04808532966816977,nan,nan,,,,RAJ2000,DEJ2000,zsp,True
516479,1,085304.42+214436.7_516479_0.1,150.38132540282348,2.085998914496546,1.6916999816894531,vizier,COSMOS_Ilbert2013_zspec,J/ApJS/206/8,1,150.38133,2.0860071,0.033791805644099816,nan,nan,,,,RAJ2000,DEJ2000,zsp,True
517867,1,082016.20+084638.5_517867_0.001,150.26926904658998,2.0884301943064196,2.176800012588501,vizier,COSMOS_Ilbert2013_zspec,J/ApJS/206/8,1,150.26929,2.088419,0.08547819510565226,nan,nan,,,,RAJ2000,DEJ2000,zsp,True
518038,2,082935.45+364912.6_518038_0.0003,149.66071804138306,2.0877276496035315,0.652899980545044,vizier,zCOSMOS_Lilly2007,J/ApJS/172/70/zcosmos3,1,149.660721,2.087728,0.010718437013846041,0.6523000001907349,-0.000599980354309082,True,820354,3.5,RAJ2000,DEJ2000,z,True
518277,2,083137.26+381520.4_518277_1,150.63137521390118,2.087345553955484,0.3255000114440918,vizier,zCOSMOS_Lilly2007,J/ApJS/172/70/zcosmos3,1,150.631378,2.087346,0.010151109290064127,0.32510000467300415,-0.0004000067710876465,True,815878,4.5,RAJ2000,DEJ2000,z,True
518354,3,151243.67+195845.1_518354_0.001,150.7398872360003,2.0868537064094848,0.8109999895095825,vizier,zCOSMOS_Lilly2007,J/ApJS/172/70/zcosmos3,1,150.739883,2.086861,0.030358987536422428,0.8104000091552734,-0.000599980354309082,True,815408,3.5,RAJ2000,DEJ2000,z,True
518379,1,154213.12+044029.2_518379_1,150.25666909996747,2.088126847869352,0.9296000003814697,vizier,COSMOS_Ilbert2013_zspec,J/ApJS/206/8,1,150.25668,2.0881331,0.04521435328059565,0.9296,-3.8146974468133976e-10,True,817840,3.5,RAJ2000,DEJ2000,zsp,True
518399,2,082251.36+455946.2_518399_0.01,149.964381994305,2.087378567048821,0.6754000186920166,vizier,zCOSMOS_Lilly2007,J/ApJS/172/70/zcosmos3,1,149.964386,2.087374,0.021863070018845226,0.6747999787330627,-0.0006000399589538574,True,819153,3.5,RAJ2000,DEJ2000,z,True
518524,2,160344.64+350200.3_518524_0.03,150.28564729701873,2.0857260496050483,0.2831000089645386,vizier,zCOSMOS_Lilly2007,J/ApJS/172/70/zcosmos3,1,150.285629,2.085728,0.06619904624729672,0.2827000021934509,-0.0004000067710876465,True,817698,3.5,RAJ2000,DEJ2000,z,True
519178,6,083655.80+064104.6_519178_0.003,150.20617297102123,2.0907726874211345,4.440000057220459,vizier,COSMOS_Ilbert2013_zspec,J/ApJS/206/8,1,150.20622,2.0907798,0.17111818403717285,nan,nan,,,,RAJ2000,DEJ2000,zsp,True
519411,4,075346.93+132908.2_519411_1,149.89070444059377,2.089949204248465,0.7516999840736389,vizier,zCOSMOS_Lilly2007,J/ApJS/172/70/zcosmos3,1,149.890701,2.089932,0.06316005914138376,0.7511000037193298,-0.000599980354309082,True,819479,3.5,RAJ2000,DEJ2000,z,True
519492,3,155732.18+442920.3_519492_0.0001,149.8900497221645,2.091081788889969,2.517699956893921,vizier,COSMOS_Ilbert2013_zspec,J/ApJS/206/8,1,149.89003,2.0911036,0.10582839284815129,nan,nan,,,,RAJ2000,DEJ2000,zsp,True
519610,3,090113.21+465734.6_519610_0.3,150.4141854556805,2.0891396487516736,0.439300000667572,vizier,zCOSMOS_Lilly2007,J/ApJS/172/70/zcosmos3,1,150.414169,2.089149,0.06810334275618274,0.43880000710487366,-0.0004999935626983643,True,817037,3.5,RAJ2000,DEJ2000,z,True
519946,1,083436.22+311618.9_519946_0.3,149.90284874574317,2.0914886540498765,1.9227999448776245,vizier,COSMOS_Ilbert2013_zspec,J/ApJS/206/8,1,149.90288,2.0914509,0.17639617346809647,nan,nan,,,,RAJ2000,DEJ2000,zsp,True
520537,2,160718.85+241236.6_520537_0.0003,149.8915817570348,2.0932874260902805,2.7697999477386475,vizier,COSMOS_Ilbert2013_zspec,J/ApJS/206/8,1,149.89159,2.0933328,0.16601611860701435,nan,nan,,,,RAJ2000,DEJ2000,zsp,True
520656,2,153328.24+250106.0_520656_0.0001,150.64399886712926,2.0905238356754308,0.3425000011920929,vizier,zCOSMOS_Lilly2007,J/ApJS/172/70/zcosmos3,1,150.643997,2.090522,0.009422952332372671,0.34209999442100525,-0.0004000067710876465,True,815816,3.5,RAJ2000,DEJ2000,z,True
521416,2,081208.06+251038.9_521416_0.0003,149.9553551973909,2.093892584922978,2.2197999954223633,vizier,COSMOS_Ilbert2013_zspec,J/ApJS/206/8,1,149.95535,2.0938969,0.02430911840842578,nan,nan,,,,RAJ2000,DEJ2000,zsp,True
522010,3,162803.47+175604.1_522010_0.3,150.04407948034586,2.09478394290844,2.062000036239624,vizier,COSMOS_Ilbert2013_zspec,J/ApJS/206/8,1,150.04408,2.0947816,0.0086391746534086,nan,nan,,,,RAJ2000,DEJ2000,zsp,True
522241,11,083639.05+163410.7_522241_0.1,150.0055846063086,2.094890332343906,2.265000104904175,vizier,COSMOS_Ilbert2013_zspec,J/ApJS/206/8,1,150.00562,2.0948818,0.13098462185726847,nan,nan,,,,RAJ2000,DEJ2000,zsp,True
522437,4,134839.14-001511.4_522437_0.3,150.05690438042623,2.0935447219191623,0.5515000224113464,vizier,zCOSMOS_Lilly2007,J/ApJS/172/70/zcosmos3,1,150.056915,2.093556,0.05575003662159122,0.5509999990463257,-0.000500023365020752,True,818801,4.5,RAJ2000,DEJ2000,z,True
522467,4,090601.15+481852.4_522467_0.1,149.97787151737833,2.094288309769778,0.8956999778747559,vizier,zCOSMOS_Lilly2007,J/ApJS/172/70/zcosmos3,1,149.977875,2.0943,0.04391025219240953,0.8950999975204468,-0.000599980354309082,True,819100,3.5,RAJ2000,DEJ2000,z,True
522742,5,151109.21+022218.7_522742_0.003,149.9413995105272,2.0942907600626737,0.6338000297546387,vizier,COSMOS_Ilbert2013_zspec,J/ApJS/206/8,1,149.94142,2.0942752,0.09258185126800571,0.6338,-2.975463864185457e-08,True,819250,3.5,RAJ2000,DEJ2000,zsp,True
523198,4,142837.17+181711.9_523198_0.3,150.35926090719502,2.096117266951285,0.8125,vizier,zCOSMOS_Lilly2007,J/ApJS/172/70/zcosmos3,1,150.359253,2.096118,0.02856899964982257,0.8119000196456909,-0.000599980354309082,True,817340,4.5,RAJ2000,DEJ2000,z,True
523297,10,162358.25+074130.5_523297_0.0003,150.60774655874235,2.096327293195784,1.3029999732971191,vizier,COSMOS_Ilbert2013_zspec,J/ApJS/206/8,1,150.60774,2.0963559,0.10565302594008467,nan,nan,,,,RAJ2000,DEJ2000,zsp,True
523458,5,024126.71-004526.2_523458_0.1,150.03616184171904,2.094133861121982,0.7350999712944031,vizier,zCOSMOS_Lilly2007,J/ApJS/172/70/zcosmos3,1,150.036163,2.094139,0.01896345597293381,0.734499990940094,-0.000599980354309082,True,818891,4.5,RAJ2000,DEJ2000,z,True
523550,1,092950.60+444234.7_523550_0.03,150.0128621090715,2.0969555948625054,0.9229999780654907,vizier,COSMOS_Ilbert2013_zspec,J/ApJS/206/8,1,150.01283,2.0969665,0.12200410736109552,nan,nan,,,,RAJ2000,DEJ2000,zsp,True
524076,3,152634.83+160031.2_524076_1,150.1258496629218,2.096552376301992,0.37220001220703125,vizier,COSMOS_Ilbert2013_zspec,J/ApJS/206/8,1,150.12585,2.0965543,0.007030684493170844,0.3722,-1.220703127469136e-08,True,818463,4.5,RAJ2000,DEJ2000,zsp,True
524324,2,141200.36-014103.4_524324_0.0003,149.87916988989443,2.0964846950657696,0.7443000078201294,vizier,zCOSMOS_Lilly2007,J/ApJS/172/70/zcosmos3,1,149.879166,2.096475,0.03760325873406548,0.7437000274658203,-0.000599980354309082,True,819527,3.5,RAJ2000,DEJ2000,z,True
524460,35,154356.31+055145.3_524460_0.003,149.96123278787113,2.09935613121366,2.5399999618530273,vizier,COSMOS_Ilbert2013_zspec,J/ApJS/206/8,1,149.96124,2.0993345,0.08208113742203943,nan,nan,,,,RAJ2000,DEJ2000,zsp,True
524555,3,172200.41+273111.3_524555_0.003,150.36965268951542,2.097844629462921,0.7429999709129333,vizier,zCOSMOS_Lilly2007,J/ApJS/172/70/zcosmos3,1,150.369659,2.097848,0.025741730420047463,0.7423999905586243,-0.000599980354309082,True,817287,3.5,RAJ2000,DEJ2000,z,True
524710,34,032636.23-001538.5_524710_0.3,149.76853006906887,2.0996143019600577,2.3889999389648438,vizier,COSMOS_Ilbert2013_zspec,J/ApJS/206/8,1,149.76854,2.0996087,0.041026256253279395,nan,nan,,,,RAJ2000,DEJ2000,zsp,True
524721,2,083045.40+450235.8_524721_0.0003,149.53721795169974,2.0981405081356446,0.18880000710487366,vizier,zCOSMOS_Lilly2007,J/ApJS/172/70/zcosmos3,1,149.537216,2.098136,0.01768304212896751,0.188400000333786,-0.0004000067710876465,True,820904,3.5,RAJ2000,DEJ2000,z,True
524763,1,160639.68+060002.7_524763_0.0003,150.1944572969394,2.098321757343046,1.6568000316619873,vizier,COSMOS_Ilbert2013_zspec,J/ApJS/206/8,1,150.19446,2.0983412,0.07066586809143699,nan,nan,,,,RAJ2000,DEJ2000,zsp,True
524917,4,080213.60+340125.4_524917_0.0001,149.97551579462223,2.0992287830227485,1.197700023651123,vizier,COSMOS_Ilbert2013_zspec,J/ApJS/206/8,1,149.97549,2.0992451,0.10982735114768657,nan,nan,,,,RAJ2000,DEJ2000,zsp,True
524957,2,092228.74+411222.0_524957_1,149.97190776264785,2.0976338504337138,0.6676999926567078,vizier,zCOSMOS_Lilly2007,J/ApJS/172/70/zcosmos3,1,149.971909,2.097638,0.015587579944851356,0.6671000123023987,-0.000599980354309082,True,819120,3.5,RAJ2000,DEJ2000,z,True
525079,6,164701.09+452052.0_525079_0.03,150.08479468649034,2.0978284190506993,0.7354000210762024,vizier,zCOSMOS_Lilly2007,J/ApJS/172/70/zcosmos3,1,150.084793,2.09783,0.00831891309840489,0.7347999811172485,-0.0006000399589538574,True,818688,4.5,RAJ2000,DEJ2000,z,True
525290,10,153913.47+395423.4_525290_0.003,150.2950867792339,2.1007721343838965,1.919100046157837,vizier,COSMOS_Ilbert2013_zspec,J/ApJS/206/8,1,150.29514,2.1008196,0.25662795046139486,nan,nan,,,,RAJ2000,DEJ2000,zsp,True
525525,4,160227.45+153222.0_525525_0.001,150.26243033469294,2.098793128823134,0.4230000078678131,vizier,zCOSMOS_Lilly2007,J/ApJS/172/70/zcosmos3,1,150.262421,2.098805,0.05435218705878622,0.42250001430511475,-0.0004999935626983643,True,817815,4.5,RAJ2000,DEJ2000,z,True
526548,5,082222.41+414327.8_526548_0.1,150.6822821246924,2.1022010833972558,0.34279999136924744,vizier,COSMOS_Ilbert2013_zspec,J/ApJS/206/8,1,150.68228,2.102217,0.057807356474702455,nan,nan,,,,RAJ2000,DEJ2000,zsp,True
526601,1,145544.19+282524.2_526601_0.003,149.95435316214883,2.1029394123721246,2.426500082015991,vizier,COSMOS_Ilbert2013_zspec,J/ApJS/206/8,1,149.95438,2.1029463,0.09968424115652057,nan,nan,,,,RAJ2000,DEJ2000,zsp,True
527488,2,075057.26+353037.6_527488_0.01,150.14025905089687,2.1029626011730205,0.18569999933242798,vizier,zCOSMOS_Lilly2007,J/ApJS/172/70/zcosmos3,1,150.140259,2.102965,0.008637718112755025,0.18469999730587006,-0.0010000020265579224,True,818383,3.5,RAJ2000,DEJ2000,z,True
527786,1,022815.98-010636.5_527786_0.1,150.00604358281095,2.1025125368197504,0.30979999899864197,vizier,zCOSMOS_Lilly2007,J/ApJS/172/70/zcosmos3,1,150.006042,2.10252,0.027464243532869737,0.3093999922275543,-0.0004000067710876465,True,819007,4.5,RAJ2000,DEJ2000,z,True
528492,1,150810.38+005806.4_528492_0.03,149.71643858797694,2.104894706021615,2.9888999462127686,vizier,COSMOS_Ilbert2013_zspec,J/ApJS/206/8,1,149.71645,2.104928,0.12669481668068738,nan,nan,,,,RAJ2000,DEJ2000,zsp,True
529850,9,142240.79+212644.3_529850_0.0001,149.9194946899299,2.108098152239909,3.002000093460083,vizier,COSMOS_Ilbert2013_zspec,J/ApJS/206/8,1,149.91953,2.108108,0.1318844822281671,nan,nan,,,,RAJ2000,DEJ2000,zsp,True
531832,5,155018.67+083450.2_531832_0.0001,149.70989772681298,2.1110128189607225,2.277899980545044,vizier,COSMOS_Ilbert2013_zspec,J/ApJS/206/8,1,149.70992,2.1110365,0.11699796931768465,nan,nan,,,,RAJ2000,DEJ2000,zsp,True
532373,3,080401.06+230922.5_532373_0.3,150.09253763897243,2.111713530680045,2.288300037384033,vizier,COSMOS_Ilbert2013_zspec,J/ApJS/206/8,1,150.09251,2.1117101,0.1001968115071649,nan,nan,,,,RAJ2000,DEJ2000,zsp,True
532605,1,072928.48+423918.1_532605_0.03,149.9744542144632,2.111852087094418,3.319200038909912,vizier,COSMOS_Ilbert2013_zspec,J/ApJS/206/8,1,149.97449,2.1118944,0.19944284571842402,nan,nan,,,,RAJ2000,DEJ2000,zsp,True
532692,1,105005.63+645655.5_532692_0.001,150.39019361419022,2.1111193681098746,0.3711000084877014,vizier,zCOSMOS_Lilly2007,J/ApJS/172/70/zcosmos3,1,150.390198,2.111122,0.018404441646795798,0.37059998512268066,-0.000500023365020752,True,817187,4.5,RAJ2000,DEJ2000,z,True
533244,1,170811.61+244313.3_533244_0.1,149.96584461717973,2.1124301880737684,0.800599992275238,vizier,zCOSMOS_Lilly2007,J/ApJS/172/70/zcosmos3,1,149.965836,2.112439,0.04435529289529472,0.800000011920929,-0.000599980354309082,True,700627,3.5,RAJ2000,DEJ2000,z,True
533737,1,161443.96+244742.9_533737_0.1,149.87192904213774,2.113733767620802,2.876800060272217,vizier,COSMOS_Ilbert2013_zspec,J/ApJS/206/8,1,149.87195,2.1137486,0.09238991208032071,nan,nan,,,,RAJ2000,DEJ2000,zsp,True
534144,2,161400.30-011006.0_534144_0.0001,150.06930838844053,2.114526604327314,0.259799987077713,vizier,COSMOS_Ilbert2013_zspec,J/ApJS/206/8,1,150.06924,2.1146286,0.4419904090513607,nan,nan,,,,RAJ2000,DEJ2000,zsp,True
534901,1,075057.26+353037.6_534901_0.001,149.96028493717003,2.1155151736538156,0.16689999401569366,vizier,COSMOS_Ilbert2013_zspec,J/ApJS/206/8,1,149.96033,2.1155488,0.20232584983665633,nan,nan,,,,RAJ2000,DEJ2000,zsp,True
537141,1,090454.99+511444.5_537141_0.01,149.8400585628022,2.1156723124483765,0.21729999780654907,vizier,zCOSMOS_Lilly2007,J/ApJS/172/70/zcosmos3,1,149.840057,2.115665,0.026918498599974812,0.21690000593662262,-0.00039999186992645264,True,819686,4.5,RAJ2000,DEJ2000,z,True
537947,13,171217.43+224640.9_537947_0.001,149.8065694309251,2.1195547246636703,1.3200000524520874,vizier,COSMOS_Ilbert2013_zspec,J/ApJS/206/8,1,149.80655,2.119554,0.06995213466320478,nan,nan,,,,RAJ2000,DEJ2000,zsp,True
538099,5,081934.80+474017.0_538099_0.3,150.35685070345642,2.1205196552604195,2.035399913787842,vizier,COSMOS_Ilbert2013_zspec,J/ApJS/206/8,1,150.35687,2.1204891,0.13007267503852324,nan,nan,,,,RAJ2000,DEJ2000,zsp,True
538417,1,032717.23+010140.6_538417_0.003,150.24341068250283,2.1209704636320335,0.5020999908447266,vizier,COSMOS_Ilbert2013_zspec,J/ApJS/206/8,1,150.24336,2.1209848,0.18949577755490316,nan,nan,,,,RAJ2000,DEJ2000,zsp,True
538989,3,161047.73+330337.5_538989_0.0003,150.40034218368558,2.1163851004633836,0.0997999981045723,vizier,zCOSMOS_Lilly2007,J/ApJS/172/70/zcosmos3,1,150.400345,2.116388,0.014546905713543121,0.09939999878406525,-0.00039999932050704956,True,817121,4.5,RAJ2000,DEJ2000,z,True
539532,1,150935.51+041845.6_539532_0.0003,149.84494106290177,2.1223082534655555,0.5376999974250793,vizier,COSMOS_Ilbert2013_zspec,J/ApJS/206/8,1,149.84491,2.1223092,0.11180167888050788,nan,nan,,,,RAJ2000,DEJ2000,zsp,True
539950,2,084137.47+154648.4_539950_0.01,149.85873693814096,2.1226914833164967,1.2480000257492065,vizier,COSMOS_Ilbert2013_zspec,J/ApJS/206/8,1,149.85875,2.1226838,0.054526804055821845,nan,nan,,,,RAJ2000,DEJ2000,zsp,True
540318,7,082951.49+600001.8_540318_0.001,150.57209578605963,2.1221870295096577,0.9010000228881836,vizier,COSMOS_Ilbert2013_zspec,J/ApJS/206/8,1,150.57208,2.1222069,0.09133607538853533,nan,nan,,,,RAJ2000,DEJ2000,zsp,True
540419,1,091043.31+325351.5_540419_0.3,150.32799115278547,2.118999738495165,0.32260000705718994,vizier,COSMOS_Ilbert2013_zspec,J/ApJS/206/8,1,150.32799,2.1190012,0.006699380332338184,0.3226,-7.057189943537878e-09,True,817483,3.5,RAJ2000,DEJ2000,zsp,True
540552,2,021249.47+003448.6_540552_0.1,150.0711373659052,2.123276473479676,1.222000002861023,vizier,COSMOS_Ilbert2013_zspec,J/ApJS/206/8,1,150.07115,2.1232927,0.07401491471508503,nan,nan,,,,RAJ2000,DEJ2000,zsp,True
540557,1,022706.80-090717.0_540557_0.1,150.118456102346,2.1217540902113514,0.9580000042915344,vizier,COSMOS_Ilbert2013_zspec,J/ApJS/206/8,1,150.11847,2.1217535,0.05004238147058354,nan,nan,,,,RAJ2000,DEJ2000,zsp,True
540697,12,155545.66+025116.9_540697_0.01,149.72033415281427,2.1236609837073734,1.4509999752044678,vizier,COSMOS_Ilbert2013_zspec,J/ApJS/206/8,1,149.72034,2.123662,0.021351212195340693,nan,nan,,,,RAJ2000,DEJ2000,zsp,True
540890,3,155915.75+383911.2_540890_0.3,150.28623099957554,2.1244932236813314,1.340000033378601,vizier,COSMOS_Ilbert2013_zspec,J/ApJS/206/8,1,150.28625,2.1244907,0.06895564558337934,nan,nan,,,,RAJ2000,DEJ2000,zsp,True
541235,1,074516.29+340457.4_541235_0.03,149.8823644968661,2.1225284785542358,0.7868000268936157,vizier,zCOSMOS_Lilly2007,J/ApJS/172/70/zcosmos3,1,149.882385,2.122523,0.07635195342457357,0.7861999869346619,-0.0006000399589538574,True,819510,3.5,RAJ2000,DEJ2000,z,True
542804,6,080731.96+262600.9_542804_0.0003,150.13601764326384,2.126306122570438,0.9570000171661377,vizier,COSMOS_Ilbert2013_zspec,J/ApJS/206/8,1,150.13603,2.1263115,0.048485930883165766,nan,nan,,,,RAJ2000,DEJ2000,zsp,True
542989,8,014916.01+143816.5_542989_0.0001,150.1314631348573,2.1272207667721514,2.1679000854492188,vizier,COSMOS_Ilbert2013_zspec,J/ApJS/206/8,1,150.13148,2.1272321,0.07311485698187858,nan,nan,,,,RAJ2000,DEJ2000,zsp,True
543242,2,163004.29+311957.6_543242_0.3,149.9223374221244,2.12821210780576,1.9991999864578247,vizier,COSMOS_Ilbert2013_zspec,J/ApJS/206/8,1,149.92236,2.1281865,0.1228659061098393,nan,nan,,,,RAJ2000,DEJ2000,zsp,True
543310,1,092333.29+595747.8_543310_0.03,150.54405528015147,2.1266856728223615,0.8438000082969666,vizier,zCOSMOS_Lilly2007,J/ApJS/172/70/zcosmos3,1,150.544052,2.126669,0.061171149011800666,0.8432000279426575,-0.000599980354309082,True,822656,3.5,RAJ2000,DEJ2000,z,True
543905,42,081200.49+402814.3_543905_0.0001,149.78278815361244,2.128256516707208,1.7920000553131104,vizier,COSMOS_Ilbert2013_zspec,J/ApJS/206/8,1,149.78279,2.1282542,0.010662065787992059,nan,nan,,,,RAJ2000,DEJ2000,zsp,True
544120,1,021333.34+003030.8_544120_0.003,150.37625088563573,2.129301205672272,2.050100088119507,vizier,COSMOS_Ilbert2013_zspec,J/ApJS/206/8,1,150.37627,2.1292892,0.08121896180110431,nan,nan,,,,RAJ2000,DEJ2000,zsp,True
546533,15,155330.66+281622.8_546533_0.0001,149.83097517745784,2.1326316579020532,0.9539999961853027,vizier,COSMOS_Ilbert2013_zspec,J/ApJS/206/8,1,149.83102,2.1325717,0.26942887377451236,nan,nan,,,,RAJ2000,DEJ2000,zsp,True
546739,1,110022.09+645812.9_546739_0.1,150.31154877824315,2.129764040599294,0.8751000165939331,vizier,COSMOS_Ilbert2013_zspec,J/ApJS/206/8,1,150.31155,2.1297474,0.06006718109297883,0.8751,-1.6593933116482162e-08,True,823872,3.5,RAJ2000,DEJ2000,zsp,True
547026,3,152755.18+164736.1_547026_0.003,149.9500080540166,2.133526738524462,3.1445000171661377,vizier,COSMOS_Ilbert2013_zspec,J/ApJS/206/8,1,149.95003,2.1334975,0.13157741426369438,nan,nan,,,,RAJ2000,DEJ2000,zsp,True
547419,2,092105.07+415359.7_547419_1,150.0395340874206,2.133864558758853,0.9980000257492065,vizier,COSMOS_Ilbert2013_zspec,J/ApJS/206/8,1,150.03954,2.1338518,0.050617594653049366,nan,nan,,,,RAJ2000,DEJ2000,zsp,True
547420,4,145334.24+163417.1_547420_1,150.4067675268723,2.1332968381920834,1.8667000532150269,vizier,COSMOS_Ilbert2013_zspec,J/ApJS/206/8,1,150.40678,2.133291,0.04955041654274125,nan,nan,,,,RAJ2000,DEJ2000,zsp,True
547577,6,080731.96+262600.9_547577_0.1,150.01547727015912,2.133973054945459,0.9549999833106995,vizier,COSMOS_Ilbert2013_zspec,J/ApJS/206/8,1,150.01547,2.1339617,0.04852884321410158,nan,nan,,,,RAJ2000,DEJ2000,zsp,True
549009,1,151130.64+251321.9_549009_0.0003,149.8861263225386,2.134271618327636,0.3513000011444092,vizier,zCOSMOS_Lilly2007,J/ApJS/172/70/zcosmos3,1,149.886124,2.134258,0.04973286993147182,0.3508000075817108,-0.0004999935626983643,True,825951,4.5,RAJ2000,DEJ2000,z,True
550145,6,091057.49+530913.6_550145_0.003,150.01792438658273,2.138050533990273,3.087599992752075,vizier,COSMOS_Ilbert2013_zspec,J/ApJS/206/8,1,150.01791,2.1380398,0.06459008371285717,nan,nan,,,,RAJ2000,DEJ2000,zsp,True
551414,1,073601.50+363933.8_551414_0.0003,150.3417659398023,2.1374131833625905,0.671500027179718,vizier,zCOSMOS_Lilly2007,J/ApJS/172/70/zcosmos3,1,150.341766,2.137404,0.03306081461156956,0.6708999872207642,-0.0006000399589538574,True,823735,3.5,RAJ2000,DEJ2000,z,True
553219,1,161608.39+514721.0_553219_0.0003,150.52320900171847,2.1416529328739426,0.5717999935150146,vizier,zCOSMOS_Lilly2007,J/ApJS/172/70/zcosmos3,1,150.523209,2.141641,0.0429583466401369,0.5713000297546387,-0.0004999637603759766,True,822785,3.5,RAJ2000,DEJ2000,z,True
553754,7,092612.49+602102.6_553754_1,150.28433183592125,2.143514592058775,1.8518999814987183,vizier,COSMOS_Ilbert2013_zspec,J/ApJS/206/8,1,150.28435,2.143497,0.09099905142016661,nan,nan,,,,RAJ2000,DEJ2000,zsp,True
553863,2,150348.11+104251.4_553863_0.1,149.6383927172476,2.1424625855319612,1.3229999542236328,vizier,COSMOS_Ilbert2013_zspec,J/ApJS/206/8,1,149.63838,2.1424694,0.05191236581903678,nan,nan,,,,RAJ2000,DEJ2000,zsp,True
554081,2,161413.20+260416.2_554081_0.0003,150.1768486400813,2.1426678925686105,0.12639999389648438,vizier,COSMOS_Ilbert2013_zspec,J/ApJS/206/8,1,150.17688,2.1428263,0.5813190111598956,nan,nan,,,,RAJ2000,DEJ2000,zsp,True
554623,5,153028.38+005539.0_554623_0.0003,150.23888991417724,2.144177895088119,1.3220000267028809,vizier,COSMOS_Ilbert2013_zspec,J/ApJS/206/8,1,150.23891,2.1441736,0.07389418208747048,nan,nan,,,,RAJ2000,DEJ2000,zsp,True
554694,1,080719.65+203248.1_554694_0.001,149.7179812868329,2.1434932635949497,0.6977999806404114,vizier,zCOSMOS_Lilly2007,J/ApJS/172/70/zcosmos3,1,149.717987,2.143481,0.04869861703214463,0.6972000002861023,-0.000599980354309082,True,826784,3.5,RAJ2000,DEJ2000,z,True
554934,3,150348.68+380911.2_554934_0.003,150.62285395988803,2.1445996690354385,1.8213000297546387,vizier,COSMOS_Ilbert2013_zspec,J/ApJS/206/8,1,150.62286,2.1445887,0.045072172739401194,nan,nan,,,,RAJ2000,DEJ2000,zsp,True
554948,9,095537.32+584215.3_554948_1,150.1938669620661,2.1454769286154773,1.8398000001907349,vizier,COSMOS_Ilbert2013_zspec,J/ApJS/206/8,1,150.19389,2.1454923,0.0996544769238608,nan,nan,,,,RAJ2000,DEJ2000,zsp,True
555483,1,160837.13+285348.0_555483_0.01,150.21132892047527,2.1446958930677744,0.9294000267982483,vizier,zCOSMOS_Lilly2007,J/ApJS/172/70/zcosmos3,1,150.211319,2.144683,0.058549459206909946,0.9287999868392944,-0.0006000399589538574,True,824324,3.5,RAJ2000,DEJ2000,z,True
556070,2,084136.18+541047.1_556070_0.01,150.06761362468706,2.1468798578202937,3.0118000507354736,vizier,COSMOS_Ilbert2013_zspec,J/ApJS/206/8,1,150.06761,2.1467957,0.30324863712693356,nan,nan,,,,RAJ2000,DEJ2000,zsp,True
556579,6,080422.61+192638.7_556579_0.001,149.5739208701467,2.144380744419259,0.2847000062465668,vizier,COSMOS_Ilbert2013_zspec,J/ApJS/206/8,1,149.57391,2.1443744,0.04528655636049332,0.2847,-6.246566763845607e-09,True,827511,3.5,RAJ2000,DEJ2000,zsp,True
556670,2,094345.20+465154.7_556670_0.3,150.15284436483546,2.1479517339360505,1.2510000467300415,vizier,COSMOS_Ilbert2013_zspec,J/ApJS/206/8,1,150.15289,2.1479311,0.18019437039100578,nan,nan,,,,RAJ2000,DEJ2000,zsp,True
556872,1,075502.11+220346.8_556872_0.1,150.76931397647147,2.1459710316540277,0.39079999923706055,vizier,zCOSMOS_Lilly2007,J/ApJS/172/70/zcosmos3,1,150.769318,2.145963,0.03233464388418039,0.3903000056743622,-0.0004999935626983643,True,821651,3.5,RAJ2000,DEJ2000,z,True
557072,2,081913.88+175417.5_557072_0.3,150.25035570603245,2.144405096784406,0.37059998512268066,vizier,zCOSMOS_Lilly2007,J/ApJS/172/70/zcosmos3,1,150.250351,2.144395,0.040097728407539425,0.3700999915599823,-0.0004999935626983643,True,824116,4.5,RAJ2000,DEJ2000,z,True
557625,3,090129.28+253455.3_557625_0.0003,150.00436304157319,2.1478428691394154,1.0197999477386475,vizier,COSMOS_Ilbert2013_zspec,J/ApJS/206/8,1,150.00436,2.147841,0.012845421188009912,1.0198,5.226135257885289e-08,True,825365,3.5,RAJ2000,DEJ2000,zsp,True
558594,42,080731.87+052651.0_558594_0.001,150.11702676176301,2.1495489191115618,0.7250000238418579,vizier,COSMOS_Ilbert2013_zspec,J/ApJS/206/8,1,150.11705,2.1495268,0.11545346745586524,nan,nan,,,,RAJ2000,DEJ2000,zsp,True
558716,16,160202.40+401301.4_558716_0.001,150.00381550471795,2.1507232161457375,2.098599910736084,vizier,COSMOS_Ilbert2013_zspec,J/ApJS/206/8,1,150.0038,2.1507199,0.05704092159058453,nan,nan,,,,RAJ2000,DEJ2000,zsp,True
558778,1,074128.90+470321.6_558778_0.003,149.69518077138184,2.149011756738354,0.3499999940395355,vizier,COSMOS_Ilbert2013_zspec,J/ApJS/206/8,1,149.69518,2.1489971,0.05283718079991391,0.35,5.960464455334602e-09,True,826911,4.5,RAJ2000,DEJ2000,zsp,True
558780,3,074243.88+265701.0_558780_0.0001,150.34258263964165,2.15094677710648,2.0999999046325684,vizier,COSMOS_Ilbert2013_zspec,J/ApJS/206/8,1,150.34259,2.1509421,0.03137867998581448,nan,nan,,,,RAJ2000,DEJ2000,zsp,True
558786,2,144017.02+285608.7_558786_0.01,149.9338351106939,2.151459253419704,0.3100000023841858,vizier,COSMOS_Ilbert2013_zspec,J/ApJS/206/8,1,149.93378,2.151444,0.20572275462692513,nan,nan,,,,RAJ2000,DEJ2000,zsp,True
558966,2,153702.52+101151.8_558966_1,149.89934135605702,2.151546487769255,1.3170000314712524,vizier,COSMOS_Ilbert2013_zspec,J/ApJS/206/8,1,149.89932,2.1515367,0.08452250896070632,nan,nan,,,,RAJ2000,DEJ2000,zsp,True
559961,4,150928.29+070235.7_559961_0.001,149.95731804344928,2.1520563268910085,0.4253999888896942,vizier,zCOSMOS_Lilly2007,J/ApJS/172/70/zcosmos3,1,149.957306,2.15205,0.048948045748948614,0.42489999532699585,-0.0004999935626983643,True,825604,3.5,RAJ2000,DEJ2000,z,True
560141,2,144005.24+100329.3_560141_0.0003,149.8120834121806,2.1533824929788414,2.264699935913086,vizier,COSMOS_Ilbert2013_zspec,J/ApJS/206/8,1,149.81212,2.1534162,0.1790232531240677,nan,nan,,,,RAJ2000,DEJ2000,zsp,True
560301,3,145226.06+353912.9_560301_0.0003,150.33018002255665,2.1531163911217024,1.4110000133514404,vizier,COSMOS_Ilbert2013_zspec,J/ApJS/206/8,1,150.33017,2.1531043,0.05652172859485293,nan,nan,,,,RAJ2000,DEJ2000,zsp,True
561292,1,110612.09+670307.2_561292_0.03,150.3393383909303,2.153551927866826,0.43869999051094055,vizier,zCOSMOS_Lilly2007,J/ApJS/172/70/zcosmos3,1,150.33934,2.153545,0.02560326176300319,0.4381999969482422,-0.0004999935626983643,True,823747,4.5,RAJ2000,DEJ2000,z,True
561513,1,084455.79+470334.0_561513_0.0003,150.27038480479595,2.1542138275891145,0.41530001163482666,vizier,zCOSMOS_Lilly2007,J/ApJS/172/70/zcosmos3,1,150.27037,2.154219,0.056420869796083475,0.4147999882698059,-0.000500023365020752,True,824036,4.5,RAJ2000,DEJ2000,z,True
561543,1,134512.44-023146.1_561543_0.01,150.09741423180063,2.1534258554858186,0.5192000269889832,vizier,zCOSMOS_Lilly2007,J/ApJS/172/70/zcosmos3,1,150.097412,2.153424,0.01044417580180847,0.5187000036239624,-0.000500023365020752,True,824846,3.5,RAJ2000,DEJ2000,z,True
562117,2,150935.49+412031.2_562117_0.0001,149.78701594798898,2.1552897520346295,1.3206000328063965,vizier,COSMOS_Ilbert2013_zspec,J/ApJS/206/8,1,149.787,2.1552954,0.06086855227709598,nan,nan,,,,RAJ2000,DEJ2000,zsp,True
562239,2,084007.54+305611.0_562239_0.0001,149.84163024715983,2.1554417982454757,1.0210000276565552,vizier,COSMOS_Ilbert2013_zspec,J/ApJS/206/8,1,149.84164,2.1554346,0.0436176926678349,nan,nan,,,,RAJ2000,DEJ2000,zsp,True
562528,1,074738.39+245637.3_562528_0.03,150.74720940121824,2.1550380284414232,0.12600000202655792,vizier,zCOSMOS_Lilly2007,J/ApJS/172/70/zcosmos3,1,150.747208,2.155032,0.022280115334729518,0.12559999525547028,-0.0004000067710876465,True,821730,3.5,RAJ2000,DEJ2000,z,True
562778,3,162214.46+262402.0_562778_0.03,149.89240404218808,2.156409586621443,0.5511999726295471,vizier,zCOSMOS_Lilly2007,J/ApJS/172/70/zcosmos3,1,149.89241,2.156402,0.034717533288097215,0.5507000088691711,-0.0004999637603759766,True,825919,4.5,RAJ2000,DEJ2000,z,True
563309,7,092515.05+385332.7_563309_0.0001,150.26586673035078,2.156506338702906,0.8709999918937683,vizier,COSMOS_Ilbert2013_zspec,J/ApJS/206/8,1,150.26585,2.156487,0.09202868482578679,nan,nan,,,,RAJ2000,DEJ2000,zsp,True
563716,2,152149.61+433639.3_563716_1,150.14561926018786,2.1577262548999454,2.171799898147583,vizier,COSMOS_Ilbert2013_zspec,J/ApJS/206/8,1,150.14561,2.1577229,0.035434841402289766,nan,nan,,,,RAJ2000,DEJ2000,zsp,True
563817,6,084419.88+171845.5_563817_0.003,150.63984734752935,2.1557382618434797,0.8967999815940857,vizier,zCOSMOS_Lilly2007,J/ApJS/172/70/zcosmos3,1,150.639847,2.155723,0.05495685907204254,0.8962000012397766,-0.000599980354309082,True,822195,3.5,RAJ2000,DEJ2000,z,True
564059,4,083342.44+422703.9_564059_0.03,150.35637711884928,2.1585160793087006,1.9443000555038452,vizier,COSMOS_Ilbert2013_zspec,J/ApJS/206/8,1,150.35635,2.1585183,0.09788559357186083,nan,nan,,,,RAJ2000,DEJ2000,zsp,True
564122,2,085517.21+373435.5_564122_0.0003,150.20075574041562,2.158431241351808,1.8327000141143799,vizier,COSMOS_Ilbert2013_zspec,J/ApJS/206/8,1,150.20074,2.1584384,0.06221394565945562,nan,nan,,,,RAJ2000,DEJ2000,zsp,True
564244,1,155702.22+482117.8_564244_0.3,149.7199570973545,2.1593015815382923,2.9695000648498535,vizier,COSMOS_Ilbert2013_zspec,J/ApJS/206/8,1,149.71997,2.1594086,0.3880524990563124,nan,nan,,,,RAJ2000,DEJ2000,zsp,True
564338,2,090847.87+273240.9_564338_0.01,150.22903016119793,2.157408529618513,0.6736000180244446,vizier,zCOSMOS_Lilly2007,J/ApJS/172/70/zcosmos3,1,150.229019,2.157408,0.04019707480090714,0.6729999780654907,-0.0006000399589538574,True,824216,3.5,RAJ2000,DEJ2000,z,True
564507,5,135055.19-013651.9_564507_0.1,149.99190567435167,2.158617603554522,1.690999984741211,vizier,COSMOS_Ilbert2013_zspec,J/ApJS/206/8,1,149.99191,2.1586452,0.1005585422941264,nan,nan,,,,RAJ2000,DEJ2000,zsp,True
564576,11,102619.09+613628.9_564576_1,150.2213284502576,2.1595602674752756,3.8399999141693115,vizier,COSMOS_Ilbert2013_zspec,J/ApJS/206/8,1,150.22134,2.1595719,0.058991990781149646,nan,nan,,,,RAJ2000,DEJ2000,zsp,True
565097,2,084022.13+292210.6_565097_0.001,149.69595437591855,2.157387922155269,0.5163999795913696,vizier,zCOSMOS_Lilly2007,J/ApJS/172/70/zcosmos3,1,149.695969,2.157379,0.06163947962477143,0.5159000158309937,-0.0004999637603759766,True,826903,3.5,RAJ2000,DEJ2000,z,True
565249,2,081456.09+532533.5_565249_0.01,149.94734039004584,2.156149669206945,0.12399999797344208,vizier,zCOSMOS_Lilly2007,J/ApJS/172/70/zcosmos3,1,149.947342,2.156144,0.021215026607955063,0.12359999865293503,-0.00039999932050704956,True,825649,4.5,RAJ2000,DEJ2000,z,True
565293,28,083718.63+482806.2_565293_0.0001,149.76254820082124,2.1608000352314303,3.634999990463257,vizier,COSMOS_Ilbert2013_zspec,J/ApJS/206/8,1,149.76253,2.1607783,0.1020280426254176,nan,nan,,,,RAJ2000,DEJ2000,zsp,True
566169,2,081449.26+040320.0_566169_0.03,150.11617275135717,2.1611652855971513,1.25600004196167,vizier,COSMOS_Ilbert2013_zspec,J/ApJS/206/8,1,150.11617,2.1611488,0.060167849597715005,nan,nan,,,,RAJ2000,DEJ2000,zsp,True
568211,3,075057.26+353037.6_568211_0.0003,149.56771544109728,2.1641053089229025,0.16609999537467957,vizier,zCOSMOS_Lilly2007,J/ApJS/172/70/zcosmos3,1,149.567719,2.1641,0.02300408177070186,0.1657000035047531,-0.00039999186992645264,True,827541,4.5,RAJ2000,DEJ2000,z,True
568728,3,165806.76+611858.9_568728_0.01,150.28362880049949,2.1658169005235917,2.634200096130371,vizier,COSMOS_Ilbert2013_zspec,J/ApJS/206/8,1,150.28363,2.1658051,0.04270047754599165,nan,nan,,,,RAJ2000,DEJ2000,zsp,True
569795,1,075034.40+654125.6_569795_0.03,150.27362478268907,2.1665684283837128,0.7414000034332275,vizier,zCOSMOS_Lilly2007,J/ApJS/172/70/zcosmos3,1,150.273621,2.166585,0.06119012597632675,0.7408000230789185,-0.000599980354309082,True,824024,4.5,RAJ2000,DEJ2000,z,True
571186,2,152654.98+315730.2_571186_0.01,149.9714323746327,2.1695715952742947,2.898699998855591,vizier,COSMOS_Ilbert2013_zspec,J/ApJS/206/8,1,149.97147,2.1695316,0.19761545376809295,nan,nan,,,,RAJ2000,DEJ2000,zsp,True
571786,17,150908.97+385409.1_571786_0.0001,150.44590010873003,2.169745853572368,0.39590001106262207,vizier,COSMOS_Ilbert2013_zspec,J/ApJS/206/8,1,150.44586,2.1697459,0.14428800303103398,nan,nan,,,,RAJ2000,DEJ2000,zsp,True
572427,1,083640.18+155229.7_572427_0.01,150.45454984048283,2.1689811926751505,0.22100000083446503,vizier,zCOSMOS_Lilly2007,J/ApJS/172/70/zcosmos3,1,150.454544,2.168989,0.035091543682875356,0.22059999406337738,-0.0004000067710876465,True,823184,4.5,RAJ2000,DEJ2000,z,True
573412,1,030744.55-000331.1_573412_0.03,149.67856313290403,2.172078722191285,0.49799999594688416,vizier,COSMOS_Ilbert2013_zspec,J/ApJS/206/8,1,149.67856,2.172092,0.049110807949813644,nan,nan,,,,RAJ2000,DEJ2000,zsp,True
573959,4,152924.64-015343.4_573959_0.03,149.937992280154,2.1691880585753816,0.4259999990463257,vizier,zCOSMOS_Lilly2007,J/ApJS/172/70/zcosmos3,1,149.937988,2.169201,0.0490676095509951,0.4255000054836273,-0.0004999935626983643,True,825679,3.5,RAJ2000,DEJ2000,z,True
574098,2,170947.80+215930.2_574098_0.03,150.01013318710062,2.1734572594739134,1.375,vizier,COSMOS_Ilbert2013_zspec,J/ApJS/206/8,1,150.01015,2.1734393,0.08853436632883256,nan,nan,,,,RAJ2000,DEJ2000,zsp,True
574912,1,163134.80+325019.8_574912_0.001,150.2057448754525,2.173612478158499,0.6804999709129333,vizier,zCOSMOS_Lilly2007,J/ApJS/172/70/zcosmos3,1,150.20575,2.173608,0.02448982237395587,0.6798999905586243,-0.000599980354309082,True,824352,3.5,RAJ2000,DEJ2000,z,True
574979,3,145658.34+195703.8_574979_0.03,149.46844273194372,2.172171209428344,0.49889999628067017,vizier,zCOSMOS_Lilly2007,J/ApJS/172/70/zcosmos3,1,149.46843,2.172175,0.04779167089621634,0.4984000027179718,-0.0004999935626983643,True,827922,3.5,RAJ2000,DEJ2000,z,True
575203,2,101012.65+560520.5_575203_0.01,149.93083936334827,2.1751872862471626,2.136899948120117,vizier,COSMOS_Ilbert2013_zspec,J/ApJS/206/8,1,149.93082,2.1752419,0.20858454393590448,nan,nan,,,,RAJ2000,DEJ2000,zsp,True
576059,1,081417.55-000455.0_576059_0.01,150.44812108277685,2.1763939513633184,2.5996999740600586,vizier,COSMOS_Ilbert2013_zspec,J/ApJS/206/8,1,150.44815,2.1763928,0.10410945242970684,nan,nan,,,,RAJ2000,DEJ2000,zsp,True
576107,1,085423.82+354529.7_576107_0.0003,150.09017480714272,2.1739097891718893,0.6819999814033508,vizier,COSMOS_Ilbert2013_zspec,J/ApJS/206/8,1,150.09016,2.1739013,0.06141161443401596,nan,nan,,,,RAJ2000,DEJ2000,zsp,True
576368,2,073002.80+434003.0_576368_0.0003,149.9136682195813,2.1769956922348253,2.931299924850464,vizier,COSMOS_Ilbert2013_zspec,J/ApJS/206/8,1,149.9138,2.1769938,0.47411604181273814,nan,nan,,,,RAJ2000,DEJ2000,zsp,True
576507,2,022359.59+011539.2_576507_0.1,150.25968933497384,2.1768573601887717,1.8229000568389893,vizier,COSMOS_Ilbert2013_zspec,J/ApJS/206/8,1,150.2597,2.1768608,0.04031533519824876,nan,nan,,,,RAJ2000,DEJ2000,zsp,True
576610,5,081524.62+555153.3_576610_0.3,149.8017033722159,2.177016334912548,1.7860000133514404,vizier,COSMOS_Ilbert2013_zspec,J/ApJS/206/8,1,149.80173,2.1770599,0.18377400788264864,nan,nan,,,,RAJ2000,DEJ2000,zsp,True
577115,7,074610.50+230710.7_577115_0.0001,150.08642281426742,2.1778732597102497,2.090399980545044,vizier,COSMOS_Ilbert2013_zspec,J/ApJS/206/8,1,150.08644,2.1778429,0.12556905737373153,nan,nan,,,,RAJ2000,DEJ2000,zsp,True
577140,3,141911.20+182214.6_577140_1,150.35559948909722,2.1782334060517,1.6699999570846558,vizier,COSMOS_Ilbert2013_zspec,J/ApJS/206/8,1,150.35561,2.1782355,0.03855599939397655,nan,nan,,,,RAJ2000,DEJ2000,zsp,True
577550,3,162058.99+133907.5_577550_0.0003,150.25718762673216,2.1788346893343875,1.6389000415802002,vizier,COSMOS_Ilbert2013_zspec,J/ApJS/206/8,1,150.25719,2.1788177,0.06175461259898919,nan,nan,,,,RAJ2000,DEJ2000,zsp,True
577771,3,161834.66+301518.9_577771_0.01,149.8757632258366,2.178906696508069,0.8862000107765198,vizier,COSMOS_Ilbert2013_zspec,J/ApJS/206/8,1,149.87576,2.1788869,0.07220604920011399,nan,nan,,,,RAJ2000,DEJ2000,zsp,True
579089,1,084537.01+102648.1_579089_0.01,149.91728307970152,2.180151491254679,0.3578000068664551,vizier,zCOSMOS_Lilly2007,J/ApJS/172/70/zcosmos3,1,149.917282,2.180153,0.0066773748411236514,0.3573000133037567,-0.0004999935626983643,True,825781,4.5,RAJ2000,DEJ2000,z,True
580433,4,135641.46+040436.4_580433_0.003,150.07236741494893,2.182998519419234,0.9869999885559082,vizier,COSMOS_Ilbert2013_zspec,J/ApJS/206/8,1,150.07237,2.1829941,0.01842836431839978,nan,nan,,,,RAJ2000,DEJ2000,zsp,True
581040,2,154307.77+193751.7_581040_0.03,150.0334563158645,2.183960467894289,0.21940000355243683,vizier,COSMOS_Ilbert2013_zspec,J/ApJS/206/8,1,150.03342,2.1839495,0.13647853417564312,nan,nan,,,,RAJ2000,DEJ2000,zsp,True
581222,1,134459.44-001559.5_581222_0.0001,150.12309758340746,2.184277150035838,0.24819999933242798,vizier,COSMOS_Ilbert2013_zspec,J/ApJS/206/8,1,150.12311,2.1842513,0.10322476111416627,nan,nan,,,,RAJ2000,DEJ2000,zsp,True
581920,1,081629.74+534111.6_581920_0.003,150.23722019549945,2.1839776213951083,0.6963000297546387,vizier,zCOSMOS_Lilly2007,J/ApJS/172/70/zcosmos3,1,150.237198,2.183977,0.07987708781406293,0.6956999897956848,-0.0006000399589538574,True,824168,3.5,RAJ2000,DEJ2000,z,True
582055,1,081416.15+094607.3_582055_1,149.82796711149746,2.185597669196922,2.1356000900268555,vizier,COSMOS_Ilbert2013_zspec,J/ApJS/206/8,1,149.82797,2.1855836,0.051704023449394725,nan,nan,,,,RAJ2000,DEJ2000,zsp,True
582777,7,083914.14+485125.7_582777_0.0003,150.4064674645707,2.1870426881114895,2.9586000442504883,vizier,COSMOS_Ilbert2013_zspec,J/ApJS/206/8,1,150.40646,2.1870587,0.06359063912730287,nan,nan,,,,RAJ2000,DEJ2000,zsp,True
584687,1,081425.89+294115.6_584687_0.3,150.20411782987117,2.18697604170853,0.37070000171661377,vizier,zCOSMOS_Lilly2007,J/ApJS/172/70/zcosmos3,1,150.204117,2.186974,0.007933290021737838,0.3702000081539154,-0.0004999935626983643,True,824364,4.5,RAJ2000,DEJ2000,z,True
585406,1,075853.87+484043.0_585406_0.1,150.6977173954686,2.1903091606157252,0.7487999796867371,vizier,zCOSMOS_Lilly2007,J/ApJS/172/70/zcosmos3,1,150.697708,2.190317,0.044032258347371976,0.748199999332428,-0.000599980354309082,True,821925,3.5,RAJ2000,DEJ2000,z,True
587285,3,084404.20+413803.8_587285_0.0001,149.8393627464939,2.1934192023189865,1.7402000427246094,vizier,COSMOS_Ilbert2013_zspec,J/ApJS/206/8,1,149.83937,2.1934166,0.027724288285105612,nan,nan,,,,RAJ2000,DEJ2000,zsp,True
587632,12,153830.55+085517.0_587632_0.3,149.6765034148518,2.194549216239749,3.5439999103546143,vizier,COSMOS_Ilbert2013_zspec,J/ApJS/206/8,1,149.67648,2.1945715,0.11632052480650107,nan,nan,,,,RAJ2000,DEJ2000,zsp,True
588738,1,155650.41+394542.8_588738_0.1,150.03380188988305,2.1950547975474928,0.9409999847412109,vizier,COSMOS_Ilbert2013_zspec,J/ApJS/206/8,1,150.0338,2.1950655,0.03912405201634224,nan,nan,,,,RAJ2000,DEJ2000,zsp,True
590252,8,164709.20+314437.0_590252_0.0001,150.19297179323047,2.198309774062651,2.974400043487549,vizier,COSMOS_Ilbert2013_zspec,J/ApJS/206/8,1,150.19299,2.1983435,0.13795271225861508,nan,nan,,,,RAJ2000,DEJ2000,zsp,True
590316,3,150654.94+004004.2_590316_0.01,150.4399270205412,2.197550589296758,1.1820000410079956,vizier,COSMOS_Ilbert2013_zspec,J/ApJS/206/8,1,150.43993,2.1975656,0.055091214616186095,nan,nan,,,,RAJ2000,DEJ2000,zsp,True
591540,1,030119.71-063635.5_591540_0.1,150.45342166915506,2.19985764309063,2.299499988555908,vizier,COSMOS_Ilbert2013_zspec,J/ApJS/206/8,1,150.45345,2.1998835,0.1380276756143675,nan,nan,,,,RAJ2000,DEJ2000,zsp,True
592397,1,150348.11+104251.4_592397_0.03,149.89007952810158,2.2004966690222325,1.3170000314712524,vizier,COSMOS_Ilbert2013_zspec,J/ApJS/206/8,1,149.89008,2.2004936,0.011178134658461146,nan,nan,,,,RAJ2000,DEJ2000,zsp,True
593765,1,163923.64+111333.9_593765_1,149.9359418911603,2.2029441401772853,2.0492000579833984,vizier,COSMOS_Ilbert2013_zspec,J/ApJS/206/8,1,149.93594,2.2029395,0.018036843595863265,nan,nan,,,,RAJ2000,DEJ2000,zsp,True
593787,1,142200.91+181722.3_593787_0.01,150.29614601355541,2.202928555479448,1.0420000553131104,vizier,COSMOS_Ilbert2013_zspec,J/ApJS/206/8,1,150.29614,2.2029133,0.05902672568653992,nan,nan,,,,RAJ2000,DEJ2000,zsp,True
594301,1,144911.06+174043.5_594301_0.0003,150.1978299996811,2.2034256153221814,1.920699954032898,vizier,COSMOS_Ilbert2013_zspec,J/ApJS/206/8,1,150.19785,2.2034349,0.07933298126887954,nan,nan,,,,RAJ2000,DEJ2000,zsp,True
595444,10,140252.13+045932.6_595444_0.001,150.1773944518983,2.2056654265781903,0.24500000476837158,vizier,COSMOS_Ilbert2013_zspec,J/ApJS/206/8,1,150.17741,2.2056689,0.05731241271625908,nan,nan,,,,RAJ2000,DEJ2000,zsp,True
595851,3,161742.53+322234.3_595851_0.03,149.82649723838654,2.206258827323197,0.15080000460147858,vizier,COSMOS_Ilbert2013_zspec,J/ApJS/206/8,1,149.82651,2.2062576,0.046119883888918654,nan,nan,,,,RAJ2000,DEJ2000,zsp,True
596412,14,075145.14+411535.8_596412_0.1,149.9510240817412,2.2055346817873414,0.42500001192092896,vizier,zCOSMOS_Lilly2007,J/ApJS/172/70/zcosmos3,1,149.951035,2.205551,0.07066607300506397,0.42489999532699585,-0.00010001659393310547,True,825639,2.1,RAJ2000,DEJ2000,z,True
596526,2,160953.02+533443.8_596526_0.3,149.75408389769888,2.2052032992920645,1.2210999727249146,vizier,zCOSMOS_Lilly2007,J/ApJS/172/70/zcosmos3,1,149.754089,2.205178,0.09290853824057156,1.2211999893188477,0.00010001659393310547,True,826596,2.5,RAJ2000,DEJ2000,z,True
596558,1,145450.02+111434.4_596558_0.01,150.3294564549035,2.2028509965220717,0.4749999940395355,vizier,COSMOS_Ilbert2013_zspec,J/ApJS/206/8,1,150.32945,2.2028491,0.02420341235359845,0.475,5.960464455334602e-09,True,823789,3.5,RAJ2000,DEJ2000,zsp,True
596805,1,092140.89+443043.1_596805_0.3,149.68781915360242,2.207140290501782,0.9458000063896179,vizier,COSMOS_Ilbert2013_zspec,J/ApJS/206/8,1,149.68784,2.2071393,0.07507608416598896,nan,nan,,,,RAJ2000,DEJ2000,zsp,True
597278,1,144753.99+130005.7_597278_1,150.0851576630625,2.2086866473278635,2.055000066757202,vizier,COSMOS_Ilbert2013_zspec,J/ApJS/206/8,1,150.08514,2.2086792,0.06896448954389134,nan,nan,,,,RAJ2000,DEJ2000,zsp,True
600295,10,092819.29+534024.1_600295_0.003,150.07674812682555,2.2130510207292367,4.38100004196167,vizier,COSMOS_Ilbert2013_zspec,J/ApJS/206/8,1,150.0768,2.2130883,0.22985253656583177,nan,nan,,,,RAJ2000,DEJ2000,zsp,True
600659,13,091846.51+390836.0_600659_0.01,150.08520983952323,2.2120302534117364,0.42739999294281006,vizier,COSMOS_Ilbert2013_zspec,J/ApJS/206/8,1,150.08521,2.2120225,0.02791825136762543,0.4274,7.057189943537878e-09,True,824931,3.5,RAJ2000,DEJ2000,zsp,True
600741,1,144321.12+190352.1_600741_0.001,150.50021610839624,2.2124596971099204,0.3010999858379364,vizier,zCOSMOS_Lilly2007,J/ApJS/172/70/zcosmos3,1,150.500198,2.212451,0.0722753261786883,0.30070000886917114,-0.0003999769687652588,True,822934,3.5,RAJ2000,DEJ2000,z,True
601266,1,080833.36+424836.3_601266_1,149.46541666922244,2.211548034609736,0.5357000231742859,vizier,zCOSMOS_Lilly2007,J/ApJS/172/70/zcosmos3,1,149.465408,2.211545,0.03304406998550733,0.5351999998092651,-0.000500023365020752,True,827934,3.5,RAJ2000,DEJ2000,z,True
601797,16,081833.45+323621.4_601797_0.0003,150.10243811766625,2.2148690380839637,1.8899999856948853,vizier,COSMOS_Ilbert2013_zspec,J/ApJS/206/8,1,150.10243,2.2148435,0.09646332948522504,nan,nan,,,,RAJ2000,DEJ2000,zsp,True
601817,2,170044.01+175417.4_601817_0.1,150.27892398255955,2.2152050692150875,2.146399974822998,vizier,COSMOS_Ilbert2013_zspec,J/ApJS/206/8,1,150.27893,2.2152016,0.024991091090138317,nan,nan,,,,RAJ2000,DEJ2000,zsp,True
601996,5,075515.06+185856.8_601996_0.03,150.70291407516427,2.21344501706475,0.4627000093460083,vizier,zCOSMOS_Lilly2007,J/ApJS/172/70/zcosmos3,1,150.702911,2.213448,0.01541726288468899,0.46219998598098755,-0.000500023365020752,True,821905,4.5,RAJ2000,DEJ2000,z,True
602311,27,154130.59+022501.8_602311_0.0001,150.23738576198676,2.2151430528086986,1.2640000581741333,vizier,COSMOS_Ilbert2013_zspec,J/ApJS/206/8,1,150.2374,2.2151384,0.05388789863301983,nan,nan,,,,RAJ2000,DEJ2000,zsp,True
604414,1,143730.21+082700.6_604414_0.0001,149.78022321410805,2.217754153417058,1.1593999862670898,vizier,COSMOS_Ilbert2013_zspec,J/ApJS/206/8,1,149.78024,2.2177541,0.06038425410995226,nan,nan,,,,RAJ2000,DEJ2000,zsp,True
605240,5,090325.62+224147.5_605240_1,149.53344947754104,2.2179803503669375,0.2818000018596649,vizier,zCOSMOS_Lilly2007,J/ApJS/172/70/zcosmos3,1,149.533447,2.21799,0.03586374025574323,0.28139999508857727,-0.0004000067710876465,True,827662,4.5,RAJ2000,DEJ2000,z,True
606174,2,084315.53+394104.9_606174_0.03,150.07211030785328,2.220172838290622,1.1401000022888184,vizier,COSMOS_Ilbert2013_zspec,J/ApJS/206/8,1,150.07211,2.2201464,0.09518428881737342,nan,nan,,,,RAJ2000,DEJ2000,zsp,True
607012,2,155622.35+303215.2_607012_0.1,150.1282756293226,2.2219594125524424,0.6610000133514404,vizier,COSMOS_Ilbert2013_zspec,J/ApJS/206/8,1,150.12828,2.2219634,0.021289927644289657,nan,nan,,,,RAJ2000,DEJ2000,zsp,True
607106,1,032838.28-000341.6_607106_1,149.78520691804064,2.2213152000099097,0.30329999327659607,vizier,COSMOS_Ilbert2013_zspec,J/ApJS/206/8,1,149.78522,2.221319,0.049007687959850416,0.3033,6.7234039446972815e-09,True,826456,4.5,RAJ2000,DEJ2000,zsp,True
607613,1,143615.92-013247.4_607613_0.01,149.9515070709882,2.2222705456162326,0.5291000008583069,vizier,zCOSMOS_Lilly2007,J/ApJS/172/70/zcosmos3,1,149.951523,2.222279,0.064882797897994,0.5285999774932861,-0.000500023365020752,True,825635,4.5,RAJ2000,DEJ2000,z,True
608503,3,144016.02+202114.1_608503_0.003,150.77062797408385,2.2199964816492073,0.21040000021457672,vizier,zCOSMOS_Lilly2007,J/ApJS/172/70/zcosmos3,1,150.77063,2.219991,0.02103665034396908,0.20999999344348907,-0.0004000067710876465,True,821641,3.5,RAJ2000,DEJ2000,z,True
608990,1,171525.32+305624.3_608990_0.3,150.24505862699888,2.223767453095309,0.7269999980926514,vizier,zCOSMOS_Lilly2007,J/ApJS/172/70/zcosmos3,1,150.245056,2.22377,0.013167073761146005,0.7264000177383423,-0.000599980354309082,True,824135,4.5,RAJ2000,DEJ2000,z,True
609708,4,145221.62+002359.8_609708_1,149.7643291518234,2.224773223795369,0.4578000009059906,vizier,zCOSMOS_Lilly2007,J/ApJS/172/70/zcosmos3,1,149.764313,2.224761,0.07288639264807131,0.45730000734329224,-0.0004999935626983643,True,826556,3.5,RAJ2000,DEJ2000,z,True
609745,7,163632.79+253007.4_609745_0.0001,150.04371938635006,2.2264529708692353,0.9369999766349792,vizier,COSMOS_Ilbert2013_zspec,J/ApJS/206/8,1,150.04372,2.2264769,0.08617314947367408,nan,nan,,,,RAJ2000,DEJ2000,zsp,True
609771,2,080649.15+344745.4_609771_0.003,149.81252882821133,2.226041048063451,1.5516999959945679,vizier,COSMOS_Ilbert2013_zspec,J/ApJS/206/8,1,149.81253,2.226048,0.025379473758727924,nan,nan,,,,RAJ2000,DEJ2000,zsp,True
610180,1,163229.65+362515.9_610180_0.1,149.98905779744467,2.2260726736794716,0.275299996137619,vizier,zCOSMOS_Lilly2007,J/ApJS/172/70/zcosmos3,1,149.989059,2.226077,0.016164363510174095,0.27489998936653137,-0.0004000067710876465,True,825446,4.5,RAJ2000,DEJ2000,z,True
610404,4,161949.94+352008.1_610404_0.003,149.83327459028695,2.226146373980868,0.49619999527931213,vizier,COSMOS_Ilbert2013_zspec,J/ApJS/206/8,1,149.83328,2.2261431,0.022751256599285813,0.4962,4.720687840631399e-09,True,826223,4.5,RAJ2000,DEJ2000,zsp,True
610474,7,145810.10+114002.9_610474_0.01,150.32577291281456,2.226184296800335,1.409999966621399,vizier,COSMOS_Ilbert2013_zspec,J/ApJS/206/8,1,150.32578,2.2261868,0.027040389902787232,nan,nan,,,,RAJ2000,DEJ2000,zsp,True
610484,2,083057.24+412748.6_610484_0.001,150.56400431958963,2.227271597379162,1.417799949645996,vizier,COSMOS_Ilbert2013_zspec,J/ApJS/206/8,1,150.564,2.227262,0.03788396841898227,nan,nan,,,,RAJ2000,DEJ2000,zsp,True
610646,4,093027.87+514141.1_610646_0.03,150.38830329786808,2.2267179678333053,0.6208000183105469,vizier,zCOSMOS_Lilly2007,J/ApJS/172/70/zcosmos3,1,150.388306,2.226712,0.02358083233623645,0.6202999949455261,-0.000500023365020752,True,823497,4.5,RAJ2000,DEJ2000,z,True
611429,3,012214.46+390702.2_611429_0.3,149.7137503180528,2.2276937198189097,1.2138999700546265,vizier,zCOSMOS_Lilly2007,J/ApJS/172/70/zcosmos3,1,149.713745,2.227685,0.03676130544307971,1.2131999731063843,-0.0006999969482421875,True,826805,3.5,RAJ2000,DEJ2000,z,True
611527,1,035046.73-063350.9_611527_0.01,150.58118198729488,2.2280015902785326,0.6718000173568726,vizier,zCOSMOS_Lilly2007,J/ApJS/172/70/zcosmos3,1,150.581161,2.22798,0.10835587235492201,0.6711999773979187,-0.0006000399589538574,True,822464,3.5,RAJ2000,DEJ2000,z,True
611995,20,074732.63+244747.0_611995_0.1,150.05777139750978,2.2297794313993102,3.112600088119507,vizier,COSMOS_Ilbert2013_zspec,J/ApJS/206/8,1,150.05775,2.2297595,0.10522973198754046,nan,nan,,,,RAJ2000,DEJ2000,zsp,True
612462,2,083225.34+370736.2_612462_0.01,149.74737659201938,2.229651228489205,0.09960000216960907,vizier,COSMOS_Ilbert2013_zspec,J/ApJS/206/8,1,149.74741,2.2296832,0.1664034077560473,nan,nan,,,,RAJ2000,DEJ2000,zsp,True
612787,2,142748.28+050222.0_612787_0.1,150.6438975611083,2.229880508072252,0.10260000079870224,vizier,zCOSMOS_Lilly2007,J/ApJS/172/70/zcosmos3,1,150.64389,2.229877,0.029988319668120905,0.10220000147819519,-0.00039999932050704956,True,822179,4.5,RAJ2000,DEJ2000,z,True
613436,4,081422.59+265410.4_613436_0.0001,149.63751570510672,2.2293778380663154,0.2831999957561493,vizier,zCOSMOS_Lilly2007,J/ApJS/172/70/zcosmos3,1,149.637512,2.229392,0.05269635291333172,0.28279998898506165,-0.0004000067710876465,True,827204,4.5,RAJ2000,DEJ2000,z,True
613483,1,155634.35+180121.6_613483_1,150.41705263285365,2.2312580314231822,0.5370000004768372,vizier,zCOSMOS_Lilly2007,J/ApJS/172/70/zcosmos3,1,150.417038,2.231249,0.06187000406620814,0.5364999771118164,-0.000500023365020752,True,823367,3.5,RAJ2000,DEJ2000,z,True
613486,1,151907.61+440424.6_613486_0.001,150.03659546348118,2.2308913432439486,0.776199996471405,vizier,zCOSMOS_Lilly2007,J/ApJS/172/70/zcosmos3,1,150.036591,2.230889,0.01813745174968855,0.775600016117096,-0.000599980354309082,True,825180,4.5,RAJ2000,DEJ2000,z,True
613699,2,151131.02+431730.5_613699_0.03,149.91289387006614,2.2321170904194614,2.909899950027466,vizier,COSMOS_Ilbert2013_zspec,J/ApJS/206/8,1,149.9129,2.2321134,0.025743973374030678,nan,nan,,,,RAJ2000,DEJ2000,zsp,True
615182,3,031049.87+381453.8_615182_1,150.5736042694087,2.2339486817583882,0.8203999996185303,vizier,zCOSMOS_Lilly2007,J/ApJS/172/70/zcosmos3,1,150.573578,2.233944,0.09598927053802139,0.8198000192642212,-0.000599980354309082,True,822504,4.5,RAJ2000,DEJ2000,z,True
615274,2,075245.52+200337.9_615274_1,149.9552462649988,2.2326765553284917,0.47749999165534973,vizier,COSMOS_Ilbert2013_zspec,J/ApJS/206/8,1,149.95525,2.2326682,0.03294355573453854,0.4775,8.344650248570673e-09,True,825616,4.5,RAJ2000,DEJ2000,zsp,True
615894,1,144759.36+203832.6_615894_0.0003,150.65594626228452,2.234310158266524,0.8982999920845032,vizier,zCOSMOS_Lilly2007,J/ApJS/172/70/zcosmos3,1,150.65596,2.234311,0.049510994425281854,0.8977000117301941,-0.000599980354309082,True,822128,3.5,RAJ2000,DEJ2000,z,True
616325,8,090333.55+262836.3_616325_0.001,149.71316246922007,2.2365040464362824,3.228800058364868,vizier,COSMOS_Ilbert2013_zspec,J/ApJS/206/8,1,149.7132,2.2365603,0.24338975978820435,nan,nan,,,,RAJ2000,DEJ2000,zsp,True
616367,17,091206.78+331109.3_616367_0.0003,149.91281130298557,2.2367602727227003,3.3326001167297363,vizier,COSMOS_Ilbert2013_zspec,J/ApJS/206/8,1,149.91281,2.2367227,0.1353429887589634,nan,nan,,,,RAJ2000,DEJ2000,zsp,True
617108,4,161009.07+312836.2_617108_0.0003,150.20196844895315,2.2372167593296077,1.2436000108718872,vizier,COSMOS_Ilbert2013_zspec,J/ApJS/206/8,1,150.20197,2.2372305,0.04978008653299329,nan,nan,,,,RAJ2000,DEJ2000,zsp,True
617393,2,143747.87+283019.4_617393_0.03,150.3101119750638,2.233976671557454,0.24799999594688416,vizier,zCOSMOS_Lilly2007,J/ApJS/172/70/zcosmos3,1,150.310104,2.233973,0.03158686365799876,0.2476000040769577,-0.00039999186992645264,True,823880,4.5,RAJ2000,DEJ2000,z,True
617822,1,153004.79+101207.5_617822_1,150.45743368826035,2.235078456568293,0.22120000422000885,vizier,zCOSMOS_Lilly2007,J/ApJS/172/70/zcosmos3,1,150.457428,2.235086,0.03400246305341473,0.22120000422000885,0.0,True,823163,4.5,RAJ2000,DEJ2000,z,True
618049,3,082930.59+081238.0_618049_0.0001,150.11000498910929,2.2378702861548585,0.12269999831914902,vizier,zCOSMOS_Lilly2007,J/ApJS/172/70/zcosmos3,1,150.110001,2.237874,0.019613021656030242,0.12229999899864197,-0.00039999932050704956,True,824796,3.5,RAJ2000,DEJ2000,z,True
618130,1,030335.76+004144.9_618130_0.0003,149.97745299786257,2.2384659700053353,0.666700005531311,vizier,zCOSMOS_Lilly2007,J/ApJS/172/70/zcosmos3,1,149.977448,2.238475,0.0371483242586038,0.666100025177002,-0.000599980354309082,True,825504,4.5,RAJ2000,DEJ2000,z,True
618170,3,073000.15+443959.8_618170_0.001,150.33361525958017,2.239247504835342,1.0964000225067139,vizier,COSMOS_Ilbert2013_zspec,J/ApJS/206/8,1,150.33365,2.2392707,0.15030031959807108,nan,nan,,,,RAJ2000,DEJ2000,zsp,True
618208,6,154302.45+365449.3_618208_0.01,149.861690633305,2.239106168452562,0.3986999988555908,vizier,COSMOS_Ilbert2013_zspec,J/ApJS/206/8,1,149.86172,2.2390788,0.14445461806919996,nan,nan,,,,RAJ2000,DEJ2000,zsp,True
618282,2,135915.86+120109.1_618282_1,150.24943090532588,2.2372020086093753,0.3578000068664551,vizier,zCOSMOS_Lilly2007,J/ApJS/172/70/zcosmos3,1,150.24942,2.237201,0.03939693012121199,0.3573000133037567,-0.0004999935626983643,True,824122,4.5,RAJ2000,DEJ2000,z,True
618296,1,150153.55+111512.1_618296_0.03,150.4397256977216,2.239109470553547,2.158099889755249,vizier,COSMOS_Ilbert2013_zspec,J/ApJS/206/8,1,150.43974,2.2391012,0.05944307312545907,nan,nan,,,,RAJ2000,DEJ2000,zsp,True
618520,4,162615.35+353907.7_618520_1,150.18813542044484,2.239720076198758,1.1549999713897705,vizier,COSMOS_Ilbert2013_zspec,J/ApJS/206/8,1,150.18814,2.2397487,0.10435420117160304,nan,nan,,,,RAJ2000,DEJ2000,zsp,True
618602,2,161822.83+295034.3_618602_0.03,149.7795066755613,2.239682578091249,1.013700008392334,vizier,COSMOS_Ilbert2013_zspec,J/ApJS/206/8,1,149.77953,2.2396891,0.08712698179266555,nan,nan,,,,RAJ2000,DEJ2000,zsp,True
619622,2,023204.15+003301.6_619622_0.01,150.2685275000895,2.2407777788527112,0.9243000149726868,vizier,zCOSMOS_Lilly2007,J/ApJS/172/70/zcosmos3,1,150.268524,2.240776,0.014125684167266932,0.9236999750137329,-0.0006000399589538574,True,824048,3.5,RAJ2000,DEJ2000,z,True
620113,1,155507.28+141817.9_620113_1,150.2248750423584,2.236916033367712,0.36239999532699585,vizier,COSMOS_Ilbert2013_zspec,J/ApJS/206/8,1,150.22488,2.2369115,0.02417425842405702,0.3624,4.673004150301807e-09,True,824246,3.5,RAJ2000,DEJ2000,zsp,True
620390,1,081755.69+125654.3_620390_0.1,150.4141368680802,2.2414544245111583,0.7394999861717224,vizier,zCOSMOS_Lilly2007,J/ApJS/172/70/zcosmos3,1,150.414124,2.241449,0.05024025638477894,0.7389000058174133,-0.000599980354309082,True,823379,3.5,RAJ2000,DEJ2000,z,True
620477,1,030915.69-001637.7_620477_1,150.0729341682032,2.242703644606935,2.6986000537872314,vizier,COSMOS_Ilbert2013_zspec,J/ApJS/206/8,1,150.07292,2.242656,0.17893264506199988,nan,nan,,,,RAJ2000,DEJ2000,zsp,True
620719,4,155745.75+094556.4_620719_1,150.08065129652468,2.2428375470061876,2.4416000843048096,vizier,COSMOS_Ilbert2013_zspec,J/ApJS/206/8,1,150.08064,2.2428327,0.04422428162518453,nan,nan,,,,RAJ2000,DEJ2000,zsp,True
621187,3,153115.21+230454.3_621187_1,149.98072861831056,2.2430406380112986,0.6589999794960022,vizier,COSMOS_Ilbert2013_zspec,J/ApJS/206/8,1,149.98073,2.2430546,0.05050830403864806,nan,nan,,,,RAJ2000,DEJ2000,zsp,True
621265,3,143821.39+094623.1_621265_0.1,149.93447100982473,2.2424701607996598,0.8040000200271606,vizier,COSMOS_Ilbert2013_zspec,J/ApJS/206/8,1,149.93446,2.2424543,0.06948984996329849,nan,nan,,,,RAJ2000,DEJ2000,zsp,True
621400,2,165822.32+183735.1_621400_0.001,149.91186138550725,2.2419405844227227,0.1745000034570694,vizier,COSMOS_Ilbert2013_zspec,J/ApJS/206/8,1,149.91187,2.2419314,0.04531562721440736,0.1745,-3.4570694085189757e-09,True,825813,4.5,RAJ2000,DEJ2000,zsp,True
621733,24,161133.46+484810.9_621733_0.03,150.0625761156448,2.24434713451779,0.27549999952316284,vizier,COSMOS_Ilbert2013_zspec,J/ApJS/206/8,1,150.06258,2.2443695,0.08171919676014593,nan,nan,,,,RAJ2000,DEJ2000,zsp,True
622534,6,090438.49+255323.7_622534_1,150.2244914317701,2.243713333094098,1.0360000133514404,vizier,zCOSMOS_Lilly2007,J/ApJS/172/70/zcosmos3,1,150.224487,2.243703,0.04047132042343913,1.0368000268936157,0.000800013542175293,True,910281,1.5,RAJ2000,DEJ2000,z,True
622555,4,145032.97+050822.4_622555_0.01,150.2158234715704,2.245635271831606,1.6399999856948853,vizier,COSMOS_Ilbert2013_zspec,J/ApJS/206/8,1,150.21579,2.2456341,0.1204789942243562,nan,nan,,,,RAJ2000,DEJ2000,zsp,True
622608,1,110022.09+645812.9_622608_0.01,150.6226129844785,2.2447698415789414,0.8777999877929688,vizier,zCOSMOS_Lilly2007,J/ApJS/172/70/zcosmos3,1,150.62262,2.244753,0.06567221151682606,0.8772000074386597,-0.000599980354309082,True,822268,3.5,RAJ2000,DEJ2000,z,True
622725,4,150345.58+340235.3_622725_0.0003,149.81291602752722,2.242733697050945,0.7039999961853027,vizier,COSMOS_Ilbert2013_zspec,J/ApJS/206/8,1,149.81293,2.2427435,0.06141444151694157,0.704,3.814697224768793e-09,True,826307,3.5,RAJ2000,DEJ2000,zsp,True
622769,3,075057.26+353037.6_622769_1,150.34549132831341,2.243176739875259,0.18539999425411224,vizier,zCOSMOS_Lilly2007,J/ApJS/172/70/zcosmos3,1,150.34549,2.243173,0.014286322461430207,0.1850000023841858,-0.00039999186992645264,True,823717,4.5,RAJ2000,DEJ2000,z,True
623125,1,162205.67-002720.4_623125_1,150.09946518807845,2.2453452863211143,0.5333999991416931,vizier,COSMOS_Ilbert2013_zspec,J/ApJS/206/8,1,150.09947,2.2453425,0.020005972143438525,0.5334,8.583068700218632e-10,True,824840,4.5,RAJ2000,DEJ2000,zsp,True
623550,6,011601.41+322234.8_623550_0.003,150.25251824188905,2.245863408010172,0.6647999882698059,vizier,COSMOS_Ilbert2013_zspec,J/ApJS/206/8,1,150.25253,2.2458644,0.042447176254305996,nan,nan,,,,RAJ2000,DEJ2000,zsp,True
624768,1,150118.32+155623.0_624768_0.01,150.3801567091093,2.247475167746449,0.32409998774528503,vizier,zCOSMOS_Lilly2007,J/ApJS/172/70/zcosmos3,1,150.380142,2.247466,0.062361387992071124,0.3237000107765198,-0.0003999769687652588,True,823536,4.5,RAJ2000,DEJ2000,z,True
625112,2,081521.66+271308.7_625112_1,150.28090169165006,2.24952966893724,2.5748000144958496,vizier,COSMOS_Ilbert2013_zspec,J/ApJS/206/8,1,150.28091,2.2495208,0.04373375885778443,nan,nan,,,,RAJ2000,DEJ2000,zsp,True
625461,2,075004.39+170245.8_625461_0.1,149.82495070839366,2.2488576735372106,0.3776000142097473,vizier,zCOSMOS_Lilly2007,J/ApJS/172/70/zcosmos3,1,149.824936,2.248858,0.052922487227626464,0.37709999084472656,-0.000500023365020752,True,826256,4.5,RAJ2000,DEJ2000,z,True
626958,3,083225.34+370736.2_626958_0.0003,150.20161953683956,2.24840811926434,0.09309999644756317,vizier,zCOSMOS_Lilly2007,J/ApJS/172/70/zcosmos3,1,150.201614,2.248412,0.024328520913518222,0.09269999712705612,-0.00039999932050704956,True,824379,4.5,RAJ2000,DEJ2000,z,True
627857,2,164729.85+354605.8_627857_0.1,150.56716440899186,2.248950690215186,0.25999999046325684,vizier,zCOSMOS_Lilly2007,J/ApJS/172/70/zcosmos3,1,150.567154,2.248937,0.061895115362363154,0.2596000134944916,-0.0003999769687652588,True,822544,3.5,RAJ2000,DEJ2000,z,True
627939,6,151542.68+404311.1_627939_0.003,150.2702500672925,2.253895802563393,4.5320000648498535,vizier,COSMOS_Ilbert2013_zspec,J/ApJS/206/8,1,150.27026,2.2539253,0.1120407017983247,nan,nan,,,,RAJ2000,DEJ2000,zsp,True
628209,2,084205.57+075925.5_628209_1,149.51407990944105,2.2527891034727494,0.12520000338554382,vizier,zCOSMOS_Lilly2007,J/ApJS/172/70/zcosmos3,1,149.514069,2.252802,0.06079124413004467,0.12479999661445618,-0.0004000067710876465,True,827743,3.5,RAJ2000,DEJ2000,z,True
628334,2,140332.86+133218.7_628334_0.03,149.9161802919675,2.2533318878508064,1.0994999408721924,vizier,zCOSMOS_Lilly2007,J/ApJS/172/70/zcosmos3,1,149.916168,2.253348,0.07293534619761124,1.0987999439239502,-0.0006999969482421875,True,825788,3.5,RAJ2000,DEJ2000,z,True
628872,2,162917.15+445650.1_628872_0.03,149.89340682861942,2.254825376184862,1.5405999422073364,vizier,COSMOS_Ilbert2013_zspec,J/ApJS/206/8,1,149.8934,2.2548444,0.07275771927834451,nan,nan,,,,RAJ2000,DEJ2000,zsp,True
629571,1,154458.87+172826.7_629571_0.3,150.27854474110214,2.2553548825302716,0.6732000112533569,vizier,zCOSMOS_Lilly2007,J/ApJS/172/70/zcosmos3,1,150.278534,2.255353,0.0392278642704775,0.6725999712944031,-0.0006000399589538574,True,824012,3.5,RAJ2000,DEJ2000,z,True
630094,1,143053.55+031145.6_630094_1,150.1381265300706,2.256589863561653,0.305400013923645,vizier,COSMOS_Ilbert2013_zspec,J/ApJS/206/8,1,150.13812,2.2566073,0.06702239930433422,nan,nan,,,,RAJ2000,DEJ2000,zsp,True
630594,8,080849.42+521515.3_630594_0.001,150.13587015768027,2.2578882259053143,4.447000026702881,vizier,COSMOS_Ilbert2013_zspec,J/ApJS/206/8,1,150.13583,2.2579579,0.28945020012490996,nan,nan,,,,RAJ2000,DEJ2000,zsp,True
630683,2,161436.81+283905.9_630683_0.1,149.9128720281459,2.2544188504038023,0.3255000114440918,vizier,zCOSMOS_Lilly2007,J/ApJS/172/70/zcosmos3,1,149.912872,2.254428,0.032938701915368795,0.32510000467300415,-0.0004000067710876465,True,825808,3.5,RAJ2000,DEJ2000,z,True
630768,3,144240.79+052423.2_630768_0.03,150.6382491530568,2.2552345494439336,0.12630000710487366,vizier,zCOSMOS_Lilly2007,J/ApJS/172/70/zcosmos3,1,150.638245,2.255239,0.021906413049751317,0.125900000333786,-0.0004000067710876465,True,822199,3.5,RAJ2000,DEJ2000,z,True
630909,2,150348.11+104251.4_630909_0.03,149.90406450668053,2.2574830360782743,1.3199000358581543,vizier,COSMOS_Ilbert2013_zspec,J/ApJS/206/8,1,149.90405,2.2574968,0.07196064077899644,nan,nan,,,,RAJ2000,DEJ2000,zsp,True
631878,2,110022.09+645812.9_631878_0.1,150.35660379736692,2.2586727962506354,0.8802000284194946,vizier,zCOSMOS_Lilly2007,J/ApJS/172/70/zcosmos3,1,150.356598,2.258677,0.025766739039998675,0.8795999884605408,-0.0006000399589538574,True,823645,4.5,RAJ2000,DEJ2000,z,True
631929,24,144259.65+292136.3_631929_0.001,150.07841384472604,2.2590005382888183,1.8799999952316284,vizier,COSMOS_Ilbert2013_zspec,J/ApJS/206/8,1,150.07841,2.2589917,0.034693672985067904,nan,nan,,,,RAJ2000,DEJ2000,zsp,True
632294,6,143136.24+102851.9_632294_0.0003,150.74778405975863,2.2590446643046564,0.4268999993801117,vizier,zCOSMOS_Lilly2007,J/ApJS/172/70/zcosmos3,1,150.747787,2.259056,0.04215684173058066,0.42640000581741333,-0.0004999935626983643,True,821728,3.5,RAJ2000,DEJ2000,z,True
632705,2,084951.74+283237.3_632705_1,150.37525064251122,2.260604229094734,1.5867999792099,vizier,COSMOS_Ilbert2013_zspec,J/ApJS/206/8,1,150.37524,2.2606015,0.03952379958972837,nan,nan,,,,RAJ2000,DEJ2000,zsp,True
632869,8,155148.65+215847.6_632869_0.003,149.92748066493533,2.2608842778787546,2.4231998920440674,vizier,COSMOS_Ilbert2013_zspec,J/ApJS/206/8,1,149.92751,2.2609017,0.12275615042424194,nan,nan,,,,RAJ2000,DEJ2000,zsp,True
633912,1,095738.18+552257.7_633912_0.3,149.63997574310582,2.2612863476545937,0.9035000205039978,vizier,zCOSMOS_Lilly2007,J/ApJS/172/70/zcosmos3,1,149.639969,2.261307,0.07820523020963017,0.902899980545044,-0.0006000399589538574,True,827194,3.5,RAJ2000,DEJ2000,z,True
634388,1,074738.39+245637.3_634388_0.3,150.53820010490722,2.2618795024757543,0.1282999962568283,vizier,zCOSMOS_Lilly2007,J/ApJS/172/70/zcosmos3,1,150.538193,2.26188,0.02562042061996298,0.12790000438690186,-0.00039999186992645264,True,822699,4.5,RAJ2000,DEJ2000,z,True
634789,2,164527.79+194534.3_634789_0.03,149.78969868140126,2.2635990850347305,1.2237999439239502,vizier,COSMOS_Ilbert2013_zspec,J/ApJS/206/8,1,149.78972,2.2636285,0.13074562778944943,nan,nan,,,,RAJ2000,DEJ2000,zsp,True
634925,27,162324.11+432533.6_634925_0.003,149.87288780707416,2.2614609340716263,0.28299999237060547,vizier,COSMOS_Ilbert2013_zspec,J/ApJS/206/8,1,149.87289,2.2614694,0.03148166123139747,0.283,7.629394505048737e-09,True,826020,3.5,RAJ2000,DEJ2000,zsp,True
635248,1,083925.61+045420.2_635248_0.1,149.94532318818932,2.2642268466075977,2.4433999061584473,vizier,COSMOS_Ilbert2013_zspec,J/ApJS/206/8,1,149.94534,2.2642393,0.07528070829537094,nan,nan,,,,RAJ2000,DEJ2000,zsp,True
636233,4,021833.19+002525.8_636233_0.1,150.38168246144232,2.2658687463834477,0.8479999899864197,vizier,COSMOS_Ilbert2013_zspec,J/ApJS/206/8,1,150.38168,2.2658684,0.008941641469007396,nan,nan,,,,RAJ2000,DEJ2000,zsp,True
636441,2,145729.62+042655.7_636441_0.03,149.87963450506237,2.2660237692528025,1.4128999710083008,vizier,COSMOS_Ilbert2013_zspec,J/ApJS/206/8,1,149.87965,2.2660418,0.08555781412962336,nan,nan,,,,RAJ2000,DEJ2000,zsp,True
637289,9,145722.13+345304.8_637289_0.0001,149.89020096454226,2.268030572036916,3.325500011444092,vizier,COSMOS_Ilbert2013_zspec,J/ApJS/206/8,1,149.89021,2.2680535,0.08870937127047493,nan,nan,,,,RAJ2000,DEJ2000,zsp,True
637797,36,160712.15+124201.2_637797_0.001,150.104707180995,2.2670524913338554,1.9299999475479126,vizier,COSMOS_Ilbert2013_zspec,J/ApJS/206/8,1,150.10471,2.2670453,0.02780394387579594,nan,nan,,,,RAJ2000,DEJ2000,zsp,True
637986,1,084205.57+075925.5_637986_1,150.33199439512686,2.2661366975627644,0.1298000067472458,vizier,zCOSMOS_Lilly2007,J/ApJS/172/70/zcosmos3,1,150.331985,2.266142,0.03881431792159643,0.12939999997615814,-0.0004000067710876465,True,823777,3.5,RAJ2000,DEJ2000,z,True
638362,1,140030.13+002208.5_638362_0.3,149.86602972432874,2.267845273452656,0.25099998712539673,vizier,zCOSMOS_Lilly2007,J/ApJS/172/70/zcosmos3,1,149.866013,2.267854,0.06786910161324654,0.25060001015663147,-0.0003999769687652588,True,826061,4.5,RAJ2000,DEJ2000,z,True
638679,1,084355.87+561044.2_638679_0.003,150.19620367162665,2.2679048047316632,0.7505000233650208,vizier,zCOSMOS_Lilly2007,J/ApJS/172/70/zcosmos3,1,150.196198,2.267904,0.020606523702333245,0.7498999834060669,-0.0006000399589538574,True,824408,4.5,RAJ2000,DEJ2000,z,True
638955,3,160050.41+322054.4_638955_0.3,150.09707689441774,2.2701856535725287,2.087899923324585,vizier,COSMOS_Ilbert2013_zspec,J/ApJS/206/8,1,150.09711,2.2701826,0.11959285521509082,nan,nan,,,,RAJ2000,DEJ2000,zsp,True
639080,1,084205.57+075925.5_639080_0.01,149.71463295008974,2.269337305308625,0.12600000202655792,vizier,zCOSMOS_Lilly2007,J/ApJS/172/70/zcosmos3,1,149.714615,2.269346,0.07175642441487638,0.12559999525547028,-0.0004000067710876465,True,826799,3.5,RAJ2000,DEJ2000,z,True
639796,4,083204.74+592354.1_639796_0.3,150.28386642304565,2.271349848437133,3.2451999187469482,vizier,COSMOS_Ilbert2013_zspec,J/ApJS/206/8,1,150.28389,2.2713759,0.1264457955561548,nan,nan,,,,RAJ2000,DEJ2000,zsp,True
639939,1,142216.85+091524.3_639939_0.3,150.52714810931627,2.270969930121484,2.1993000507354736,vizier,COSMOS_Ilbert2013_zspec,J/ApJS/206/8,1,150.52713,2.2710133,0.16917620582827606,nan,nan,,,,RAJ2000,DEJ2000,zsp,True
640223,1,163642.91+332729.0_640223_1,149.75671365111765,2.271359043497398,0.9039999842643738,vizier,COSMOS_Ilbert2013_zspec,J/ApJS/206/8,1,149.75674,2.2713757,0.11215673780553344,nan,nan,,,,RAJ2000,DEJ2000,zsp,True
640611,10,151352.52+085555.7_640611_0.0001,149.91960842244342,2.2725962367792216,2.909600019454956,vizier,COSMOS_Ilbert2013_zspec,J/ApJS/206/8,1,149.91962,2.2726038,0.04975707362426045,nan,nan,,,,RAJ2000,DEJ2000,zsp,True
641003,3,144849.30-013524.1_641003_1,150.27864361388046,2.2731445716433725,2.5336999893188477,vizier,COSMOS_Ilbert2013_zspec,J/ApJS/206/8,1,150.27863,2.2731509,0.05401131084085822,nan,nan,,,,RAJ2000,DEJ2000,zsp,True
641228,1,075537.02+254238.9_641228_1,150.1396104482965,2.2707294937712303,0.4410000145435333,vizier,zCOSMOS_Lilly2007,J/ApJS/172/70/zcosmos3,1,150.139603,2.270726,0.029598145586844433,0.4404999911785126,-0.000500023365020752,True,824672,4.5,RAJ2000,DEJ2000,z,True
641827,1,145339.24+220655.7_641827_1,150.110179479833,2.272569764636688,0.49219998717308044,vizier,zCOSMOS_Lilly2007,J/ApJS/172/70/zcosmos3,1,150.110168,2.27257,0.041303586370233764,0.4916999936103821,-0.0004999935626983643,True,824795,3.5,RAJ2000,DEJ2000,z,True
642071,26,154705.29+142916.2_642071_0.0003,150.15414147253406,2.2748161224517136,1.215999960899353,vizier,COSMOS_Ilbert2013_zspec,J/ApJS/206/8,1,150.15414,2.2748213,0.01937721412187935,nan,nan,,,,RAJ2000,DEJ2000,zsp,True
642661,3,145924.24+340113.1_642661_0.0001,150.2067077747803,2.275529233476566,2.7945001125335693,vizier,COSMOS_Ilbert2013_zspec,J/ApJS/206/8,1,150.20671,2.2755442,0.054470821880898336,nan,nan,,,,RAJ2000,DEJ2000,zsp,True
642733,1,151226.09+342011.2_642733_0.01,149.98659513061176,2.275473027870696,0.8510000109672546,vizier,COSMOS_Ilbert2013_zspec,J/ApJS/206/8,1,149.98659,2.2755108,0.13722638231296375,nan,nan,,,,RAJ2000,DEJ2000,zsp,True
642873,6,135943.14-003424.5_642873_0.0001,150.25418963904067,2.271737961192609,0.16529999673366547,vizier,zCOSMOS_Lilly2007,J/ApJS/172/70/zcosmos3,1,150.254181,2.271746,0.042464465468873946,0.164900004863739,-0.00039999186992645264,True,824103,4.5,RAJ2000,DEJ2000,z,True
642979,11,074033.02+391542.8_642979_0.0001,150.24339887685036,2.273316712942188,0.7396000027656555,vizier,zCOSMOS_Lilly2007,J/ApJS/172/70/zcosmos3,1,150.243393,2.273319,0.022686759439454106,0.7390000224113464,-0.000599980354309082,True,824140,3.5,RAJ2000,DEJ2000,z,True
643283,9,151835.91+230028.6_643283_0.0001,150.52893174899796,2.276390012393617,1.8654999732971191,vizier,COSMOS_Ilbert2013_zspec,J/ApJS/206/8,1,150.52895,2.2764339,0.17109264780773523,nan,nan,,,,RAJ2000,DEJ2000,zsp,True
643426,4,081902.68+124420.5_643426_0.1,150.0996241506457,2.276500508320084,0.5339000225067139,vizier,zCOSMOS_Lilly2007,J/ApJS/172/70/zcosmos3,1,150.09964,2.276507,0.06161656172261271,0.5333999991416931,-0.000500023365020752,True,824838,3.5,RAJ2000,DEJ2000,z,True
643525,13,205458.94+745613.6_643525_0.01,149.640912546369,2.2762386815119067,0.5745999813079834,vizier,COSMOS_Ilbert2013_zspec,J/ApJS/206/8,1,149.64091,2.2762606,0.07943641970930652,0.5746,1.869201660120723e-08,True,827184,4.5,RAJ2000,DEJ2000,zsp,True
643678,2,080120.97+194803.9_643678_0.0001,149.72344711706415,2.2762324162152727,0.18649999797344208,vizier,COSMOS_Ilbert2013_zspec,J/ApJS/206/8,1,149.72345,2.2762401,0.02954167020375025,nan,nan,,,,RAJ2000,DEJ2000,zsp,True
643905,1,145231.00+025842.2_643905_0.3,149.81776828594684,2.275315763572528,0.38100001215934753,vizier,zCOSMOS_Lilly2007,J/ApJS/172/70/zcosmos3,1,149.817749,2.275322,0.0729170655498645,0.3804999887943268,-0.000500023365020752,True,826284,3.5,RAJ2000,DEJ2000,z,True
644415,3,085353.71+142920.2_644415_0.0003,149.78779119545896,2.2764507047781994,0.478300005197525,vizier,zCOSMOS_Lilly2007,J/ApJS/172/70/zcosmos3,1,149.787766,2.276458,0.09436051372486311,0.47780001163482666,-0.0004999935626983643,True,826441,3.5,RAJ2000,DEJ2000,z,True
645025,8,021558.40-011135.9_645025_0.001,150.36105349119921,2.2779671784152744,0.8356000185012817,vizier,zCOSMOS_Lilly2007,J/ApJS/172/70/zcosmos3,1,150.361053,2.277983,0.056985104770841434,0.8349999785423279,-0.0006000399589538574,True,823621,3.5,RAJ2000,DEJ2000,z,True
645846,22,074157.17+340531.0_645846_0.001,150.3037868771519,2.280933345141741,1.0872000455856323,vizier,COSMOS_Ilbert2013_zspec,J/ApJS/206/8,1,150.30379,2.280967,0.1216771357855141,nan,nan,,,,RAJ2000,DEJ2000,zsp,True
645886,46,082102.05+102437.3_645886_0.01,150.6260862952974,2.2802164401081635,1.065000057220459,vizier,COSMOS_Ilbert2013_zspec,J/ApJS/206/8,1,150.62608,2.2802489,0.11902955701728603,nan,nan,,,,RAJ2000,DEJ2000,zsp,True
646288,31,075910.07+383642.9_646288_0.03,150.10247470670214,2.2815475034425066,3.9839999675750732,vizier,COSMOS_Ilbert2013_zspec,J/ApJS/206/8,1,150.10246,2.2815382,0.06261292711418683,nan,nan,,,,RAJ2000,DEJ2000,zsp,True
646438,5,152757.67+223304.0_646438_0.01,149.6619457632299,2.2810829822615584,0.25209999084472656,vizier,zCOSMOS_Lilly2007,J/ApJS/172/70/zcosmos3,1,149.661957,2.281094,0.05663058993575974,0.2517000138759613,-0.0003999769687652588,True,827073,4.5,RAJ2000,DEJ2000,z,True
646489,3,153243.66-004342.4_646489_0.0003,149.64275348398422,2.277781533221957,0.30709999799728394,vizier,zCOSMOS_Lilly2007,J/ApJS/172/70/zcosmos3,1,149.642746,2.277803,0.08183522222797605,0.3066999912261963,-0.0004000067710876465,True,827172,3.5,RAJ2000,DEJ2000,z,True
646593,41,075816.62+342256.1_646593_1,150.24919306019802,2.281548359255925,1.7913000583648682,vizier,COSMOS_Ilbert2013_zspec,J/ApJS/206/8,1,150.24921,2.2815442,0.06274765115197366,nan,nan,,,,RAJ2000,DEJ2000,zsp,True
646610,11,160345.98+264923.6_646610_1,149.95832135308382,2.2815812224910093,0.47429999709129333,vizier,zCOSMOS_Lilly2007,J/ApJS/172/70/zcosmos3,1,149.958328,2.281599,0.06831954929707758,0.47380000352859497,-0.0004999935626983643,True,825597,4.5,RAJ2000,DEJ2000,z,True
646842,5,162057.18+161406.8_646842_0.0001,149.73870583135522,2.2811818467079066,0.5514000058174133,vizier,zCOSMOS_Lilly2007,J/ApJS/172/70/zcosmos3,1,149.738693,2.281185,0.04753173639780037,0.5508999824523926,-0.000500023365020752,True,826668,3.5,RAJ2000,DEJ2000,z,True
646875,2,160822.52+415852.7_646875_0.3,150.53684443125886,2.2815707334741027,0.8406999707221985,vizier,zCOSMOS_Lilly2007,J/ApJS/172/70/zcosmos3,1,150.536835,2.281582,0.05287740452428023,0.8400999903678894,-0.000599980354309082,True,822702,3.5,RAJ2000,DEJ2000,z,True
647235,7,142204.63+151046.6_647235_0.003,149.66763329882548,2.28239966965208,0.24719999730587006,vizier,zCOSMOS_Lilly2007,J/ApJS/172/70/zcosmos3,1,149.667633,2.282411,0.04080341370511727,0.2468000054359436,-0.00039999186992645264,True,827043,4.5,RAJ2000,DEJ2000,z,True
647311,26,145230.38+130227.3_647311_0.3,150.2597929626349,2.283126592717127,2.5127999782562256,vizier,COSMOS_Ilbert2013_zspec,J/ApJS/206/8,1,150.2598,2.2831364,0.043443619283317594,nan,nan,,,,RAJ2000,DEJ2000,zsp,True
647749,14,155458.01+053303.9_647749_1,150.5107695660073,2.283154376893159,1.8666000366210938,vizier,COSMOS_Ilbert2013_zspec,J/ApJS/206/8,1,150.51079,2.283195,0.16367621520799577,nan,nan,,,,RAJ2000,DEJ2000,zsp,True
647918,8,153529.87+235750.9_647918_0.0003,150.58668409721517,2.283212386763379,0.8330000042915344,vizier,COSMOS_Ilbert2013_zspec,J/ApJS/206/8,1,150.58665,2.2832415,0.16133284045317323,nan,nan,,,,RAJ2000,DEJ2000,zsp,True
647938,3,081850.01+490817.0_647938_0.0001,150.25126136458783,2.2840369303278902,2.9637999534606934,vizier,COSMOS_Ilbert2013_zspec,J/ApJS/206/8,1,150.25127,2.2840466,0.04665500859406462,nan,nan,,,,RAJ2000,DEJ2000,zsp,True
647997,2,075717.33+272222.4_647997_0.3,149.56894925290496,2.2825613369988993,0.7355999946594238,vizier,zCOSMOS_Lilly2007,J/ApJS/172/70/zcosmos3,1,149.568954,2.282576,0.05548004914654051,0.7350000143051147,-0.000599980354309082,True,827540,3.5,RAJ2000,DEJ2000,z,True
648095,12,075217.31+271726.4_648095_0.01,150.1353652832364,2.2829975352269614,0.6676999926567078,vizier,COSMOS_Ilbert2013_zspec,J/ApJS/206/8,1,150.13536,2.2830026,0.02633670535343318,0.6677,7.343292196537732e-09,True,824690,4.5,RAJ2000,DEJ2000,zsp,True
648704,6,083204.74+592354.1_648704_0.001,149.80575910873262,2.285543124636019,3.246999979019165,vizier,COSMOS_Ilbert2013_zspec,J/ApJS/206/8,1,149.80573,2.2855947,0.21316100954081488,nan,nan,,,,RAJ2000,DEJ2000,zsp,True
648753,4,143357.18+052950.8_648753_0.001,149.9118136679212,2.284189623749555,0.9348000288009644,vizier,zCOSMOS_Lilly2007,J/ApJS/172/70/zcosmos3,1,149.911804,2.284204,0.06235349659243287,0.9341999888420105,-0.0006000399589538574,True,825814,3.5,RAJ2000,DEJ2000,z,True
648821,7,085035.57+280213.7_648821_0.0001,149.77826929604478,2.284048845335125,0.3260999917984009,vizier,zCOSMOS_Lilly2007,J/ApJS/172/70/zcosmos3,1,149.778259,2.284049,0.03704049868217682,0.3257000148296356,-0.0003999769687652588,True,826500,3.5,RAJ2000,DEJ2000,z,True
648867,6,150056.24+040410.7_648867_0.01,149.700342218575,2.2849323412323437,1.1430000066757202,vizier,COSMOS_Ilbert2013_zspec,J/ApJS/206/8,1,149.70036,2.2849469,0.08269304285496029,nan,nan,,,,RAJ2000,DEJ2000,zsp,True
649185,1,173348.81+585651.0_649185_1,150.19978397500628,2.2845359070330264,0.4966999888420105,vizier,zCOSMOS_Lilly2007,J/ApJS/172/70/zcosmos3,1,150.199783,2.284541,0.018667115826432015,0.49619999527931213,-0.0004999935626983643,True,824391,3.5,RAJ2000,DEJ2000,z,True
649513,4,081059.78+300405.4_649513_0.003,149.467473137812,2.2855204426689637,0.16429999470710754,vizier,zCOSMOS_Lilly2007,J/ApJS/172/70/zcosmos3,1,149.467468,2.285524,0.022484798636733114,0.1639000028371811,-0.00039999186992645264,True,827925,4.5,RAJ2000,DEJ2000,z,True
650034,2,082012.76+344325.9_650034_0.001,149.9634078471093,2.2872141707106386,3.490000009536743,vizier,COSMOS_Ilbert2013_zspec,J/ApJS/206/8,1,149.96341,2.2872593,0.1626499089290097,nan,nan,,,,RAJ2000,DEJ2000,zsp,True
650666,6,083417.90+491439.2_650666_0.01,150.5351973876779,2.2850198711979357,0.1745000034570694,vizier,zCOSMOS_Lilly2007,J/ApJS/172/70/zcosmos3,1,150.535172,2.28502,0.0913241447109342,0.17409999668598175,-0.0004000067710876465,True,822713,4.5,RAJ2000,DEJ2000,z,True
651345,6,080337.41+364404.5_651345_0.03,150.55510080943762,2.287632140334551,0.36809998750686646,vizier,zCOSMOS_Lilly2007,J/ApJS/172/70/zcosmos3,1,150.555099,2.287631,0.007695256448578354,0.3675999939441681,-0.0004999935626983643,True,822601,4.5,RAJ2000,DEJ2000,z,True
651455,2,075546.20+541245.4_651455_0.03,149.53469555194405,2.2883927167704687,0.5343999862670898,vizier,COSMOS_Ilbert2013_zspec,J/ApJS/206/8,1,149.53468,2.288404,0.0691339312559485,0.5344,1.3732910142394417e-08,True,827656,3.5,RAJ2000,DEJ2000,zsp,True
651696,2,084400.86+125224.6_651696_0.03,149.93597821410287,2.290127933323977,2.5573999881744385,vizier,COSMOS_Ilbert2013_zspec,J/ApJS/206/8,1,149.93602,2.2901227,0.1514851949228885,nan,nan,,,,RAJ2000,DEJ2000,zsp,True
651759,3,151755.64+451543.9_651759_0.003,150.21830711987627,2.2883458102902385,0.47600001096725464,vizier,zCOSMOS_Lilly2007,J/ApJS/172/70/zcosmos3,1,150.218292,2.288348,0.05495645152113792,0.4754999876022339,-0.000500023365020752,True,824283,4.5,RAJ2000,DEJ2000,z,True
651917,3,084224.38+063116.7_651917_1,150.03573115594577,2.2895915387299017,2.4498000144958496,vizier,COSMOS_Ilbert2013_zspec,J/ApJS/206/8,1,150.03574,2.2896287,0.13751116236972072,nan,nan,,,,RAJ2000,DEJ2000,zsp,True
652007,7,085524.55+312152.1_652007_0.1,150.68226740365904,2.287749660374796,0.4997999966144562,vizier,zCOSMOS_Lilly2007,J/ApJS/172/70/zcosmos3,1,150.682266,2.287764,0.05186898816454138,0.4993000030517578,-0.0004999935626983643,True,822002,3.5,RAJ2000,DEJ2000,z,True
652110,11,150159.10+305300.6_652110_0.0003,150.2153522032615,2.290429777960124,0.1956000030040741,vizier,COSMOS_Ilbert2013_zspec,J/ApJS/206/8,1,150.21536,2.2904501,0.07835086706562956,nan,nan,,,,RAJ2000,DEJ2000,zsp,True
652184,10,025938.65-075601.7_652184_0.0003,149.56598221922133,2.290467337754962,0.8809999823570251,vizier,COSMOS_Ilbert2013_zspec,J/ApJS/206/8,1,149.56599,2.2904654,0.028844675795633504,nan,nan,,,,RAJ2000,DEJ2000,zsp,True
652284,15,162614.77+445801.0_652284_0.0003,150.12862438666295,2.2907370991765323,1.4049999713897705,vizier,COSMOS_Ilbert2013_zspec,J/ApJS/206/8,1,150.12865,2.2907269,0.0991810213803167,nan,nan,,,,RAJ2000,DEJ2000,zsp,True
652370,9,023240.83-092113.5_652370_1,150.16537948452046,2.2894080794980662,0.7279000282287598,vizier,COSMOS_Ilbert2013_zspec,J/ApJS/206/8,1,150.16537,2.2894154,0.04311025587736233,0.7279,-2.8228759774151513e-08,True,824544,3.5,RAJ2000,DEJ2000,zsp,True
652774,36,084741.62+112646.6_652774_0.03,149.73959176736554,2.2903772143801877,0.9259999990463257,vizier,COSMOS_Ilbert2013_zspec,J/ApJS/206/8,1,149.73961,2.2904081,0.12908997315099682,nan,nan,,,,RAJ2000,DEJ2000,zsp,True
652905,16,144244.23-010943.6_652905_0.003,150.38259829741034,2.2912863888260318,1.930899977684021,vizier,COSMOS_Ilbert2013_zspec,J/ApJS/206/8,1,150.3826,2.2913117,0.09132581336028392,nan,nan,,,,RAJ2000,DEJ2000,zsp,True
653677,3,080351.92+543759.8_653677_0.03,150.33576846108,2.2925022904631245,2.217900037765503,vizier,COSMOS_Ilbert2013_zspec,J/ApJS/206/8,1,150.33577,2.2925453,0.15493325765578178,nan,nan,,,,RAJ2000,DEJ2000,zsp,True
653696,1,081318.52+310607.0_653696_0.3,149.5729708600642,2.2914712232600616,1.1274000406265259,vizier,COSMOS_Ilbert2013_zspec,J/ApJS/206/8,1,149.57298,2.291467,0.03622265615394986,1.1274,-4.062652592118354e-08,True,827514,3.5,RAJ2000,DEJ2000,zsp,True
654145,1,090325.66+300525.0_654145_1,150.35268980068773,2.291502941812638,0.5378000140190125,vizier,zCOSMOS_Lilly2007,J/ApJS/172/70/zcosmos3,1,150.352692,2.291501,0.010557197456434972,0.5372999906539917,-0.000500023365020752,True,823666,3.5,RAJ2000,DEJ2000,z,True
654210,8,162107.48+290350.3_654210_0.001,150.26437996762485,2.293815944034631,2.9658000469207764,vizier,COSMOS_Ilbert2013_zspec,J/ApJS/206/8,1,150.26437,2.2938061,0.05041277931275566,nan,nan,,,,RAJ2000,DEJ2000,zsp,True
654255,5,160911.38+470416.0_654255_0.0001,149.52229889913596,2.292719263154891,0.9077000021934509,vizier,COSMOS_Ilbert2013_zspec,J/ApJS/206/8,1,149.52229,2.2927198,0.03206953098197747,0.9077,-2.1934509764065524e-09,True,827713,3.5,RAJ2000,DEJ2000,zsp,True
655522,13,084704.39+375836.0_655522_0.003,150.52862689938692,2.292917227823791,0.7479000091552734,vizier,zCOSMOS_Lilly2007,J/ApJS/172/70/zcosmos3,1,150.52861,2.292906,0.0730007016646079,0.7473000288009644,-0.000599980354309082,True,829536,3.5,RAJ2000,DEJ2000,z,True
655560,5,144256.86-004501.0_655560_1,149.8456310340058,2.29576975204246,2.226300001144409,vizier,COSMOS_Ilbert2013_zspec,J/ApJS/206/8,1,149.8456,2.2958088,0.17950637623113933,nan,nan,,,,RAJ2000,DEJ2000,zsp,True
656244,6,162107.48+290350.3_656244_0.0003,150.25685224507959,2.2968738075211355,2.958899974822998,vizier,COSMOS_Ilbert2013_zspec,J/ApJS/206/8,1,150.25684,2.2968569,0.07513273409884298,nan,nan,,,,RAJ2000,DEJ2000,zsp,True
656322,2,035024.19-045315.5_656322_0.003,149.77438351284135,2.2958113426363025,0.7120000123977661,vizier,COSMOS_Ilbert2013_zspec,J/ApJS/206/8,1,149.7744,2.2958055,0.06292554916229859,nan,nan,,,,RAJ2000,DEJ2000,zsp,True
656493,5,164707.46+412513.6_656493_0.0001,150.3432009881994,2.297188457115744,1.409999966621399,vizier,COSMOS_Ilbert2013_zspec,J/ApJS/206/8,1,150.34322,2.2971976,0.07589600723399155,nan,nan,,,,RAJ2000,DEJ2000,zsp,True
656775,1,080248.19+551328.8_656775_0.1,149.9444665975711,2.296355087174233,0.6687999963760376,vizier,zCOSMOS_Lilly2007,J/ApJS/172/70/zcosmos3,1,149.944473,2.296341,0.05569815062950074,0.6682000160217285,-0.000599980354309082,True,832599,3.5,RAJ2000,DEJ2000,z,True
656902,3,171700.73+414013.5_656902_0.03,149.72585300847356,2.2957430484163184,2.2044999599456787,vizier,COSMOS_Ilbert2013_zspec,J/ApJS/206/8,1,149.72588,2.2957509,0.10112225292736875,nan,nan,,,,RAJ2000,DEJ2000,zsp,True
657765,1,154735.22+361325.9_657765_0.3,149.7848564614525,2.295803410352095,0.5324000120162964,vizier,COSMOS_Ilbert2013_zspec,J/ApJS/206/8,1,149.78488,2.2957995,0.08583301249193694,0.5324,-1.201629640235069e-08,True,833413,4.5,RAJ2000,DEJ2000,zsp,True
658106,4,145357.38+130856.1_658106_0.003,150.2760341492987,2.299876225107985,3.5190000534057617,vizier,COSMOS_Ilbert2013_zspec,J/ApJS/206/8,1,150.27603,2.2998819,0.025300945893252373,nan,nan,,,,RAJ2000,DEJ2000,zsp,True
658665,57,153930.24+285035.2_658665_0.3,150.20106458067025,2.3006544185886355,3.6549999713897705,vizier,COSMOS_Ilbert2013_zspec,J/ApJS/206/8,1,150.20105,2.3006639,0.06257691767227748,nan,nan,,,,RAJ2000,DEJ2000,zsp,True
658785,1,092125.20+570301.6_658785_0.0001,150.3483191715386,2.3003040502785823,1.802299976348877,vizier,COSMOS_Ilbert2013_zspec,J/ApJS/206/8,1,150.34831,2.3003187,0.06220774433775832,nan,nan,,,,RAJ2000,DEJ2000,zsp,True
659352,2,154842.02+091332.6_659352_1,150.219490914558,2.300824623013719,1.5180000066757202,vizier,COSMOS_Ilbert2013_zspec,J/ApJS/206/8,1,150.21951,2.300823,0.06890038830161636,nan,nan,,,,RAJ2000,DEJ2000,zsp,True
659638,6,161248.41+170041.1_659638_0.1,149.93860220786726,2.301565711632925,2.261399984359741,vizier,COSMOS_Ilbert2013_zspec,J/ApJS/206/8,1,149.93861,2.3015289,0.1354535930588309,nan,nan,,,,RAJ2000,DEJ2000,zsp,True
659714,3,163352.27+361916.9_659714_0.1,150.31331381093463,2.2991318582228017,0.6680999994277954,vizier,zCOSMOS_Lilly2007,J/ApJS/172/70/zcosmos3,1,150.313293,2.299113,0.1010587761640251,0.6675000190734863,-0.000599980354309082,True,830675,3.5,RAJ2000,DEJ2000,z,True
659718,2,163824.53+465935.3_659718_0.1,150.32828845555605,2.301876472073735,1.2589999437332153,vizier,COSMOS_Ilbert2013_zspec,J/ApJS/206/8,1,150.32829,2.3018565,0.0721137770676677,nan,nan,,,,RAJ2000,DEJ2000,zsp,True
659957,1,083104.14+070932.0_659957_0.1,150.1612466462966,2.301262332122469,0.4122999906539917,vizier,COSMOS_Ilbert2013_zspec,J/ApJS/206/8,1,150.16124,2.3012657,0.02680601574767198,0.4123,9.346008300603614e-09,True,831411,3.5,RAJ2000,DEJ2000,zsp,True
660035,3,150231.12+400613.2_660035_1,149.68151654409027,2.2976643850710725,0.3398999869823456,vizier,COSMOS_Ilbert2013_zspec,J/ApJS/206/8,1,149.68153,2.2976565,0.05611207586967036,0.3399,1.301765439887248e-08,True,833961,3.5,RAJ2000,DEJ2000,zsp,True
660714,25,085558.38+591514.9_660714_0.001,149.86132370239304,2.3035767718135776,3.5139999389648438,vizier,COSMOS_Ilbert2013_zspec,J/ApJS/206/8,1,149.86131,2.3035734,0.05076145141650497,nan,nan,,,,RAJ2000,DEJ2000,zsp,True
660848,12,073820.28+412716.0_660848_0.0003,149.92603529041335,2.3039978365222784,3.0350000858306885,vizier,COSMOS_Ilbert2013_zspec,J/ApJS/206/8,1,149.92604,2.3039236,0.2677878723643583,nan,nan,,,,RAJ2000,DEJ2000,zsp,True
661259,2,033627.43+000442.9_661259_1,150.25156009011891,2.3016143190817693,0.38589999079704285,vizier,COSMOS_Ilbert2013_zspec,J/ApJS/206/8,1,150.25159,2.3016021,0.11623396670736116,0.3859,9.202957174103688e-09,True,830985,3.5,RAJ2000,DEJ2000,zsp,True
661714,1,153458.50+024214.0_661714_1,149.97133417814894,2.302839299075518,0.38019999861717224,vizier,zCOSMOS_Lilly2007,J/ApJS/172/70/zcosmos3,1,149.971329,2.302819,0.07541311782077156,0.3797000050544739,-0.0004999935626983643,True,832470,3.5,RAJ2000,DEJ2000,z,True
661852,4,144033.82+044830.9_661852_0.001,150.1761042558809,2.3045586517877714,1.23580002784729,vizier,COSMOS_Ilbert2013_zspec,J/ApJS/206/8,1,150.17612,2.3045585,0.05663562304698173,nan,nan,,,,RAJ2000,DEJ2000,zsp,True
662923,5,144240.79+052423.2_662923_0.1,149.85984656966195,2.304956242032421,0.10819999873638153,vizier,zCOSMOS_Lilly2007,J/ApJS/172/70/zcosmos3,1,149.859833,2.304937,0.08474110182218743,0.10779999941587448,-0.00039999932050704956,True,833028,4.5,RAJ2000,DEJ2000,z,True
663120,4,151529.83+361319.2_663120_0.3,150.12464353985177,2.306774501583948,0.6859999895095825,vizier,COSMOS_Ilbert2013_zspec,J/ApJS/206/8,1,150.12463,2.3067775,0.04988580200172488,nan,nan,,,,RAJ2000,DEJ2000,zsp,True
663183,1,155816.71+475645.5_663183_0.3,150.0798197941985,2.3068228862338693,2.6786000728607178,vizier,COSMOS_Ilbert2013_zspec,J/ApJS/206/8,1,150.07983,2.3067887,0.1284291219728516,nan,nan,,,,RAJ2000,DEJ2000,zsp,True
663246,4,073557.00+294221.6_663246_0.0001,150.23627447260347,2.3070513684235388,1.9426000118255615,vizier,COSMOS_Ilbert2013_zspec,J/ApJS/206/8,1,150.2363,2.3070512,0.09182614074226444,nan,nan,,,,RAJ2000,DEJ2000,zsp,True
663664,3,081844.96+032318.3_663664_0.0001,150.2811144718311,2.307946893141957,1.8229999542236328,vizier,COSMOS_Ilbert2013_zspec,J/ApJS/206/8,1,150.28111,2.3080151,0.24607100323846298,nan,nan,,,,RAJ2000,DEJ2000,zsp,True
663776,7,164631.66+211221.6_663776_1,149.63969582514486,2.3071146681778756,0.7799999713897705,vizier,COSMOS_Ilbert2013_zspec,J/ApJS/206/8,1,149.63972,2.3070948,0.11259549156513309,nan,nan,,,,RAJ2000,DEJ2000,zsp,True
663911,1,034830.29-063952.0_663911_1,149.5764065913467,2.304936235524962,0.48899999260902405,vizier,COSMOS_Ilbert2013_zspec,J/ApJS/206/8,1,149.57642,2.3049202,0.0752252916739407,nan,nan,,,,RAJ2000,DEJ2000,zsp,True
664030,1,095906.79+594405.0_664030_0.01,150.5856979323277,2.3040519467264673,0.4731999933719635,vizier,COSMOS_Ilbert2013_zspec,J/ApJS/206/8,1,150.58571,2.304049,0.04468592597892691,0.4732,6.628036508526947e-09,True,829256,4.5,RAJ2000,DEJ2000,zsp,True
664183,4,155639.96+395318.8_664183_1,149.97026736056907,2.309163561464241,3.0415000915527344,vizier,COSMOS_Ilbert2013_zspec,J/ApJS/206/8,1,149.97028,2.3091407,0.09402428252899137,nan,nan,,,,RAJ2000,DEJ2000,zsp,True
664628,2,174405.66+540713.9_664628_0.3,150.37876577620048,2.3082597899431687,0.4302000105381012,vizier,zCOSMOS_Lilly2007,J/ApJS/172/70/zcosmos3,1,150.378769,2.30824,0.07218138032020993,0.42969998717308044,-0.000500023365020752,True,830348,4.5,RAJ2000,DEJ2000,z,True
664716,2,164018.61+113258.6_664716_0.01,149.46600014415117,2.3082831454331685,0.552299976348877,vizier,zCOSMOS_Lilly2007,J/ApJS/172/70/zcosmos3,1,149.466003,2.308254,0.10542524349037115,0.551800012588501,-0.0004999637603759766,True,834973,3.5,RAJ2000,DEJ2000,z,True
664769,1,170726.96+353524.0_664769_0.0003,149.67757161959432,2.30752881561598,0.37209999561309814,vizier,zCOSMOS_Lilly2007,J/ApJS/172/70/zcosmos3,1,149.677551,2.307517,0.08550187261180024,0.3716000020503998,-0.0004999935626983643,True,833980,3.5,RAJ2000,DEJ2000,z,True
664864,6,015259.46+142738.0_664864_0.03,150.34176334244046,2.3085002782334074,0.3107999861240387,vizier,zCOSMOS_Lilly2007,J/ApJS/172/70/zcosmos3,1,150.341736,2.308488,0.10782892997704034,0.31040000915527344,-0.0003999769687652588,True,830537,4.5,RAJ2000,DEJ2000,z,True
665223,14,150418.76-015039.7_665223_0.0003,150.08151552376717,2.309694556239469,1.847000002861023,vizier,COSMOS_Ilbert2013_zspec,J/ApJS/206/8,1,150.08151,2.3096638,0.11249114159156358,nan,nan,,,,RAJ2000,DEJ2000,zsp,True
665496,3,154007.84+141137.0_665496_0.003,150.5248286910113,2.3085552841402777,0.12720000743865967,vizier,zCOSMOS_Lilly2007,J/ApJS/172/70/zcosmos3,1,150.524826,2.308524,0.11303812117159875,0.12680000066757202,-0.0004000067710876465,True,829553,3.5,RAJ2000,DEJ2000,z,True
665704,3,144717.47-012442.4_665704_0.01,149.92408108515357,2.3115066425285034,2.1514999866485596,vizier,COSMOS_Ilbert2013_zspec,J/ApJS/206/8,1,149.92412,2.3114798,0.17009469353702342,nan,nan,,,,RAJ2000,DEJ2000,zsp,True
665967,3,091408.97+403022.3_665967_1,150.61294844732606,2.3110757917443703,1.541200041770935,vizier,COSMOS_Ilbert2013_zspec,J/ApJS/206/8,1,150.61298,2.3110783,0.11385586527063664,nan,nan,,,,RAJ2000,DEJ2000,zsp,True
666201,2,085648.66+141321.9_666201_1,150.64653504655794,2.3092354716421184,0.3287999927997589,vizier,zCOSMOS_Lilly2007,J/ApJS/172/70/zcosmos3,1,150.64653,2.309221,0.05516990610222802,0.32839998602867126,-0.0004000067710876465,True,828933,4.5,RAJ2000,DEJ2000,z,True
666591,3,161134.74+384907.6_666591_0.03,150.1378049686228,2.3095835085515577,0.4609000086784363,vizier,COSMOS_Ilbert2013_zspec,J/ApJS/206/8,1,150.1378,2.3095798,0.022308522060761,0.4609,-8.678436302922421e-09,True,831525,4.5,RAJ2000,DEJ2000,zsp,True
667008,4,164802.37+242916.9_667008_0.0001,149.95025096462734,2.311452774391773,0.7896000146865845,vizier,zCOSMOS_Lilly2007,J/ApJS/172/70/zcosmos3,1,149.950256,2.311443,0.03957585123859281,0.7889999747276306,-0.0006000399589538574,True,832569,3.5,RAJ2000,DEJ2000,z,True
667115,11,075430.29+255445.1_667115_0.01,149.69058144553088,2.3129260242892076,1.076300024986267,vizier,COSMOS_Ilbert2013_zspec,J/ApJS/206/8,1,149.69061,2.3128984,0.14296719571117103,nan,nan,,,,RAJ2000,DEJ2000,zsp,True
667168,2,103629.06+615001.7_667168_1,150.19302371038043,2.3130392571556997,1.6030000448226929,vizier,COSMOS_Ilbert2013_zspec,J/ApJS/206/8,1,150.19302,2.3130546,0.05682384983909725,nan,nan,,,,RAJ2000,DEJ2000,zsp,True
667338,2,155450.57+071529.7_667338_0.001,150.01615795340507,2.312773122070001,1.0925999879837036,vizier,zCOSMOS_Lilly2007,J/ApJS/172/70/zcosmos3,1,150.016159,2.312756,0.06175430999885771,1.0918999910354614,-0.0006999969482421875,True,832240,3.5,RAJ2000,DEJ2000,z,True
667346,5,161231.35+184055.1_667346_0.1,150.19109986290894,2.3104501574150023,0.7501000165939331,vizier,zCOSMOS_Lilly2007,J/ApJS/172/70/zcosmos3,1,150.191101,2.310442,0.02965016784756054,0.7494999766349792,-0.0006000399589538574,True,831273,3.5,RAJ2000,DEJ2000,z,True
667387,12,151502.03+102807.9_667387_0.003,149.9519730248785,2.312964092991251,1.2489999532699585,vizier,COSMOS_Ilbert2013_zspec,J/ApJS/206/8,1,149.95197,2.3129652,0.01158755806897011,nan,nan,,,,RAJ2000,DEJ2000,zsp,True
667833,2,102653.81+590330.7_667833_0.3,149.96938492438437,2.3131147726841164,0.3776000142097473,vizier,COSMOS_Ilbert2013_zspec,J/ApJS/206/8,1,149.96938,2.3131058,0.03683964977345246,0.3776,-1.4209747323246091e-08,True,832475,4.5,RAJ2000,DEJ2000,zsp,True
668295,8,165828.92+363902.9_668295_0.01,149.59489735223042,2.3135984853170712,0.8373000025749207,vizier,zCOSMOS_Lilly2007,J/ApJS/172/70/zcosmos3,1,149.594879,2.313587,0.07789388465514265,0.8367000222206116,-0.000599980354309082,True,834412,3.5,RAJ2000,DEJ2000,z,True
668691,5,152900.10+342905.5_668691_1,149.9550271022801,2.3156304042219005,2.000999927520752,vizier,COSMOS_Ilbert2013_zspec,J/ApJS/206/8,1,149.95505,2.3156354,0.08430516231992377,nan,nan,,,,RAJ2000,DEJ2000,zsp,True
668713,2,092355.84+342207.5_668713_1,149.8750300467624,2.315750242411869,2.0157999992370605,vizier,COSMOS_Ilbert2013_zspec,J/ApJS/206/8,1,149.87502,2.3157523,0.03689013018565125,nan,nan,,,,RAJ2000,DEJ2000,zsp,True
668914,3,155722.59+445854.4_668914_0.03,150.63856756824583,2.3155381294753914,0.3416999876499176,vizier,zCOSMOS_Lilly2007,J/ApJS/172/70/zcosmos3,1,150.638565,2.315508,0.10885880982484931,0.34130001068115234,-0.0003999769687652588,True,828975,3.5,RAJ2000,DEJ2000,z,True
669135,2,152013.98+253438.2_669135_0.003,149.918094245118,2.316373160001258,1.4589999914169312,vizier,COSMOS_Ilbert2013_zspec,J/ApJS/206/8,1,149.91808,2.3163495,0.09940091953278594,nan,nan,,,,RAJ2000,DEJ2000,zsp,True
669230,6,082946.82+185222.5_669230_0.0001,150.02170273937674,2.316268326774772,1.7890000343322754,vizier,COSMOS_Ilbert2013_zspec,J/ApJS/206/8,1,150.02171,2.3162806,0.05132526948759387,nan,nan,,,,RAJ2000,DEJ2000,zsp,True
669526,3,075718.02+321320.7_669526_0.01,150.26728705272774,2.31714224109109,1.4589999914169312,vizier,COSMOS_Ilbert2013_zspec,J/ApJS/206/8,1,150.2673,2.3170879,0.20109511152958034,nan,nan,,,,RAJ2000,DEJ2000,zsp,True
669714,2,152337.07+154801.5_669714_0.3,150.1896759143066,2.316031711369254,0.7519000172615051,vizier,zCOSMOS_Lilly2007,J/ApJS/172/70/zcosmos3,1,150.189682,2.31601,0.08116852368553745,0.7512999773025513,-0.0006000399589538574,True,831281,3.5,RAJ2000,DEJ2000,z,True
669934,1,152008.43+442428.9_669934_0.003,150.0231462911002,2.3178895599520324,2.6868999004364014,vizier,COSMOS_Ilbert2013_zspec,J/ApJS/206/8,1,150.02315,2.317894,0.02082016137471327,nan,nan,,,,RAJ2000,DEJ2000,zsp,True
670260,3,171304.46+352333.5_670260_0.003,149.9133440687946,2.31601451885528,0.08889999985694885,vizier,zCOSMOS_Lilly2007,J/ApJS/172/70/zcosmos3,1,149.913345,2.315999,0.05596820286465822,0.0885000005364418,-0.00039999932050704956,True,832752,4.5,RAJ2000,DEJ2000,z,True
670548,1,030000.57+004828.0_670548_0.001,150.22871459306646,2.3160493068645076,0.8977000117301941,vizier,COSMOS_Ilbert2013_zspec,J/ApJS/206/8,1,150.22873,2.3160491,0.055424655664409635,0.8977,-1.1730194038328534e-08,True,831094,4.5,RAJ2000,DEJ2000,zsp,True
670702,10,142101.03+133727.5_670702_0.1,149.8862332287515,2.3184256187201275,1.2317999601364136,vizier,COSMOS_Ilbert2013_zspec,J/ApJS/206/8,1,149.88626,2.3184576,0.1500957884710038,nan,nan,,,,RAJ2000,DEJ2000,zsp,True
671669,2,153428.56+480028.7_671669_0.1,150.11273481580844,2.3194478208018827,2.1600000858306885,vizier,COSMOS_Ilbert2013_zspec,J/ApJS/206/8,1,150.11275,2.3194294,0.08591171917673987,nan,nan,,,,RAJ2000,DEJ2000,zsp,True
671685,2,141504.54+155800.5_671685_1,149.46907359058048,2.3178257800648994,0.3587999939918518,vizier,zCOSMOS_Lilly2007,J/ApJS/172/70/zcosmos3,1,149.46907,2.317806,0.07237004250914665,0.35830000042915344,-0.0004999935626983643,True,834959,3.5,RAJ2000,DEJ2000,z,True
671971,1,160524.82+433655.9_671971_0.1,150.32195802564348,2.3195585780573147,0.6668999791145325,vizier,zCOSMOS_Lilly2007,J/ApJS/172/70/zcosmos3,1,150.32193,2.319532,0.13898719552080324,0.6662999987602234,-0.000599980354309082,True,830628,3.5,RAJ2000,DEJ2000,z,True
672199,3,084316.93+050640.1_672199_0.1,149.64569347575429,2.321018929314697,2.4017999172210693,vizier,COSMOS_Ilbert2013_zspec,J/ApJS/206/8,1,149.64574,2.3209968,0.18534448882752722,nan,nan,,,,RAJ2000,DEJ2000,zsp,True
672329,4,142304.61+072009.2_672329_0.0001,149.93355063129806,2.320232018273698,0.6909999847412109,vizier,zCOSMOS_Lilly2007,J/ApJS/172/70/zcosmos3,1,149.933563,2.320213,0.08165168096624155,0.691100001335144,0.00010001659393310547,True,832649,3.5,RAJ2000,DEJ2000,z,True
672358,2,083422.11+074113.2_672358_0.1,150.58910588322928,2.318722971852665,0.7296000123023987,vizier,COSMOS_Ilbert2013_zspec,J/ApJS/206/8,1,150.5891,2.3187318,0.03818239421742207,0.7296,-1.2302398655350544e-08,True,829239,4.5,RAJ2000,DEJ2000,zsp,True
672393,1,160050.41+322054.4_672393_0.1,150.06944299039762,2.3212125600715745,2.0833001136779785,vizier,COSMOS_Ilbert2013_zspec,J/ApJS/206/8,1,150.06943,2.3212264,0.06830683209251283,nan,nan,,,,RAJ2000,DEJ2000,zsp,True
673293,14,155140.62+094943.1_673293_0.0001,150.35140722519668,2.322422705315436,3.1103999614715576,vizier,COSMOS_Ilbert2013_zspec,J/ApJS/206/8,1,150.35141,2.3224247,0.012295808558979899,nan,nan,,,,RAJ2000,DEJ2000,zsp,True
674781,2,075626.44+132541.1_674781_0.1,149.99343944248668,2.322315268121913,0.4726000130176544,vizier,COSMOS_Ilbert2013_zspec,J/ApJS/206/8,1,149.99344,2.3223217,0.023241441208414298,0.4726,-1.301765439887248e-08,True,832359,4.5,RAJ2000,DEJ2000,zsp,True
674894,1,082549.26+173348.5_674894_0.0001,150.0093848117177,2.324415542339693,0.2184000015258789,vizier,COSMOS_Ilbert2013_zspec,J/ApJS/206/8,1,150.00937,2.3244011,0.07444320268975164,nan,nan,,,,RAJ2000,DEJ2000,zsp,True
676930,6,095750.03+530104.7_676930_0.3,150.31315551566374,2.323849244723705,0.4300000071525574,vizier,COSMOS_Ilbert2013_zspec,J/ApJS/206/8,1,150.31317,2.3238423,0.05778871972493878,nan,nan,,,,RAJ2000,DEJ2000,zsp,True
677448,7,162307.39+300406.0_677448_0.0001,149.86300415831732,2.328319309287473,1.1619999408721924,vizier,COSMOS_Ilbert2013_zspec,J/ApJS/206/8,1,149.86299,2.3283248,0.054629336129538617,nan,nan,,,,RAJ2000,DEJ2000,zsp,True
677469,6,040441.53-062942.7_677469_0.001,149.97032859788763,2.3283753298359815,1.4589999914169312,vizier,COSMOS_Ilbert2013_zspec,J/ApJS/206/8,1,149.97031,2.3283615,0.0833907115398307,nan,nan,,,,RAJ2000,DEJ2000,zsp,True
678254,1,140331.83+040455.1_678254_0.01,149.9683942722148,2.32721309096704,0.357699990272522,vizier,COSMOS_Ilbert2013_zspec,J/ApJS/206/8,1,149.9684,2.3272171,0.02515515887777086,0.3577,9.727478045284954e-09,True,832480,4.5,RAJ2000,DEJ2000,zsp,True
678699,1,081520.66+273616.9_678699_0.003,149.55614939976962,2.3293681598667413,0.9117000102996826,vizier,COSMOS_Ilbert2013_zspec,J/ApJS/206/8,1,149.55615,2.3293579,0.03699856926794471,0.9117,-1.0299682662306964e-08,True,834603,4.5,RAJ2000,DEJ2000,zsp,True
678946,5,170237.72+394135.1_678946_0.003,150.31922007822538,2.328652926689399,0.6653000116348267,vizier,zCOSMOS_Lilly2007,J/ApJS/172/70/zcosmos3,1,150.319199,2.328631,0.10945052783700449,0.6646999716758728,-0.0006000399589538574,True,830642,4.5,RAJ2000,DEJ2000,z,True
679255,1,030214.27-072021.0_679255_0.3,149.57496778004534,2.3300229402923303,0.7450000047683716,vizier,COSMOS_Ilbert2013_zspec,J/ApJS/206/8,1,149.57498,2.3300173,0.04841877857968713,nan,nan,,,,RAJ2000,DEJ2000,zsp,True
679552,2,165806.76+611858.9_679552_0.01,150.61380911479014,2.331215382383364,2.6238999366760254,vizier,COSMOS_Ilbert2013_zspec,J/ApJS/206/8,1,150.61377,2.3312452,0.17696941032421815,nan,nan,,,,RAJ2000,DEJ2000,zsp,True
680125,1,073623.13+392617.7_680125_0.03,149.73830072147695,2.328842759011964,0.12460000067949295,vizier,zCOSMOS_Lilly2007,J/ApJS/172/70/zcosmos3,1,149.738297,2.328826,0.06179963935779571,0.1242000013589859,-0.00039999932050704956,True,833672,3.5,RAJ2000,DEJ2000,z,True
680215,1,080644.42+484149.2_680215_0.03,150.0093600042967,2.3311130645817397,0.37869998812675476,vizier,COSMOS_Ilbert2013_zspec,J/ApJS/206/8,1,150.00937,2.3311176,0.039488374316301825,0.3787,1.1873245220339612e-08,True,832275,3.5,RAJ2000,DEJ2000,zsp,True
680259,3,151318.20+010952.6_680259_0.001,150.17631036984614,2.327681079759284,0.21969999372959137,vizier,COSMOS_Ilbert2013_zspec,J/ApJS/206/8,1,150.17632,2.3276718,0.048124449162256104,0.2197,6.270408636765978e-09,True,831341,3.5,RAJ2000,DEJ2000,zsp,True
681385,6,080118.88+203556.2_681385_0.0001,150.1174467223465,2.333972023131263,0.24860000610351562,vizier,COSMOS_Ilbert2013_zspec,J/ApJS/206/8,1,150.11745,2.3340111,0.1411698982693034,nan,nan,,,,RAJ2000,DEJ2000,zsp,True
682046,8,142713.33+260939.7_682046_0.0001,150.53842333134665,2.335028155277002,3.2988998889923096,vizier,COSMOS_Ilbert2013_zspec,J/ApJS/206/8,1,150.53842,2.3350348,0.026754514116523645,nan,nan,,,,RAJ2000,DEJ2000,zsp,True
683006,1,152626.61+412939.4_683006_0.1,149.87230937098082,2.3364061027749705,2.680999994277954,vizier,COSMOS_Ilbert2013_zspec,J/ApJS/206/8,1,149.8723,2.3363869,0.07691001336955454,nan,nan,,,,RAJ2000,DEJ2000,zsp,True
683483,2,160623.23+343955.9_683483_0.001,150.15417115769975,2.334799218837687,0.7588000297546387,vizier,zCOSMOS_Lilly2007,J/ApJS/172/70/zcosmos3,1,150.154175,2.334784,0.05650415207945888,0.7581999897956848,-0.0006000399589538574,True,831450,4.5,RAJ2000,DEJ2000,z,True
683566,1,153751.12+023411.0_683566_1,150.73064444996334,2.335166797785816,0.6722999811172485,vizier,zCOSMOS_Lilly2007,J/ApJS/172/70/zcosmos3,1,150.730621,2.335145,0.11520738714800653,0.6717000007629395,-0.000599980354309082,True,828521,3.5,RAJ2000,DEJ2000,z,True
683977,2,082038.86+310026.6_683977_0.3,150.1187514789602,2.3375837427907435,2.5566000938415527,vizier,COSMOS_Ilbert2013_zspec,J/ApJS/206/8,1,150.11874,2.3376079,0.09627009030668492,nan,nan,,,,RAJ2000,DEJ2000,zsp,True
684064,1,163410.75+463521.5_684064_0.1,150.5161075864007,2.335520880369711,0.3619000017642975,vizier,zCOSMOS_Lilly2007,J/ApJS/172/70/zcosmos3,1,150.516098,2.335507,0.06071217532116599,0.3614000082015991,-0.0004999935626983643,True,829589,3.5,RAJ2000,DEJ2000,z,True
684212,5,092108.61+453857.3_684212_0.0003,149.84420791313602,2.337272305112622,0.1738000065088272,vizier,COSMOS_Ilbert2013_zspec,J/ApJS/206/8,1,149.84421,2.3372719,0.007646822444100743,nan,nan,,,,RAJ2000,DEJ2000,zsp,True
684249,8,144016.02+202114.1_684249_1,150.64315521130254,2.3338497274763985,0.21410000324249268,vizier,COSMOS_Ilbert2013_zspec,J/ApJS/206/8,1,150.64317,2.3338354,0.07409526589972638,0.2141,-3.2424926632579343e-09,True,828953,3.5,RAJ2000,DEJ2000,zsp,True
684268,4,154858.69+110436.4_684268_1,149.85903323543047,2.337574324739945,1.2280000448226929,vizier,COSMOS_Ilbert2013_zspec,J/ApJS/206/8,1,149.85905,2.3375685,0.06384403213873319,nan,nan,,,,RAJ2000,DEJ2000,zsp,True
684326,13,171304.46+352333.5_684326_0.001,149.9324513258519,2.337753756090719,0.09210000187158585,vizier,COSMOS_Ilbert2013_zspec,J/ApJS/206/8,1,149.93245,2.3377604,0.024388901106355856,nan,nan,,,,RAJ2000,DEJ2000,zsp,True
684700,4,164941.87+401455.9_684700_0.3,150.18218138951232,2.3384036565171575,1.2359999418258667,vizier,COSMOS_Ilbert2013_zspec,J/ApJS/206/8,1,150.18217,2.3384125,0.05188400929914913,nan,nan,,,,RAJ2000,DEJ2000,zsp,True
685920,2,161032.83+141940.5_685920_0.1,149.92134530137116,2.339192293387509,0.49239999055862427,vizier,zCOSMOS_Lilly2007,J/ApJS/172/70/zcosmos3,1,149.921341,2.339165,0.09946689732049713,0.4918999969959259,-0.0004999935626983643,True,832706,3.5,RAJ2000,DEJ2000,z,True
686279,4,103623.11+622849.2_686279_0.0003,150.0449383661562,2.3401295594396174,0.5958999991416931,vizier,zCOSMOS_Lilly2007,J/ApJS/172/70/zcosmos3,1,150.044937,2.34012,0.03476305788425672,0.5953999757766724,-0.000500023365020752,True,832077,4.5,RAJ2000,DEJ2000,z,True
686298,10,144049.11+222825.3_686298_0.0003,150.1892399443858,2.3404077015844456,1.406000018119812,vizier,COSMOS_Ilbert2013_zspec,J/ApJS/206/8,1,150.18924,2.3404145,0.02447511352530337,nan,nan,,,,RAJ2000,DEJ2000,zsp,True
686767,4,172130.96+584404.7_686767_1,149.9792797306724,2.340419652562634,1.0029000043869019,vizier,COSMOS_Ilbert2013_zspec,J/ApJS/206/8,1,149.97928,2.3404064,0.04771906026406307,1.0029,-4.386901952813105e-09,True,832430,3.5,RAJ2000,DEJ2000,zsp,True
686794,8,145603.08+011445.4_686794_0.03,150.1457974720149,2.341328024210362,2.359100103378296,vizier,COSMOS_Ilbert2013_zspec,J/ApJS/206/8,1,150.14578,2.3413141,0.08038933534195394,nan,nan,,,,RAJ2000,DEJ2000,zsp,True
687078,6,024015.80+285822.1_687078_0.0003,150.28670404917554,2.3420039589139963,2.907399892807007,vizier,COSMOS_Ilbert2013_zspec,J/ApJS/206/8,1,150.28676,2.3420141,0.20453921314667192,nan,nan,,,,RAJ2000,DEJ2000,zsp,True
687210,4,160252.65+493914.5_687210_1,150.34555065762532,2.342102606646481,1.801800012588501,vizier,COSMOS_Ilbert2013_zspec,J/ApJS/206/8,1,150.34558,2.3421052,0.10595642033476363,nan,nan,,,,RAJ2000,DEJ2000,zsp,True
687359,1,154511.29+223856.0_687359_0.01,150.52217367322726,2.340785025481138,0.22200000286102295,vizier,zCOSMOS_Lilly2007,J/ApJS/172/70/zcosmos3,1,150.522156,2.340754,0.12851558374470087,0.2215999960899353,-0.0004000067710876465,True,829563,4.5,RAJ2000,DEJ2000,z,True
687399,13,171745.77+543145.1_687399_0.0001,150.07150404412008,2.3417125065833124,0.9380000233650208,vizier,COSMOS_Ilbert2013_zspec,J/ApJS/206/8,1,150.0715,2.3416994,0.04937516863774543,nan,nan,,,,RAJ2000,DEJ2000,zsp,True
688164,57,153750.96+132142.7_688164_0.0003,150.35624325804076,2.34401158220658,1.621999979019165,vizier,COSMOS_Ilbert2013_zspec,J/ApJS/206/8,1,150.35625,2.344007,0.029329418537175446,nan,nan,,,,RAJ2000,DEJ2000,zsp,True
688218,1,032838.28-000341.6_688218_0.3,150.37456251550043,2.341565870037339,0.3075999915599823,vizier,zCOSMOS_Lilly2007,J/ApJS/172/70/zcosmos3,1,150.374557,2.341541,0.09170385947081021,0.30720001459121704,-0.0003999769687652588,True,830383,4.5,RAJ2000,DEJ2000,z,True
688498,10,142341.94+204001.5_688498_0.001,150.5099723417684,2.3419460318070864,0.8392000198364258,vizier,zCOSMOS_Lilly2007,J/ApJS/172/70/zcosmos3,1,150.509964,2.341927,0.0747967546175431,0.8385999798774719,-0.0006000399589538574,True,829619,3.5,RAJ2000,DEJ2000,z,True
688593,5,090724.38+493524.0_688593_0.0001,150.06052146685036,2.343179484532849,0.9309999942779541,vizier,COSMOS_Ilbert2013_zspec,J/ApJS/206/8,1,150.06053,2.3431723,0.040138053186451195,nan,nan,,,,RAJ2000,DEJ2000,zsp,True
688869,2,150805.52+411534.6_688869_0.01,150.30713433823038,2.3441136720044535,0.4715999960899353,vizier,zCOSMOS_Lilly2007,J/ApJS/172/70/zcosmos3,1,150.307129,2.344098,0.05959720958021591,0.47110000252723694,-0.0004999935626983643,True,830701,4.5,RAJ2000,DEJ2000,z,True
689045,12,162714.15+394444.5_689045_0.003,150.28252810876862,2.344460178392959,1.475000023841858,vizier,COSMOS_Ilbert2013_zspec,J/ApJS/206/8,1,150.28253,2.3444612,0.007733259037430718,nan,nan,,,,RAJ2000,DEJ2000,zsp,True
689581,1,153751.12+023411.0_689581_0.3,149.98292542097582,2.343974150765304,0.6769999861717224,vizier,COSMOS_Ilbert2013_zspec,J/ApJS/206/8,1,149.98293,2.3439808,0.02905641874752768,0.677,1.3828277634075903e-08,True,832413,4.5,RAJ2000,DEJ2000,zsp,True
689680,1,155506.80+052124.0_689680_0.01,150.26730858745384,2.3448570827071733,0.49810001254081726,vizier,COSMOS_Ilbert2013_zspec,J/ApJS/206/8,1,150.26733,2.3448617,0.07879387842278546,0.4981,-1.2540817273531957e-08,True,830899,4.5,RAJ2000,DEJ2000,zsp,True
689925,2,135247.67-010321.9_689925_1,150.21205206604972,2.345487145385114,0.9869999885559082,vizier,COSMOS_Ilbert2013_zspec,J/ApJS/206/8,1,150.21204,2.345479,0.0523788263850497,nan,nan,,,,RAJ2000,DEJ2000,zsp,True
689964,4,151724.54+291419.7_689964_0.01,150.09342974469033,2.344936684373367,2.088200092315674,vizier,COSMOS_Ilbert2013_zspec,J/ApJS/206/8,1,150.09344,2.3449233,0.0606828843211796,nan,nan,,,,RAJ2000,DEJ2000,zsp,True
690664,2,023859.19-000158.1_690664_1,150.63370821300697,2.345511358189212,0.8174999952316284,vizier,zCOSMOS_Lilly2007,J/ApJS/172/70/zcosmos3,1,150.633698,2.345487,0.09507355276235811,0.8169000148773193,-0.000599980354309082,True,829011,3.5,RAJ2000,DEJ2000,z,True
691263,4,030000.57+004828.0_691263_0.3,150.6082776027619,2.347320039715083,0.8949999809265137,vizier,COSMOS_Ilbert2013_zspec,J/ApJS/206/8,1,150.60828,2.3473232,0.014275491814583222,nan,nan,,,,RAJ2000,DEJ2000,zsp,True
691448,2,162003.88+261135.7_691448_0.0001,149.55313433607708,2.346217955311894,0.7645000219345093,vizier,zCOSMOS_Lilly2007,J/ApJS/172/70/zcosmos3,1,149.553146,2.346201,0.07406746939585548,0.7638999819755554,-0.0006000399589538574,True,834611,3.5,RAJ2000,DEJ2000,z,True
691694,1,025735.33-001631.3_691694_1,149.81870005427282,2.3470751805217653,0.3560999929904938,vizier,zCOSMOS_Lilly2007,J/ApJS/172/70/zcosmos3,1,149.818695,2.347059,0.06102102110116295,0.3555999994277954,-0.0004999935626983643,True,833244,4.5,RAJ2000,DEJ2000,z,True
691736,2,075626.19+282055.3_691736_0.3,150.3787411804084,2.348929473433415,2.8266000747680664,vizier,COSMOS_Ilbert2013_zspec,J/ApJS/206/8,1,150.37874,2.3489501,0.07437692984081885,nan,nan,,,,RAJ2000,DEJ2000,zsp,True
691993,36,074612.87+315503.6_691993_0.0003,150.2182048888475,2.349476670744033,0.6398000121116638,vizier,COSMOS_Ilbert2013_zspec,J/ApJS/206/8,1,150.21829,2.3495088,0.3272640266496275,nan,nan,,,,RAJ2000,DEJ2000,zsp,True
692003,3,093250.90+472254.8_692003_0.1,150.63615237556226,2.3485579059069392,0.8784000277519226,vizier,zCOSMOS_Lilly2007,J/ApJS/172/70/zcosmos3,1,150.636139,2.348543,0.07207118211508984,0.8777999877929688,-0.0006000399589538574,True,828996,3.5,RAJ2000,DEJ2000,z,True
692016,4,155609.80+030922.3_692016_0.001,150.46225686769571,2.3446125604734926,0.12359999865293503,vizier,zCOSMOS_Lilly2007,J/ApJS/172/70/zcosmos3,1,150.46225,2.3446,0.05152552148269715,0.12319999933242798,-0.00039999932050704956,True,829852,3.5,RAJ2000,DEJ2000,z,True
693680,9,080644.42+484149.2_693680_0.0003,150.15525504633214,2.351284265539861,0.3709999918937683,vizier,COSMOS_Ilbert2013_zspec,J/ApJS/206/8,1,150.15527,2.3512866,0.05444046538067532,nan,nan,,,,RAJ2000,DEJ2000,zsp,True
694124,1,090317.77+312604.0_694124_0.01,150.15940374074387,2.351211503625298,0.3449999988079071,vizier,COSMOS_Ilbert2013_zspec,J/ApJS/206/8,1,150.15939,2.3512125,0.049555021016860074,0.345,1.19209286886246e-09,True,831419,4.5,RAJ2000,DEJ2000,zsp,True
694174,7,082016.11+081215.9_694174_0.3,149.82891855394553,2.35214028447026,2.023400068283081,vizier,COSMOS_Ilbert2013_zspec,J/ApJS/206/8,1,149.8289,2.3521533,0.08154401819788672,nan,nan,,,,RAJ2000,DEJ2000,zsp,True
694188,6,165320.20+203834.9_694188_0.0001,149.46740665315968,2.3492687570168806,0.4794999957084656,vizier,COSMOS_Ilbert2013_zspec,J/ApJS/206/8,1,149.46741,2.3492663,0.014938677439300416,0.4795,4.291534405620467e-09,True,834969,4.5,RAJ2000,DEJ2000,zsp,True
694189,5,083148.87+042939.0_694189_0.03,149.9483008434776,2.3521697878252197,0.1688999980688095,vizier,COSMOS_Ilbert2013_zspec,J/ApJS/206/8,1,149.94832,2.3521576,0.08168885524863755,nan,nan,,,,RAJ2000,DEJ2000,zsp,True
694625,1,154955.29+420327.9_694625_0.1,150.03074899766787,2.3529412133481333,0.9290000200271606,vizier,COSMOS_Ilbert2013_zspec,J/ApJS/206/8,1,150.03075,2.3529437,0.009650695485496364,nan,nan,,,,RAJ2000,DEJ2000,zsp,True
695084,3,094306.39+624211.4_695084_1,150.1750651979064,2.35365614489006,1.437999963760376,vizier,COSMOS_Ilbert2013_zspec,J/ApJS/206/8,1,150.17506,2.3536677,0.04560693203958979,nan,nan,,,,RAJ2000,DEJ2000,zsp,True
695874,4,084729.82+101526.3_695874_1,149.91410756589116,2.3547852944758,1.5810999870300293,vizier,COSMOS_Ilbert2013_zspec,J/ApJS/206/8,1,149.91412,2.3547959,0.0588050059442795,nan,nan,,,,RAJ2000,DEJ2000,zsp,True
696548,1,145754.59+014217.1_696548_0.1,150.1348211012437,2.355848869660292,2.4472999572753906,vizier,COSMOS_Ilbert2013_zspec,J/ApJS/206/8,1,150.13487,2.3558719,0.1944481506857067,nan,nan,,,,RAJ2000,DEJ2000,zsp,True
696727,16,151603.22+411235.2_696727_0.0003,150.23270099902808,2.3544475044741833,0.7207000255584717,vizier,zCOSMOS_Lilly2007,J/ApJS/172/70/zcosmos3,1,150.232697,2.354455,0.03057842270391373,0.7200999855995178,-0.0006000399589538574,True,831074,3.5,RAJ2000,DEJ2000,z,True
696789,44,162937.14+394100.1_696789_0.0003,150.20087461240692,2.3563169046332892,0.7278000116348267,vizier,COSMOS_Ilbert2013_zspec,J/ApJS/206/8,1,150.20088,2.3563187,0.02042835423247843,nan,nan,,,,RAJ2000,DEJ2000,zsp,True
696896,3,150420.90+015159.3_696896_1,149.47412219902776,2.3548301775076017,0.17440000176429749,vizier,zCOSMOS_Lilly2007,J/ApJS/172/70/zcosmos3,1,149.474152,2.354826,0.1082427399999523,0.17399999499320984,-0.0004000067710876465,True,834934,3.5,RAJ2000,DEJ2000,z,True
697156,5,135943.14-003424.5_697156_1,150.21776579284628,2.3563570655927486,0.16529999673366547,vizier,COSMOS_Ilbert2013_zspec,J/ApJS/206/8,1,150.21777,2.3563581,0.015584391389671057,0.1653,3.266334536178306e-09,True,831145,3.5,RAJ2000,DEJ2000,zsp,True
697180,18,083748.33+232633.4_697180_0.0001,150.19156481989828,2.357113131150357,0.3407999873161316,vizier,COSMOS_Ilbert2013_zspec,J/ApJS/206/8,1,150.19164,2.3570659,0.31943319617680077,nan,nan,,,,RAJ2000,DEJ2000,zsp,True
697367,1,161016.47+303945.9_697367_1,150.6724401082167,2.3565496575525664,1.027999997138977,vizier,COSMOS_Ilbert2013_zspec,J/ApJS/206/8,1,150.67245,2.356549,0.03565896275944413,nan,nan,,,,RAJ2000,DEJ2000,zsp,True
697467,6,135648.41+072823.3_697467_0.1,149.9574406893249,2.3563480668800665,1.0449999570846558,vizier,COSMOS_Ilbert2013_zspec,J/ApJS/206/8,1,149.95744,2.3563406,0.026994878760053808,nan,nan,,,,RAJ2000,DEJ2000,zsp,True
698106,1,143427.79+141652.9_698106_0.03,149.9116321791401,2.3587482318729496,2.9700000286102295,vizier,COSMOS_Ilbert2013_zspec,J/ApJS/206/8,1,149.91168,2.358743,0.17303734738580231,nan,nan,,,,RAJ2000,DEJ2000,zsp,True
698114,6,090933.49+425346.5_698114_0.01,149.8745605464957,2.3581472842989673,0.6784999966621399,vizier,COSMOS_Ilbert2013_zspec,J/ApJS/206/8,1,149.87457,2.3581679,0.08163547301321082,nan,nan,,,,RAJ2000,DEJ2000,zsp,True
698607,1,140804.35+164339.3_698607_1,150.5400946702422,2.355429316203225,0.36640000343322754,vizier,zCOSMOS_Lilly2007,J/ApJS/172/70/zcosmos3,1,150.540085,2.355411,0.07455033593169401,0.3659000098705292,-0.0004999935626983643,True,829472,3.5,RAJ2000,DEJ2000,z,True
698737,4,081755.69+125654.3_698737_0.01,150.65226104574705,2.3582448756361725,0.7454000115394592,vizier,zCOSMOS_Lilly2007,J/ApJS/172/70/zcosmos3,1,150.652267,2.358231,0.0543500312951543,0.7447999715805054,-0.0006000399589538574,True,828900,3.5,RAJ2000,DEJ2000,z,True
698844,8,153452.45+013104.1_698844_0.1,150.58661640600047,2.358577116826979,1.4320000410079956,vizier,COSMOS_Ilbert2013_zspec,J/ApJS/206/8,1,150.58662,2.3585823,0.02270005950509603,nan,nan,,,,RAJ2000,DEJ2000,zsp,True
698920,2,082549.26+173348.5_698920_0.0003,150.00300283608922,2.3554085953316113,0.22110000252723694,vizier,zCOSMOS_Lilly2007,J/ApJS/172/70/zcosmos3,1,150.002991,2.355388,0.08549708736217063,0.2206999957561493,-0.0004000067710876465,True,832310,3.5,RAJ2000,DEJ2000,z,True
698976,1,084453.56+425744.8_698976_0.3,150.28585968242723,2.358215150817169,0.3402000069618225,vizier,zCOSMOS_Lilly2007,J/ApJS/172/70/zcosmos3,1,150.285843,2.358202,0.07643336542878702,0.33980000019073486,-0.0004000067710876465,True,830802,4.5,RAJ2000,DEJ2000,z,True
699338,19,080559.43+290513.5_699338_0.1,149.86139344238583,2.3603838096475487,1.2002999782562256,vizier,COSMOS_Ilbert2013_zspec,J/ApJS/206/8,1,149.86142,2.3603654,0.11626526855144137,nan,nan,,,,RAJ2000,DEJ2000,zsp,True
699799,8,083418.48+523503.6_699799_1,150.22173123336728,2.3589973649223848,1.4989999532699585,vizier,COSMOS_Ilbert2013_zspec,J/ApJS/206/8,1,150.22174,2.3589811,0.06650471133411735,1.2212,-0.27779995326995843,False,831124,4.5,RAJ2000,DEJ2000,zsp,True
700060,1,162654.95+383801.7_700060_1,150.2948429887466,2.3610130261431195,2.160900115966797,vizier,COSMOS_Ilbert2013_zspec,J/ApJS/206/8,1,150.29483,2.361006,0.05312750106483835,nan,nan,,,,RAJ2000,DEJ2000,zsp,True
700098,5,022505.06+001733.2_700098_0.3,149.85936026726898,2.3614892219223726,2.422100067138672,vizier,COSMOS_Ilbert2013_zspec,J/ApJS/206/8,1,149.85939,2.3614681,0.13122333409196119,nan,nan,,,,RAJ2000,DEJ2000,zsp,True
700482,3,163505.22+250311.8_700482_1,149.94214589224921,2.3613386361749487,0.7247999906539917,vizier,zCOSMOS_Lilly2007,J/ApJS/172/70/zcosmos3,1,149.942139,2.361305,0.123601937086029,0.7242000102996826,-0.000599980354309082,True,832607,3.5,RAJ2000,DEJ2000,z,True
700574,25,171601.93+311213.8_700574_0.3,149.95493455539292,2.361046286353354,0.10890000313520432,vizier,COSMOS_Ilbert2013_zspec,J/ApJS/206/8,1,149.95493,2.3610425,0.021313963541277153,0.1081,-0.0008000031352043135,True,832545,3.5,RAJ2000,DEJ2000,zsp,True
700703,5,075205.90+280210.8_700703_0.03,149.95127129606078,2.362110136297337,0.9330000281333923,vizier,COSMOS_Ilbert2013_zspec,J/ApJS/206/8,1,149.95128,2.3621092,0.03148848238900092,nan,nan,,,,RAJ2000,DEJ2000,zsp,True
701191,6,143001.76-021717.7_701191_0.001,150.26536424825827,2.3606247970822682,0.2833000123500824,vizier,COSMOS_Ilbert2013_zspec,J/ApJS/206/8,1,150.26538,2.3606224,0.05731155128785867,0.2833,-1.2350082401191287e-08,True,830913,4.5,RAJ2000,DEJ2000,zsp,True
701398,74,145344.51+045645.8_701398_0.03,149.91696758935896,2.3637250900658695,3.3289999961853027,vizier,COSMOS_Ilbert2013_zspec,J/ApJS/206/8,1,149.91698,2.3636837,0.15554747984338138,nan,nan,,,,RAJ2000,DEJ2000,zsp,True
701578,5,022947.12-005332.4_701578_0.3,150.72646416789576,2.360276583274022,0.7269999980926514,vizier,zCOSMOS_Lilly2007,J/ApJS/172/70/zcosmos3,1,150.726456,2.360267,0.04531433589007448,0.7264000177383423,-0.000599980354309082,True,828540,3.5,RAJ2000,DEJ2000,z,True
701602,4,163745.98+314100.3_701602_0.01,149.65571020636438,2.36247728891014,0.8680999875068665,vizier,zCOSMOS_Lilly2007,J/ApJS/172/70/zcosmos3,1,149.655685,2.362452,0.12848571923152832,0.8675000071525574,-0.000599980354309082,True,834100,4.5,RAJ2000,DEJ2000,z,True
701695,4,034621.27-000141.5_701695_1,150.2292821673409,2.3599948448359007,0.6862999796867371,vizier,zCOSMOS_Lilly2007,J/ApJS/172/70/zcosmos3,1,150.229279,2.359981,0.0511269103915276,0.685699999332428,-0.000599980354309082,True,831089,3.1,RAJ2000,DEJ2000,z,True
701869,17,150919.01-013353.4_701869_1,149.88789805894754,2.364135180229098,2.066800117492676,vizier,COSMOS_Ilbert2013_zspec,J/ApJS/206/8,1,149.88791,2.3641462,0.058468860807258105,nan,nan,,,,RAJ2000,DEJ2000,zsp,True
701887,5,075623.03+421352.1_701887_1,149.77565338175071,2.3635546316057297,2.091099977493286,vizier,COSMOS_Ilbert2013_zspec,J/ApJS/206/8,1,149.77568,2.3635793,0.13058901754334024,nan,nan,,,,RAJ2000,DEJ2000,zsp,True
701891,5,152506.60+103405.9_701891_0.01,150.16150691452464,2.3624873549281267,0.729200005531311,vizier,COSMOS_Ilbert2013_zspec,J/ApJS/206/8,1,150.1615,2.3624854,0.02584768780788435,0.7292,-5.531311075834822e-09,True,831410,4.5,RAJ2000,DEJ2000,zsp,True
701994,17,075346.93+132908.2_701994_0.0003,150.13969987526107,2.3628820099353223,0.7475000023841858,vizier,COSMOS_Ilbert2013_zspec,J/ApJS/206/8,1,150.13968,2.3628552,0.12010881866628549,nan,nan,,,,RAJ2000,DEJ2000,zsp,True
702761,15,155958.01+261102.7_702761_0.001,150.3868253040984,2.3651311493054834,0.22210000455379486,vizier,COSMOS_Ilbert2013_zspec,J/ApJS/206/8,1,150.38686,2.3651247,0.12694015717854676,nan,nan,,,,RAJ2000,DEJ2000,zsp,True
702797,1,084648.42+085635.9_702797_0.1,150.76359632415003,2.3645047280140563,0.6360999941825867,vizier,zCOSMOS_Lilly2007,J/ApJS/172/70/zcosmos3,1,150.763596,2.364485,0.07103042060538389,0.6355999708175659,-0.000500023365020752,True,828348,3.5,RAJ2000,DEJ2000,z,True
702804,33,153201.60+370002.4_702804_0.01,150.34268425737298,2.3653937619503727,3.102400064468384,vizier,COSMOS_Ilbert2013_zspec,J/ApJS/206/8,1,150.34268,2.3653791,0.05495953169615153,nan,nan,,,,RAJ2000,DEJ2000,zsp,True
702924,2,085045.44+563618.7_702924_0.3,150.16421966052087,2.3653838211187184,2.4570999145507812,vizier,COSMOS_Ilbert2013_zspec,J/ApJS/206/8,1,150.16423,2.3654392,0.20280315602243645,nan,nan,,,,RAJ2000,DEJ2000,zsp,True
702947,21,083726.73+312019.0_702947_0.001,150.29742132572053,2.3640686284637065,2.3452000617980957,vizier,COSMOS_Ilbert2013_zspec,J/ApJS/206/8,1,150.29745,2.363935,0.49199478344354297,nan,nan,,,,RAJ2000,DEJ2000,zsp,True
703222,1,150117.42+323823.9_703222_1,150.60623995853746,2.364581909732274,0.6064000129699707,vizier,zCOSMOS_Lilly2007,J/ApJS/172/70/zcosmos3,1,150.606232,2.364573,0.04299157198560712,0.60589998960495,-0.000500023365020752,True,829151,3.5,RAJ2000,DEJ2000,z,True
703353,10,144717.97+040112.4_703353_0.1,150.38168082097977,2.366069489552175,4.573299884796143,vizier,COSMOS_Ilbert2013_zspec,J/ApJS/206/8,1,150.38168,2.3661909,0.43708758768961736,nan,nan,,,,RAJ2000,DEJ2000,zsp,True
703578,8,080620.47+504124.4_703578_0.0003,149.9520716732267,2.3662979163142843,2.446500062942505,vizier,COSMOS_Ilbert2013_zspec,J/ApJS/206/8,1,149.95209,2.3662548,0.16863664374375334,nan,nan,,,,RAJ2000,DEJ2000,zsp,True
703722,2,081037.87+200830.2_703722_1,150.56337539591823,2.3658883089064475,1.4501999616622925,vizier,COSMOS_Ilbert2013_zspec,J/ApJS/206/8,1,150.56335,2.3658712,0.11017225123999592,nan,nan,,,,RAJ2000,DEJ2000,zsp,True
703742,3,151131.02+431730.5_703742_0.001,150.25552894616453,2.3664962030664034,2.9100000858306885,vizier,COSMOS_Ilbert2013_zspec,J/ApJS/206/8,1,150.25555,2.3664854,0.08513177810722124,nan,nan,,,,RAJ2000,DEJ2000,zsp,True
704205,6,144446.13+253846.5_704205_0.3,150.46558918878725,2.3672236431517217,2.0164999961853027,vizier,COSMOS_Ilbert2013_zspec,J/ApJS/206/8,1,150.46564,2.3672025,0.197980613309899,nan,nan,,,,RAJ2000,DEJ2000,zsp,True
704346,5,141108.19+040202.0_704346_0.0003,149.9447391566146,2.365245628943721,0.8899999856948853,vizier,COSMOS_Ilbert2013_zspec,J/ApJS/206/8,1,149.94473,2.3652418,0.035703870112081044,nan,nan,,,,RAJ2000,DEJ2000,zsp,True
704449,6,034831.88-071145.9_704449_1,150.56454045949638,2.3642286135655532,0.1768999993801117,vizier,zCOSMOS_Lilly2007,J/ApJS/172/70/zcosmos3,1,150.564514,2.364207,0.12293142377207594,0.17649999260902405,-0.0004000067710876465,True,829361,3.5,RAJ2000,DEJ2000,z,True
704594,16,161910.54+351600.4_704594_0.1,150.20291685235975,2.3630607998660027,0.7301999926567078,vizier,zCOSMOS_Lilly2007,J/ApJS/172/70/zcosmos3,1,150.202911,2.363046,0.05728729241308398,0.7296000123023987,-0.000599980354309082,True,831219,4.5,RAJ2000,DEJ2000,z,True
704764,3,074829.23+394702.9_704764_0.001,150.0572494090807,2.366947122674277,0.6922000050544739,vizier,zCOSMOS_Lilly2007,J/ApJS/172/70/zcosmos3,1,150.057236,2.366942,0.051636922197564855,0.6916000247001648,-0.000599980354309082,True,831996,3.5,RAJ2000,DEJ2000,z,True
704831,4,085140.35+215638.7_704831_0.3,150.06229132019064,2.3665395481579496,0.7971000075340271,vizier,zCOSMOS_Lilly2007,J/ApJS/172/70/zcosmos3,1,150.062271,2.366531,0.07930442317176448,0.796500027179718,-0.000599980354309082,True,831965,3.5,RAJ2000,DEJ2000,z,True
704969,4,164258.80+394836.9_704969_0.3,149.97661346023102,2.3675974483119155,0.5892999768257141,vizier,COSMOS_Ilbert2013_zspec,J/ApJS/206/8,1,149.97661,2.3676002,0.015907174697882737,0.5893,2.3174285934679517e-08,True,832438,4.5,RAJ2000,DEJ2000,zsp,True
705121,3,164108.78+320556.1_705121_0.01,149.9596889518399,2.3683732062725826,2.0901999473571777,vizier,COSMOS_Ilbert2013_zspec,J/ApJS/206/8,1,149.95969,2.3683789,0.02084126262975022,nan,nan,,,,RAJ2000,DEJ2000,zsp,True
705742,22,144814.81+051020.7_705742_0.0001,150.1782191278495,2.369318118754339,0.7275999784469604,vizier,COSMOS_Ilbert2013_zspec,J/ApJS/206/8,1,150.17821,2.3692904,0.1050499854375372,nan,nan,,,,RAJ2000,DEJ2000,zsp,True
706082,2,082120.80+225259.5_706082_0.3,149.9932699198249,2.3695965249391566,0.9300000071525574,vizier,COSMOS_Ilbert2013_zspec,J/ApJS/206/8,1,149.99327,2.3695939,0.009454180309323119,nan,nan,,,,RAJ2000,DEJ2000,zsp,True
706142,25,140910.43+125504.1_706142_0.01,149.86204830688357,2.3696619023701357,1.5379999876022339,vizier,COSMOS_Ilbert2013_zspec,J/ApJS/206/8,1,149.86205,2.369653,0.03262202660202749,nan,nan,,,,RAJ2000,DEJ2000,zsp,True
706160,8,153221.35+091812.3_706160_0.01,149.9224536271998,2.368935549527022,0.6069999933242798,vizier,zCOSMOS_Lilly2007,J/ApJS/172/70/zcosmos3,1,149.922455,2.368923,0.04544734293358307,0.6065000295639038,-0.0004999637603759766,True,832703,3.5,RAJ2000,DEJ2000,z,True
706796,5,160710.63+362128.7_706796_0.03,150.27611193099852,2.368755282366302,0.4677000045776367,vizier,zCOSMOS_Lilly2007,J/ApJS/172/70/zcosmos3,1,150.276108,2.368746,0.03628483500163876,0.46720001101493835,-0.0004999935626983643,True,830852,3.5,RAJ2000,DEJ2000,z,True
706979,9,154213.07+310225.6_706979_0.01,149.8555457387249,2.3710677185597366,1.100000023841858,vizier,COSMOS_Ilbert2013_zspec,J/ApJS/206/8,1,149.85556,2.3710663,0.05155021165902876,nan,nan,,,,RAJ2000,DEJ2000,zsp,True
707097,2,025735.33-001631.3_707097_0.1,149.98880761311267,2.3694991141133346,0.36959999799728394,vizier,zCOSMOS_Lilly2007,J/ApJS/172/70/zcosmos3,1,149.988815,2.369501,0.02742373161401893,0.36910000443458557,-0.0004999935626983643,True,832381,4.5,RAJ2000,DEJ2000,z,True
707181,2,160514.98+264658.3_707181_1,150.42199640315664,2.3696969223871935,0.59579998254776,vizier,zCOSMOS_Lilly2007,J/ApJS/172/70/zcosmos3,1,150.421982,2.369682,0.07463156049087602,0.595300018787384,-0.0004999637603759766,True,830079,3.5,RAJ2000,DEJ2000,z,True
707404,1,025119.00-071059.4_707404_0.03,150.35491307429598,2.3709634625093083,0.9261000156402588,vizier,zCOSMOS_Lilly2007,J/ApJS/172/70/zcosmos3,1,150.354904,2.370946,0.07083325059632692,0.9254999756813049,-0.0006000399589538574,True,830477,3.5,RAJ2000,DEJ2000,z,True
707486,52,031933.87-073212.3_707486_0.0003,150.29149305933953,2.3715156360614182,1.6500999927520752,vizier,COSMOS_Ilbert2013_zspec,J/ApJS/206/8,1,150.29149,2.3715222,0.026066789940678306,nan,nan,,,,RAJ2000,DEJ2000,zsp,True
707524,1,170207.33+190319.4_707524_0.03,149.86347181029038,2.370713498401509,0.3605000078678131,vizier,COSMOS_Ilbert2013_zspec,J/ApJS/206/8,1,149.86349,2.3707113,0.0659038359340817,0.3605,-7.86781312323015e-09,True,833005,3.5,RAJ2000,DEJ2000,zsp,True
707786,1,155745.75+094556.4_707786_0.1,150.11200299439244,2.372652831213264,2.448699951171875,vizier,COSMOS_Ilbert2013_zspec,J/ApJS/206/8,1,150.112,2.3726504,0.0138783697810119,nan,nan,,,,RAJ2000,DEJ2000,zsp,True
707917,1,080138.12+310226.4_707917_0.003,150.28780792650696,2.3716279634143427,0.8400999903678894,vizier,zCOSMOS_Lilly2007,J/ApJS/172/70/zcosmos3,1,150.287796,2.371608,0.083697941499288,0.8395000100135803,-0.000599980354309082,True,830795,3.5,RAJ2000,DEJ2000,z,True
708039,38,075327.46+272957.1_708039_0.003,149.84700093699766,2.3730293893096737,3.3557000160217285,vizier,COSMOS_Ilbert2013_zspec,J/ApJS/206/8,1,149.84705,2.3730111,0.1883577731092428,nan,nan,,,,RAJ2000,DEJ2000,zsp,True
708296,9,075057.26+353037.6_708296_0.001,150.32425884707385,2.373433918360563,0.17319999635219574,vizier,COSMOS_Ilbert2013_zspec,J/ApJS/206/8,1,150.32426,2.3734236,0.037376864350298564,nan,nan,,,,RAJ2000,DEJ2000,zsp,True
708428,7,145907.19+002401.2_708428_0.03,150.30208505124966,2.373884900549498,3.0062999725341797,vizier,COSMOS_Ilbert2013_zspec,J/ApJS/206/8,1,150.30215,2.3739512,0.33398067419486405,nan,nan,,,,RAJ2000,DEJ2000,zsp,True
708497,4,162229.35+264834.9_708497_0.3,149.51748674297693,2.3718183680048477,0.435699999332428,vizier,zCOSMOS_Lilly2007,J/ApJS/172/70/zcosmos3,1,149.517487,2.371802,0.05893206931848593,0.4352000057697296,-0.0004999935626983643,True,834748,3.5,RAJ2000,DEJ2000,z,True
709037,3,140417.84+101217.8_709037_0.01,150.6591607651732,2.373726181610264,0.8259999752044678,vizier,COSMOS_Ilbert2013_zspec,J/ApJS/206/8,1,150.65918,2.3737125,0.08492722457338327,nan,nan,,,,RAJ2000,DEJ2000,zsp,True
709103,1,035138.03+001956.0_709103_0.3,149.69302698143392,2.3726532820373967,0.37220001220703125,vizier,COSMOS_Ilbert2013_zspec,J/ApJS/206/8,1,149.69302,2.3726499,0.027907561891148285,0.3722,-1.220703127469136e-08,True,833893,3.5,RAJ2000,DEJ2000,zsp,True
709582,19,162543.60+010539.5_709582_1,150.11910799648652,2.3738788403946542,1.2200000286102295,vizier,COSMOS_Ilbert2013_zspec,J/ApJS/206/8,1,150.11909,2.3738532,0.11274081118790068,nan,nan,,,,RAJ2000,DEJ2000,zsp,True
709985,10,023157.88+002712.2_709985_0.0003,150.06717448768677,2.3751754252626354,1.371999979019165,vizier,COSMOS_Ilbert2013_zspec,J/ApJS/206/8,1,150.06721,2.3751588,0.14106111021456394,nan,nan,,,,RAJ2000,DEJ2000,zsp,True
710369,1,073600.37+383629.7_710369_0.1,149.96242045244412,2.3758386458355387,1.4600000381469727,vizier,COSMOS_Ilbert2013_zspec,J/ApJS/206/8,1,149.96239,2.3758855,0.20111954851807365,nan,nan,,,,RAJ2000,DEJ2000,zsp,True
710978,1,034621.27-000141.5_710978_0.1,150.18573974272152,2.37528504910161,0.6836000084877014,vizier,zCOSMOS_Lilly2007,J/ApJS/172/70/zcosmos3,1,150.185745,2.375282,0.021864932228990584,0.6830000281333923,-0.000599980354309082,True,831303,3.5,RAJ2000,DEJ2000,z,True
711076,15,085140.35+215638.7_711076_1,150.06722753999415,2.377236794662764,0.800000011920929,vizier,COSMOS_Ilbert2013_zspec,J/ApJS/206/8,1,150.06725,2.3772311,0.08334704793009547,nan,nan,,,,RAJ2000,DEJ2000,zsp,True
711430,3,075057.26+353037.6_711430_0.1,150.37483980796213,2.3762426609996052,0.1680999994277954,vizier,zCOSMOS_Lilly2007,J/ApJS/172/70/zcosmos3,1,150.374832,2.37623,0.05353726343075016,0.16769999265670776,-0.0004000067710876465,True,830380,3.5,RAJ2000,DEJ2000,z,True
711479,25,084035.66+403112.3_711479_1,149.91747483410657,2.3786324679987607,3.288300037384033,vizier,COSMOS_Ilbert2013_zspec,J/ApJS/206/8,1,149.91748,2.378633,0.018679634008735138,nan,nan,,,,RAJ2000,DEJ2000,zsp,True
711614,10,140817.56-011432.1_711614_0.003,150.47010567620592,2.377539588207366,1.9365999698638916,vizier,COSMOS_Ilbert2013_zspec,J/ApJS/206/8,1,150.47012,2.3775246,0.07460467851386166,nan,nan,,,,RAJ2000,DEJ2000,zsp,True
712113,1,145221.62+002359.8_712113_0.3,150.25268220801956,2.3779345466257213,0.46779999136924744,vizier,COSMOS_Ilbert2013_zspec,J/ApJS/206/8,1,150.25269,2.3779318,0.02972004234724926,0.4678,8.630752557081678e-09,True,830980,3.5,RAJ2000,DEJ2000,zsp,True
712272,2,075507.10+204322.1_712272_0.03,149.8973494222092,2.3778879727633315,0.8945000171661377,vizier,COSMOS_Ilbert2013_zspec,J/ApJS/206/8,1,149.89735,2.3778937,0.020722529173473864,0.8945,-1.7166137733504172e-08,True,832844,3.5,RAJ2000,DEJ2000,zsp,True
712542,8,141013.43+092621.3_712542_1,149.84675636081946,2.3790441149924613,1.3899999856948853,vizier,COSMOS_Ilbert2013_zspec,J/ApJS/206/8,1,149.84676,2.3790431,0.013590190524635185,nan,nan,,,,RAJ2000,DEJ2000,zsp,True
713591,2,143101.65-004251.6_713591_0.01,150.2692432484794,2.380474783605562,0.32510000467300415,vizier,COSMOS_Ilbert2013_zspec,J/ApJS/206/8,1,150.26926,2.3804808,0.06402803551750606,0.3251,-4.673004150301807e-09,True,830888,3.5,RAJ2000,DEJ2000,zsp,True
713734,10,080202.69+140315.1_713734_0.01,149.9256258708559,2.381931040836688,2.1398000717163086,vizier,COSMOS_Ilbert2013_zspec,J/ApJS/206/8,1,149.92563,2.3819439,0.048617125276909146,nan,nan,,,,RAJ2000,DEJ2000,zsp,True
713744,49,153648.43+144740.7_713744_0.001,150.13258083748954,2.381868674060632,3.192199945449829,vizier,COSMOS_Ilbert2013_zspec,J/ApJS/206/8,1,150.13255,2.3818812,0.11973490875171255,nan,nan,,,,RAJ2000,DEJ2000,zsp,True
713753,10,143517.65+185555.5_713753_0.1,150.11902195265796,2.381648980431592,0.26649999618530273,vizier,COSMOS_Ilbert2013_zspec,J/ApJS/206/8,1,150.11908,2.38166,0.21252523376239552,nan,nan,,,,RAJ2000,DEJ2000,zsp,True
713796,5,102125.73+630451.4_713796_0.1,150.22537819348784,2.3798600922783417,0.8962000012397766,vizier,zCOSMOS_Lilly2007,J/ApJS/172/70/zcosmos3,1,150.225372,2.379844,0.062067860090167466,0.8956000208854675,-0.000599980354309082,True,831108,3.5,RAJ2000,DEJ2000,z,True
713882,21,150913.68+252312.0_713882_0.001,149.88467745138982,2.381632156372891,1.0089999437332153,vizier,COSMOS_Ilbert2013_zspec,J/ApJS/206/8,1,149.88467,2.3816338,0.027447217860151786,nan,nan,,,,RAJ2000,DEJ2000,zsp,True
714480,9,090739.50+280301.8_714480_0.3,150.40055025617968,2.382269062735413,1.7615000009536743,vizier,COSMOS_Ilbert2013_zspec,J/ApJS/206/8,1,150.40057,2.3822536,0.0902330584614729,nan,nan,,,,RAJ2000,DEJ2000,zsp,True
715385,2,023234.33-091053.0_715385_0.01,149.78767542162083,2.383067989254237,0.843999981880188,vizier,COSMOS_Ilbert2013_zspec,J/ApJS/206/8,1,149.78767,2.3830681,0.01950503025644759,nan,nan,,,,RAJ2000,DEJ2000,zsp,True
715836,3,081416.99+252935.1_715836_0.1,150.4868211535228,2.383980923883095,0.6057999730110168,vizier,zCOSMOS_Lilly2007,J/ApJS/172/70/zcosmos3,1,150.486816,2.38396,0.07757325309528579,0.6053000092506409,-0.0004999637603759766,True,829729,3.5,RAJ2000,DEJ2000,z,True
715908,4,034534.10-000359.7_715908_0.03,149.69189050467276,2.383933631596599,0.7437999844551086,vizier,zCOSMOS_Lilly2007,J/ApJS/172/70/zcosmos3,1,149.691879,2.383938,0.04426850194929848,0.7432000041007996,-0.000599980354309082,True,833900,3.5,RAJ2000,DEJ2000,z,True
716294,2,085404.40+502824.5_716294_0.0003,150.37164681815665,2.384684580894309,0.34790000319480896,vizier,zCOSMOS_Lilly2007,J/ApJS/172/70/zcosmos3,1,150.371643,2.384669,0.0577480115601602,0.3474000096321106,-0.0004999935626983643,True,830400,3.5,RAJ2000,DEJ2000,z,True
716382,1,151415.77+043412.6_716382_0.3,150.33989201096375,2.385728941637161,2.1803998947143555,vizier,COSMOS_Ilbert2013_zspec,J/ApJS/206/8,1,150.33989,2.3857446,0.05683227936944209,nan,nan,,,,RAJ2000,DEJ2000,zsp,True
716653,5,082418.90+222634.8_716653_0.001,150.61021167570306,2.3853159702260625,0.732699990272522,vizier,zCOSMOS_Lilly2007,J/ApJS/172/70/zcosmos3,1,150.610199,2.385315,0.04572658579808408,0.7321000099182129,-0.000599980354309082,True,829129,3.5,RAJ2000,DEJ2000,z,True
716807,19,153855.38+124748.1_716807_0.0001,149.84268086032924,2.3859878847074047,0.734000027179718,vizier,COSMOS_Ilbert2013_zspec,J/ApJS/206/8,1,149.8427,2.3859742,0.08465461903753574,nan,nan,,,,RAJ2000,DEJ2000,zsp,True
717345,3,030911.64+002358.8_717345_0.1,150.40601818682515,2.38624752493811,0.6189000010490417,vizier,zCOSMOS_Lilly2007,J/ApJS/172/70/zcosmos3,1,150.406006,2.386237,0.057940494921964424,0.618399977684021,-0.000500023365020752,True,830185,4.5,RAJ2000,DEJ2000,z,True
717461,2,081416.99+252935.1_717461_0.3,150.15848631304792,2.385976685015624,0.6075999736785889,vizier,COSMOS_Ilbert2013_zspec,J/ApJS/206/8,1,150.15849,2.3859868,0.03875362206173724,0.6076,2.6321411161767116e-08,True,831422,3.5,RAJ2000,DEJ2000,zsp,True
717987,4,165006.23+215451.8_717987_0.0003,149.88699018833802,2.3853456055683284,0.18709999322891235,vizier,COSMOS_Ilbert2013_zspec,J/ApJS/206/8,1,149.88698,2.3852949,0.1861822092094716,nan,nan,,,,RAJ2000,DEJ2000,zsp,True
718174,1,074914.60+175631.9_718174_1,149.56447674583893,2.3850951896613477,0.42570000886917114,vizier,zCOSMOS_Lilly2007,J/ApJS/172/70/zcosmos3,1,149.564468,2.385087,0.04311408182191443,0.4251999855041504,-0.000500023365020752,True,834558,3.5,RAJ2000,DEJ2000,z,True
718603,9,144734.53+232516.4_718603_0.03,149.98555530634326,2.3891835437870617,2.8714001178741455,vizier,COSMOS_Ilbert2013_zspec,J/ApJS/206/8,1,149.98553,2.3891852,0.09121871045082049,nan,nan,,,,RAJ2000,DEJ2000,zsp,True
718778,2,090213.40+350942.7_718778_0.003,150.59583243037716,2.3883196026248497,0.37279999256134033,vizier,zCOSMOS_Lilly2007,J/ApJS/172/70/zcosmos3,1,150.595825,2.388318,0.027341765451931857,0.37229999899864197,-0.0004999935626983643,True,829194,3.5,RAJ2000,DEJ2000,z,True
718795,14,073820.09+275045.2_718795_1,150.5274461699058,2.3893404347949736,2.003000020980835,vizier,COSMOS_Ilbert2013_zspec,J/ApJS/206/8,1,150.5275,2.3893542,0.1998607564503885,nan,nan,,,,RAJ2000,DEJ2000,zsp,True
719368,4,164729.85+354605.8_719368_0.3,150.66540402477892,2.3863818379569954,0.2669999897480011,vizier,zCOSMOS_Lilly2007,J/ApJS/172/70/zcosmos3,1,150.665405,2.386389,0.026020870538263508,0.26660001277923584,-0.0003999769687652588,True,828828,3.5,RAJ2000,DEJ2000,z,True
719950,5,023900.58+002041.9_719950_0.03,150.28476802132096,2.3912919459380237,2.163100004196167,vizier,COSMOS_Ilbert2013_zspec,J/ApJS/206/8,1,150.28477,2.3912942,0.010793488245826514,nan,nan,,,,RAJ2000,DEJ2000,zsp,True
720245,1,154432.94+202626.1_720245_1,150.4771490772733,2.390049873638672,0.2581999897956848,vizier,zCOSMOS_Lilly2007,J/ApJS/172/70/zcosmos3,1,150.477142,2.39003,0.07593885826547173,0.25780001282691956,-0.0003999769687652588,True,829782,3.5,RAJ2000,DEJ2000,z,True
720269,2,090025.97+465003.0_720269_0.001,150.37583036368844,2.38942830570582,0.3734000027179718,vizier,COSMOS_Ilbert2013_zspec,J/ApJS/206/8,1,150.37582,2.3894255,0.03862102648943123,0.3734,-2.7179717920766677e-09,True,830375,4.5,RAJ2000,DEJ2000,zsp,True
720543,5,081625.05+231323.2_720543_0.3,150.3195535677998,2.3893750911944687,0.5608000159263611,vizier,COSMOS_Ilbert2013_zspec,J/ApJS/206/8,1,150.31956,2.3893847,0.041615506795810484,0.5608,-1.592636111880097e-08,True,830639,3.5,RAJ2000,DEJ2000,zsp,True
721887,2,080440.59+432521.1_721887_0.03,150.64462101764272,2.3931277347360926,1.100000023841858,vizier,COSMOS_Ilbert2013_zspec,J/ApJS/206/8,1,150.64464,2.3931303,0.06889860298842615,nan,nan,,,,RAJ2000,DEJ2000,zsp,True
722045,3,100910.13+600451.5_722045_0.03,149.68034769543917,2.393056019346191,0.9539999961853027,vizier,COSMOS_Ilbert2013_zspec,J/ApJS/206/8,1,149.68036,2.3930292,0.10621010327394509,nan,nan,,,,RAJ2000,DEJ2000,zsp,True
722181,35,075853.87+484043.0_722181_0.003,150.37530584696717,2.3923833913301737,0.7495999932289124,vizier,COSMOS_Ilbert2013_zspec,J/ApJS/206/8,1,150.37531,2.3923786,0.022818001082686657,0.7496,6.771087690538025e-09,True,830378,4.5,RAJ2000,DEJ2000,zsp,True
722350,5,150425.48+062955.2_722350_0.0003,150.67483954288386,2.393474956353258,0.46560001373291016,vizier,zCOSMOS_Lilly2007,J/ApJS/172/70/zcosmos3,1,150.674835,2.393484,0.036427543586031834,0.4650999903678894,-0.000500023365020752,True,828776,3.5,RAJ2000,DEJ2000,z,True
722388,6,145513.50+032244.7_722388_0.3,150.50900042271064,2.3934457157249693,0.4235000014305115,vizier,zCOSMOS_Lilly2007,J/ApJS/172/70/zcosmos3,1,150.508987,2.393443,0.04925953899902252,0.4230000078678131,-0.0004999935626983643,True,829626,3.5,RAJ2000,DEJ2000,z,True
722968,7,172614.91+584531.6_722968_0.0001,150.24489774434014,2.39437460960403,0.7278000116348267,vizier,COSMOS_Ilbert2013_zspec,J/ApJS/206/8,1,150.2449,2.3943787,0.0168126013459048,0.7278,-1.163482665766935e-08,True,831028,3.5,RAJ2000,DEJ2000,zsp,True
723052,2,022907.70-002909.6_723052_1,149.94458486188972,2.396215241554534,2.152899980545044,vizier,COSMOS_Ilbert2013_zspec,J/ApJS/206/8,1,149.94458,2.3962083,0.030500697167581955,nan,nan,,,,RAJ2000,DEJ2000,zsp,True
723290,2,080409.24+385348.8_723290_0.3,149.88216684335012,2.3949128398391997,0.21979999542236328,vizier,COSMOS_Ilbert2013_zspec,J/ApJS/206/8,1,149.8822,2.394933,0.1396074173598183,nan,nan,,,,RAJ2000,DEJ2000,zsp,True
723855,13,153104.75+332144.4_723855_1,150.53250086378495,2.3951245514536548,0.4564000070095062,vizier,zCOSMOS_Lilly2007,J/ApJS/172/70/zcosmos3,1,150.532501,2.395121,0.012794617375397176,0.45590001344680786,-0.0004999935626983643,True,829523,3.5,RAJ2000,DEJ2000,z,True
724666,1,160822.15+401217.9_724666_0.3,150.1175383982447,2.3968907914914133,0.6259999871253967,vizier,zCOSMOS_Lilly2007,J/ApJS/172/70/zcosmos3,1,150.117538,2.396891,0.0016171866930429037,0.6255000233650208,-0.0004999637603759766,True,831629,3.5,RAJ2000,DEJ2000,z,True
724880,6,084205.57+075925.5_724880_0.1,149.61019897490326,2.3950973718494564,0.12549999356269836,vizier,zCOSMOS_Lilly2007,J/ApJS/172/70/zcosmos3,1,149.610214,2.395096,0.054268282814145,0.1251000016927719,-0.00039999186992645264,True,834338,3.5,RAJ2000,DEJ2000,z,True
724975,5,144240.79+052423.2_724975_0.0003,150.32361280559743,2.396648980070722,0.1225999966263771,vizier,COSMOS_Ilbert2013_zspec,J/ApJS/206/8,1,150.32362,2.3966701,0.08031472761315835,nan,nan,,,,RAJ2000,DEJ2000,zsp,True
725121,3,081010.98+201421.1_725121_0.01,149.87555718550448,2.3992249408248614,0.7319999933242798,vizier,COSMOS_Ilbert2013_zspec,J/ApJS/206/8,1,149.87556,2.3992155,0.03546259071166619,nan,nan,,,,RAJ2000,DEJ2000,zsp,True
725694,1,161450.61+194359.0_725694_0.03,150.30758469968146,2.3987629870025104,0.6953999996185303,vizier,COSMOS_Ilbert2013_zspec,J/ApJS/206/8,1,150.30759,2.3987706,0.033385394274428395,nan,nan,,,,RAJ2000,DEJ2000,zsp,True
726230,21,030214.27-072021.0_726230_0.0003,149.49376791104908,2.399611456944649,0.7369999885559082,vizier,zCOSMOS_Lilly2007,J/ApJS/172/70/zcosmos3,1,149.493774,2.399571,0.14728245018991273,0.7364000082015991,-0.000599980354309082,True,834846,3.5,RAJ2000,DEJ2000,z,True
726594,3,144929.64+203509.9_726594_0.1,149.91291242207413,2.401627453395499,1.972499966621399,vizier,COSMOS_Ilbert2013_zspec,J/ApJS/206/8,1,149.91292,2.4016092,0.07114082535358811,nan,nan,,,,RAJ2000,DEJ2000,zsp,True
727132,7,151445.81+152420.9_727132_1,150.7503743547274,2.401753558466609,0.4117000102996826,vizier,zCOSMOS_Lilly2007,J/ApJS/172/70/zcosmos3,1,150.750351,2.401763,0.0906190846225048,0.41119998693466187,-0.000500023365020752,True,828429,3.5,RAJ2000,DEJ2000,z,True
727273,29,144441.52+050315.2_727273_0.0003,150.418868639792,2.401910449480179,1.5156999826431274,vizier,COSMOS_Ilbert2013_zspec,J/ApJS/206/8,1,150.41888,2.4018981,0.06038320698179448,nan,nan,,,,RAJ2000,DEJ2000,zsp,True
727468,15,165946.77+195134.0_727468_0.01,150.32678429775527,2.402312877590705,0.7390999794006348,vizier,COSMOS_Ilbert2013_zspec,J/ApJS/206/8,1,150.3268,2.402329,0.08098474844531085,nan,nan,,,,RAJ2000,DEJ2000,zsp,True
727901,4,084205.57+075925.5_727901_1,149.47569864093904,2.402788335975915,0.125900000333786,vizier,zCOSMOS_Lilly2007,J/ApJS/172/70/zcosmos3,1,149.475693,2.402781,0.033303562332558254,0.12549999356269836,-0.0004000067710876465,True,834925,3.5,RAJ2000,DEJ2000,z,True
727918,1,081250.86+360039.9_727918_1,150.22492309467634,2.4017616526513303,0.6721000075340271,vizier,zCOSMOS_Lilly2007,J/ApJS/172/70/zcosmos3,1,150.224899,2.401752,0.09337178464321293,0.671500027179718,-0.000599980354309082,True,831109,3.5,RAJ2000,DEJ2000,z,True
728136,2,164848.22+433704.5_728136_1,149.56511009722084,2.402524966593257,0.852400004863739,vizier,zCOSMOS_Lilly2007,J/ApJS/172/70/zcosmos3,1,149.565094,2.40253,0.060668316765101905,0.8518000245094299,-0.000599980354309082,True,834555,3.5,RAJ2000,DEJ2000,z,True
728237,1,160158.11+294330.0_728237_0.3,149.90413982545957,2.4034727164036718,0.531000018119812,vizier,zCOSMOS_Lilly2007,J/ApJS/172/70/zcosmos3,1,149.904129,2.403477,0.04187988094432857,0.5304999947547913,-0.000500023365020752,True,832811,3.5,RAJ2000,DEJ2000,z,True
728988,9,073028.10+435330.8_728988_1,149.98991893541472,2.402542771062491,0.28360000252723694,vizier,zCOSMOS_Lilly2007,J/ApJS/172/70/zcosmos3,1,149.989914,2.402548,0.025874285015369734,0.2831999957561493,-0.0004000067710876465,True,832376,4.5,RAJ2000,DEJ2000,z,True
730603,1,141504.54+155800.5_730603_0.3,150.18241632536694,2.404697520628599,0.34860000014305115,vizier,zCOSMOS_Lilly2007,J/ApJS/172/70/zcosmos3,1,150.182419,2.404692,0.022080185139302266,0.3481999933719635,-0.0004000067710876465,True,831317,3.5,RAJ2000,DEJ2000,z,True
730679,11,150537.10+020815.2_730679_0.0001,150.48808837472427,2.4068564063779663,0.8165000081062317,vizier,zCOSMOS_Lilly2007,J/ApJS/172/70/zcosmos3,1,150.488083,2.406843,0.051990741501549864,0.8159000277519226,-0.000599980354309082,True,829723,3.5,RAJ2000,DEJ2000,z,True
730865,30,074844.87+441422.0_730865_0.0001,150.65172138954642,2.405310146474049,0.429500013589859,vizier,zCOSMOS_Lilly2007,J/ApJS/172/70/zcosmos3,1,150.651733,2.405321,0.05718951257391385,0.42899999022483826,-0.000500023365020752,True,828901,3.5,RAJ2000,DEJ2000,z,True
731297,24,165742.37+223859.8_731297_0.0003,150.1139011452364,2.409080705328462,3.254499912261963,vizier,COSMOS_Ilbert2013_zspec,J/ApJS/206/8,1,150.11391,2.4090688,0.053397254214549314,nan,nan,,,,RAJ2000,DEJ2000,zsp,True
731383,8,091648.90+385428.1_731383_1,149.92138971002402,2.408111741761994,1.25600004196167,vizier,COSMOS_Ilbert2013_zspec,J/ApJS/206/8,1,149.92137,2.4081137,0.07124307193037308,nan,nan,,,,RAJ2000,DEJ2000,zsp,True
731479,1,162745.35+092838.3_731479_0.03,149.9794038848509,2.4081846096773885,0.8650000095367432,vizier,COSMOS_Ilbert2013_zspec,J/ApJS/206/8,1,149.97942,2.4082143,0.12159022107157964,nan,nan,,,,RAJ2000,DEJ2000,zsp,True
732676,1,162830.17+161314.6_732676_0.3,149.8844725185733,2.4099643947937337,0.7310000061988831,vizier,zCOSMOS_Lilly2007,J/ApJS/172/70/zcosmos3,1,149.884476,2.409966,0.01379114307270756,0.730400025844574,-0.000599980354309082,True,832896,4.5,RAJ2000,DEJ2000,z,True
732702,8,155206.82+222539.2_732702_0.0001,149.56399182861452,2.4083550523131843,0.5498999953269958,vizier,zCOSMOS_Lilly2007,J/ApJS/172/70/zcosmos3,1,149.56398,2.408352,0.043941487751194885,0.5493999719619751,-0.000500023365020752,True,834561,3.5,RAJ2000,DEJ2000,z,True
733290,7,093552.97+495314.3_733290_0.01,150.19121621503552,2.4113597672304055,1.9266999959945679,vizier,COSMOS_Ilbert2013_zspec,J/ApJS/206/8,1,150.19122,2.4114585,0.3556985895575166,nan,nan,,,,RAJ2000,DEJ2000,zsp,True
733313,13,140410.58+093745.2_733313_0.0003,149.60753815358046,2.4111422008748975,0.42899999022483826,vizier,zCOSMOS_Lilly2007,J/ApJS/172/70/zcosmos3,1,149.607544,2.411153,0.04419961899795606,0.4284999966621399,-0.0004999935626983643,True,834351,4.5,RAJ2000,DEJ2000,z,True
733344,1,082345.44+585556.2_733344_0.3,149.59919964826352,2.410269040812464,0.5163999795913696,vizier,zCOSMOS_Lilly2007,J/ApJS/172/70/zcosmos3,1,149.599197,2.410259,0.037380901402591885,0.5159000158309937,-0.0004999637603759766,True,834395,3.5,RAJ2000,DEJ2000,z,True
734046,2,083925.79+310740.0_734046_0.1,150.48222346997517,2.411666857800288,0.553600013256073,vizier,COSMOS_Ilbert2013_zspec,J/ApJS/206/8,1,150.48222,2.4116781,0.04235265926065267,0.5536,-1.3256073017053893e-08,True,829756,4.5,RAJ2000,DEJ2000,zsp,True
735214,8,164531.15+320205.4_735214_1,150.23434115469098,2.414862467527538,1.941100001335144,vizier,COSMOS_Ilbert2013_zspec,J/ApJS/206/8,1,150.23433,2.414866,0.042088386807867514,nan,nan,,,,RAJ2000,DEJ2000,zsp,True
735387,3,075626.44+132541.1_735387_0.3,149.47763030643037,2.4125029841933348,0.48030000925064087,vizier,zCOSMOS_Lilly2007,J/ApJS/172/70/zcosmos3,1,149.477615,2.412491,0.0699450053816395,0.4797999858856201,-0.000500023365020752,True,834918,4.5,RAJ2000,DEJ2000,z,True
735619,28,162816.24+251340.7_735619_0.03,149.8646592864615,2.4158120459744468,3.378999948501587,vizier,COSMOS_Ilbert2013_zspec,J/ApJS/206/8,1,149.86465,2.4157877,0.09379444842919839,nan,nan,,,,RAJ2000,DEJ2000,zsp,True
735656,13,151339.85+011727.4_735656_0.01,150.4668121596176,2.4147838780046853,0.21539999544620514,vizier,COSMOS_Ilbert2013_zspec,J/ApJS/206/8,1,150.46675,2.4146142,0.6504711347872504,nan,nan,,,,RAJ2000,DEJ2000,zsp,True
736075,15,160058.63+252912.9_736075_1,149.8341273404456,2.416707170901045,3.305000066757202,vizier,COSMOS_Ilbert2013_zspec,J/ApJS/206/8,1,149.83411,2.4166751,0.13122477073144231,nan,nan,,,,RAJ2000,DEJ2000,zsp,True
736084,37,162832.63+300754.9_736084_0.0001,150.62502201618906,2.4156801085941813,0.38339999318122864,vizier,zCOSMOS_Lilly2007,J/ApJS/172/70/zcosmos3,1,150.625031,2.415684,0.03521906240136075,0.3828999996185303,-0.0004999935626983643,True,829054,3.5,RAJ2000,DEJ2000,z,True
736521,7,082345.44+585556.2_736521_0.1,150.18505907712822,2.417246522878252,0.5073999762535095,vizier,COSMOS_Ilbert2013_zspec,J/ApJS/206/8,1,150.18504,2.4172463,0.06862124188028809,nan,nan,,,,RAJ2000,DEJ2000,zsp,True
737847,3,075209.09+414235.5_737847_0.03,149.99302883583022,2.4182382784538223,0.2498999983072281,vizier,zCOSMOS_Lilly2007,J/ApJS/172/70/zcosmos3,1,149.993027,2.418248,0.035615033524112584,0.24950000643730164,-0.00039999186992645264,True,832362,4.5,RAJ2000,DEJ2000,z,True
738007,2,164227.03+263252.6_738007_0.003,149.98251646861738,2.4192171617675604,1.4579999446868896,vizier,COSMOS_Ilbert2013_zspec,J/ApJS/206/8,1,149.98254,2.4192646,0.1906003756100506,nan,nan,,,,RAJ2000,DEJ2000,zsp,True
738216,1,150113.19+232908.2_738216_0.1,149.82976690264417,2.41644402420265,0.25940001010894775,vizier,zCOSMOS_Lilly2007,J/ApJS/172/70/zcosmos3,1,149.829773,2.416448,0.026188267433517404,0.2590000033378601,-0.0004000067710876465,True,833196,3.5,RAJ2000,DEJ2000,z,True
738525,3,142951.36+212410.0_738525_0.01,150.13400050465648,2.4187544527420983,0.7287999987602234,vizier,COSMOS_Ilbert2013_zspec,J/ApJS/206/8,1,150.13399,2.4187605,0.04360618023990111,0.7288,1.239776614703203e-09,True,831539,3.5,RAJ2000,DEJ2000,zsp,True
738645,20,074815.82+355912.2_738645_1,150.13443957430277,2.420599579367345,3.4144999980926514,vizier,COSMOS_Ilbert2013_zspec,J/ApJS/206/8,1,150.13448,2.4206407,0.20749958585083536,nan,nan,,,,RAJ2000,DEJ2000,zsp,True
739668,2,090803.84+312157.4_739668_0.1,150.39025166131034,2.4205556781141957,0.3495999872684479,vizier,zCOSMOS_Lilly2007,J/ApJS/172/70/zcosmos3,1,150.390244,2.420556,0.027580462066916205,0.3492000102996826,-0.0003999769687652588,True,830271,4.5,RAJ2000,DEJ2000,z,True
739778,6,155403.96+024730.4_739778_0.03,149.60086320755076,2.4192787944506446,0.18809999525547028,vizier,zCOSMOS_Lilly2007,J/ApJS/172/70/zcosmos3,1,149.600861,2.41928,0.009048788992354385,0.18770000338554382,-0.00039999186992645264,True,834388,3.5,RAJ2000,DEJ2000,z,True
739815,10,140332.86+133218.7_739815_0.01,149.95488270537697,2.4222387594404498,1.093000054359436,vizier,COSMOS_Ilbert2013_zspec,J/ApJS/206/8,1,149.95491,2.422246,0.10157433227213898,nan,nan,,,,RAJ2000,DEJ2000,zsp,True
739926,2,081253.10+401859.9_739926_1,150.47084071367817,2.4195519143387476,0.5529999732971191,vizier,COSMOS_Ilbert2013_zspec,J/ApJS/206/8,1,150.47086,2.4195628,0.07967288016686751,nan,nan,,,,RAJ2000,DEJ2000,zsp,True
739962,8,110213.70+671045.2_739962_0.3,149.96207410729585,2.4216535116488225,1.9607000350952148,vizier,COSMOS_Ilbert2013_zspec,J/ApJS/206/8,1,149.96208,2.4216652,0.04711456879563959,nan,nan,,,,RAJ2000,DEJ2000,zsp,True
740132,8,155102.78+084401.2_740132_0.1,150.1653414367675,2.4225103003229598,2.505500078201294,vizier,COSMOS_Ilbert2013_zspec,J/ApJS/206/8,1,150.16531,2.4225094,0.11311766508600617,nan,nan,,,,RAJ2000,DEJ2000,zsp,True
740368,4,135943.14-003424.5_740368_0.3,149.5119848539848,2.421920978257389,0.16519999504089355,vizier,zCOSMOS_Lilly2007,J/ApJS/172/70/zcosmos3,1,149.511993,2.421931,0.046476877122167484,0.1648000031709671,-0.00039999186992645264,True,834764,4.5,RAJ2000,DEJ2000,z,True
740531,1,160129.68+134124.8_740531_0.01,150.1268216523897,2.4216929032813037,0.7498999834060669,vizier,zCOSMOS_Lilly2007,J/ApJS/172/70/zcosmos3,1,150.126816,2.421688,0.026924205939550243,0.7493000030517578,-0.000599980354309082,True,831578,3.5,RAJ2000,DEJ2000,z,True
740896,1,074700.19+285608.5_740896_0.003,149.9923338903966,2.42219747647273,0.2517000138759613,vizier,zCOSMOS_Lilly2007,J/ApJS/172/70/zcosmos3,1,149.99234,2.422189,0.03760426565251806,0.25130000710487366,-0.0004000067710876465,True,832365,3.5,RAJ2000,DEJ2000,z,True
741553,1,154511.29+223856.0_741553_0.03,149.92707587083643,2.422691772405827,0.2222999930381775,vizier,zCOSMOS_Lilly2007,J/ApJS/172/70/zcosmos3,1,149.927078,2.422694,0.01108859187638177,0.22190000116825104,-0.00039999186992645264,True,832676,4.5,RAJ2000,DEJ2000,z,True
742029,1,030000.57+004828.0_742029_1,150.0014021605716,2.424539705886732,0.8920000195503235,vizier,COSMOS_Ilbert2013_zspec,J/ApJS/206/8,1,150.00142,2.4245667,0.11645083669898244,nan,nan,,,,RAJ2000,DEJ2000,zsp,True
743046,7,013526.93+231844.9_743046_1,149.82945409625293,2.4258517448356254,1.1827000379562378,vizier,COSMOS_Ilbert2013_zspec,J/ApJS/206/8,1,149.82948,2.4258466,0.09499303326996968,nan,nan,,,,RAJ2000,DEJ2000,zsp,True
743195,2,090654.47+391455.3_743195_0.01,150.00635731676596,2.4262041013069906,0.24740000069141388,vizier,zCOSMOS_Lilly2007,J/ApJS/172/70/zcosmos3,1,150.006348,2.426217,0.05726409169256723,0.24699999392032623,-0.0004000067710876465,True,832292,4.5,RAJ2000,DEJ2000,z,True
743197,3,162639.79+270155.5_743197_0.03,149.78168195033345,2.4237740530680054,0.8289999961853027,vizier,zCOSMOS_Lilly2007,J/ApJS/172/70/zcosmos3,1,149.781662,2.42379,0.09189585136038167,0.8292999863624573,0.000299990177154541,True,833426,2.5,RAJ2000,DEJ2000,z,True
743634,4,153747.35+170023.9_743634_0.003,149.91028905563522,2.426704875742217,0.5692999958992004,vizier,zCOSMOS_Lilly2007,J/ApJS/172/70/zcosmos3,1,149.910294,2.426711,0.028325720684673573,0.5687999725341797,-0.000500023365020752,True,832771,3.5,RAJ2000,DEJ2000,z,True
744013,3,081010.98+201421.1_744013_0.3,150.18566227752763,2.425973586137877,0.7307999730110168,vizier,zCOSMOS_Lilly2007,J/ApJS/172/70/zcosmos3,1,150.185669,2.425956,0.06777021853043219,0.7301999926567078,-0.000599980354309082,True,831304,3.5,RAJ2000,DEJ2000,z,True
744036,17,091325.90+300449.2_744036_1,149.9899662726276,2.4281304304894387,0.906000018119812,vizier,COSMOS_Ilbert2013_zspec,J/ApJS/206/8,1,149.98997,2.428134,0.018570478315404836,nan,nan,,,,RAJ2000,DEJ2000,zsp,True
744214,4,083455.86+370149.6_744214_0.003,149.98702279631001,2.427725481693238,0.9120000004768372,vizier,COSMOS_Ilbert2013_zspec,J/ApJS/206/8,1,149.98705,2.4277563,0.14792806571182002,nan,nan,,,,RAJ2000,DEJ2000,zsp,True
744499,1,170114.41+240719.9_744499_0.3,150.4340993561378,2.4275524986877106,0.38179999589920044,vizier,zCOSMOS_Lilly2007,J/ApJS/172/70/zcosmos3,1,150.434097,2.427557,0.018286879650462176,0.3813000023365021,-0.0004999935626983643,True,830008,3.5,RAJ2000,DEJ2000,z,True
744721,11,140911.16+135443.3_744721_0.1,150.4414927564481,2.429134427524778,2.8461999893188477,vizier,COSMOS_Ilbert2013_zspec,J/ApJS/206/8,1,150.44153,2.4291632,0.1693319129332984,nan,nan,,,,RAJ2000,DEJ2000,zsp,True
745121,2,154518.05+463837.9_745121_0.1,150.05481549506433,2.426701808379842,0.2214999943971634,vizier,zCOSMOS_Lilly2007,J/ApJS/172/70/zcosmos3,1,150.05481,2.426704,0.021281084601096924,0.22110000252723694,-0.00039999186992645264,True,832014,3.5,RAJ2000,DEJ2000,z,True
745169,1,161737.10+143828.8_745169_0.1,150.32813488067703,2.4299163781952307,2.557499885559082,vizier,COSMOS_Ilbert2013_zspec,J/ApJS/206/8,1,150.32812,2.4299607,0.16829601042808132,nan,nan,,,,RAJ2000,DEJ2000,zsp,True
745294,5,074959.03+390138.2_745294_0.003,150.76663890088358,2.427966342047279,0.3617999851703644,vizier,zCOSMOS_Lilly2007,J/ApJS/172/70/zcosmos3,1,150.766632,2.427969,0.026601403799202283,0.361299991607666,-0.0004999935626983643,True,828330,4.5,RAJ2000,DEJ2000,z,True
745637,15,153420.23+413007.5_745637_0.1,149.89954676113092,2.430376064021872,1.402999997138977,vizier,COSMOS_Ilbert2013_zspec,J/ApJS/206/8,1,149.89955,2.4303837,0.029856041959924588,nan,nan,,,,RAJ2000,DEJ2000,zsp,True
745897,2,171421.80+283750.8_745897_0.003,149.50454615473694,2.4303460035735114,0.5683000087738037,vizier,zCOSMOS_Lilly2007,J/ApJS/172/70/zcosmos3,1,149.504547,2.430342,0.014730021844814612,0.567799985408783,-0.000500023365020752,True,834797,4.5,RAJ2000,DEJ2000,z,True
746752,3,083205.43+500418.5_746752_0.03,150.60315700582657,2.432048420384149,1.524399995803833,vizier,COSMOS_Ilbert2013_zspec,J/ApJS/206/8,1,150.60315,2.432059,0.045667741296824146,nan,nan,,,,RAJ2000,DEJ2000,zsp,True
746986,5,092853.51+570735.3_746986_0.1,149.95640270738448,2.432678983399402,1.6751999855041504,vizier,COSMOS_Ilbert2013_zspec,J/ApJS/206/8,1,149.95644,2.4326839,0.13529519132776838,nan,nan,,,,RAJ2000,DEJ2000,zsp,True
747508,1,080504.05+120540.3_747508_0.003,150.2977828212702,2.4322786584692015,0.33059999346733093,vizier,zCOSMOS_Lilly2007,J/ApJS/172/70/zcosmos3,1,150.297775,2.432275,0.031061656941275342,0.3301999866962433,-0.0004000067710876465,True,830732,4.5,RAJ2000,DEJ2000,z,True
747839,1,143229.91+012332.6_747839_0.3,149.55883133839086,2.4313328152617495,0.48089998960494995,vizier,zCOSMOS_Lilly2007,J/ApJS/172/70/zcosmos3,1,149.558823,2.431325,0.041122331044702254,0.4803999960422516,-0.0004999935626983643,True,834590,4.5,RAJ2000,DEJ2000,z,True
748027,3,155403.96+024730.4_748027_1,150.6177930429129,2.4303916712651037,0.19580000638961792,vizier,zCOSMOS_Lilly2007,J/ApJS/172/70/zcosmos3,1,150.617783,2.430388,0.038463926493225095,0.19539999961853027,-0.0004000067710876465,True,829092,4.5,RAJ2000,DEJ2000,z,True
748417,3,160211.49+141053.4_748417_0.003,150.1294614202623,2.4339465549138626,0.26660001277923584,vizier,zCOSMOS_Lilly2007,J/ApJS/172/70/zcosmos3,1,150.129456,2.433945,0.020283057811178676,0.2662000060081482,-0.0004000067710876465,True,831564,4.5,RAJ2000,DEJ2000,z,True
748710,14,083231.61+211534.6_748710_0.001,150.36040426062647,2.4357426652057854,2.506999969482422,vizier,COSMOS_Ilbert2013_zspec,J/ApJS/206/8,1,150.3604,2.4357529,0.03990501567844352,nan,nan,,,,RAJ2000,DEJ2000,zsp,True
749190,3,072534.24+431335.1_749190_0.001,149.96323811475776,2.4367238587503293,2.4560999870300293,vizier,COSMOS_Ilbert2013_zspec,J/ApJS/206/8,1,149.96326,2.4367478,0.11672449570465876,nan,nan,,,,RAJ2000,DEJ2000,zsp,True
749388,3,015222.08+133415.4_749388_0.1,149.61558682749322,2.435385264450609,0.37389999628067017,vizier,zCOSMOS_Lilly2007,J/ApJS/172/70/zcosmos3,1,149.615585,2.435392,0.02512308090017616,0.3734000027179718,-0.0004999935626983643,True,834317,3.5,RAJ2000,DEJ2000,z,True
749568,7,160835.17+454205.2_749568_0.003,149.95718814067965,2.435757462916658,0.42660000920295715,vizier,zCOSMOS_Lilly2007,J/ApJS/172/70/zcosmos3,1,149.957184,2.435756,0.015796735036213108,0.4260999858379364,-0.000500023365020752,True,832534,4.5,RAJ2000,DEJ2000,z,True
750123,5,094911.85+494259.1_750123_0.001,149.91052184776086,2.4373390616454556,1.125,vizier,COSMOS_Ilbert2013_zspec,J/ApJS/206/8,1,149.91052,2.4373577,0.06742640521829725,nan,nan,,,,RAJ2000,DEJ2000,zsp,True
750749,8,162114.39+181949.7_750749_1,149.91127409577706,2.4387919977511343,0.12039999663829803,vizier,COSMOS_Ilbert2013_zspec,J/ApJS/206/8,1,149.91129,2.4388075,0.07991724506636455,nan,nan,,,,RAJ2000,DEJ2000,zsp,True
750891,2,171700.73+414013.5_750891_0.03,150.38451993030463,2.439096636607419,2.1937999725341797,vizier,COSMOS_Ilbert2013_zspec,J/ApJS/206/8,1,150.38451,2.4391088,0.056507441097497224,nan,nan,,,,RAJ2000,DEJ2000,zsp,True
751525,5,084429.24+221040.4_751525_0.1,149.9724100882597,2.438154740847925,0.7311000227928162,vizier,zCOSMOS_Lilly2007,J/ApJS/172/70/zcosmos3,1,149.972412,2.438152,0.01202657802994324,0.7304999828338623,-0.0006000399589538574,True,832462,3.5,RAJ2000,DEJ2000,z,True
751540,1,032838.28-000341.6_751540_1,150.23150612164747,2.436719849386706,0.3124000132083893,vizier,zCOSMOS_Lilly2007,J/ApJS/172/70/zcosmos3,1,150.231506,2.436725,0.01854736932984303,0.31200000643730164,-0.0004000067710876465,True,831081,4.5,RAJ2000,DEJ2000,z,True
751768,1,094045.09+445504.3_751768_0.3,150.2949101443539,2.4394621522838715,0.5307000279426575,vizier,zCOSMOS_Lilly2007,J/ApJS/172/70/zcosmos3,1,150.294907,2.43946,0.01370904174636587,0.5302000045776367,-0.000500023365020752,True,830749,3.5,RAJ2000,DEJ2000,z,True
752391,13,075209.09+414235.5_752391_1,150.05412373196756,2.4384979566251466,0.24899999797344208,vizier,COSMOS_Ilbert2013_zspec,J/ApJS/206/8,1,150.05414,2.4385035,0.06182142421807154,nan,nan,,,,RAJ2000,DEJ2000,zsp,True
753093,6,080302.80+211510.1_753093_0.0001,149.56662823304526,2.4378688828326776,0.35989999771118164,vizier,zCOSMOS_Lilly2007,J/ApJS/172/70/zcosmos3,1,149.56662,2.43787,0.029884002341000245,0.3594000041484833,-0.0004999935626983643,True,834547,3.5,RAJ2000,DEJ2000,z,True
753557,30,150545.45+142325.4_753557_0.0001,149.88375825042883,2.442904157067021,0.4259999990463257,vizier,COSMOS_Ilbert2013_zspec,J/ApJS/206/8,1,149.88374,2.4428949,0.07361681470316672,nan,nan,,,,RAJ2000,DEJ2000,zsp,True
753636,2,080459.91+122448.8_753636_0.0003,150.62147911698958,2.4405820408158023,0.6100000143051147,vizier,zCOSMOS_Lilly2007,J/ApJS/172/70/zcosmos3,1,150.621475,2.440567,0.05613518774593052,0.609499990940094,-0.000500023365020752,True,829070,3.5,RAJ2000,DEJ2000,z,True
754053,1,153325.42+361915.5_754053_1,149.56994884871068,2.44158799850798,0.6920999884605408,vizier,zCOSMOS_Lilly2007,J/ApJS/172/70/zcosmos3,1,149.569946,2.44159,0.012525928413265353,0.6915000081062317,-0.000599980354309082,True,834531,4.5,RAJ2000,DEJ2000,z,True
754336,13,083950.18+432941.4_754336_0.0003,150.42346718646533,2.4405220373332512,0.5526999831199646,vizier,zCOSMOS_Lilly2007,J/ApJS/172/70/zcosmos3,1,150.423462,2.440519,0.021622800145916124,0.5522000193595886,-0.0004999637603759766,True,830068,3.5,RAJ2000,DEJ2000,z,True
754647,2,035024.19-045315.5_754647_0.3,149.77205773403423,2.4434027829522695,0.7128000259399414,vizier,COSMOS_Ilbert2013_zspec,J/ApJS/206/8,1,149.77206,2.4434085,0.022136312863952255,0.7128,-2.5939941417085777e-08,True,833485,3.5,RAJ2000,DEJ2000,zsp,True
754796,3,145035.04+324109.2_754796_0.03,150.10698492796703,2.4444565910076266,0.2395000010728836,vizier,zCOSMOS_Lilly2007,J/ApJS/172/70/zcosmos3,1,150.106979,2.444454,0.02327231946038627,0.23909999430179596,-0.0004000067710876465,True,701357,3.5,RAJ2000,DEJ2000,z,True
755275,10,101347.80+594006.3_755275_0.03,150.5194553451356,2.441357963503966,0.3278000056743622,vizier,zCOSMOS_Lilly2007,J/ApJS/172/70/zcosmos3,1,150.519455,2.441342,0.05748201982222507,0.32739999890327454,-0.0004000067710876465,True,829573,3.5,RAJ2000,DEJ2000,z,True
755463,2,163352.27+361916.9_755463_0.03,150.32801803791395,2.444587373611761,0.6804999709129333,vizier,zCOSMOS_Lilly2007,J/ApJS/172/70/zcosmos3,1,150.328018,2.444591,0.013055709848561673,0.6798999905586243,-0.000599980354309082,True,830595,3.5,RAJ2000,DEJ2000,z,True
755688,3,031208.17-063736.1_755688_0.3,150.3728629205881,2.4433492076009378,0.37599998712539673,vizier,COSMOS_Ilbert2013_zspec,J/ApJS/206/8,1,150.37286,2.4433467,0.01385059693275874,0.376,1.2874603272372553e-08,True,830391,4.5,RAJ2000,DEJ2000,zsp,True
755689,4,165658.00+252519.8_755689_0.3,150.01913884714935,2.444796553187759,0.26570001244544983,vizier,zCOSMOS_Lilly2007,J/ApJS/172/70/zcosmos3,1,150.019135,2.444806,0.03671574475819283,0.2653000056743622,-0.0004000067710876465,True,832221,3.5,RAJ2000,DEJ2000,z,True
755722,9,140259.67+145615.5_755722_1,149.98937436377523,2.446108646944785,2.0871999263763428,vizier,COSMOS_Ilbert2013_zspec,J/ApJS/206/8,1,149.9894,2.4461238,0.10713456892616745,nan,nan,,,,RAJ2000,DEJ2000,zsp,True
756865,19,153857.86+141237.5_756865_0.0003,149.9255473787599,2.4471502315249043,0.7179999947547913,vizier,COSMOS_Ilbert2013_zspec,J/ApJS/206/8,1,149.92555,2.4471543,0.017418518384300054,nan,nan,,,,RAJ2000,DEJ2000,zsp,True
757167,3,021359.79+004226.7_757167_0.0001,150.4545602675691,2.4476696985369055,0.17499999701976776,vizier,zCOSMOS_Lilly2007,J/ApJS/172/70/zcosmos3,1,150.454559,2.447666,0.014073641019124129,0.1746000051498413,-0.00039999186992645264,True,829896,3.5,RAJ2000,DEJ2000,z,True
757182,38,151131.14+263523.2_757182_0.003,149.76939547049824,2.4482800881468134,0.3986000120639801,vizier,COSMOS_Ilbert2013_zspec,J/ApJS/206/8,1,149.76941,2.4482839,0.054030162064260805,nan,nan,,,,RAJ2000,DEJ2000,zsp,True
757759,5,083132.59+521142.6_757759_1,150.2454103240795,2.448315864881511,0.3970000147819519,vizier,COSMOS_Ilbert2013_zspec,J/ApJS/206/8,1,150.24541,2.4483235,0.02751113079869866,0.397,-1.478195188475695e-08,True,831021,4.5,RAJ2000,DEJ2000,zsp,True
757939,6,075114.93+353950.0_757939_1,149.75846349796868,2.448565647990014,0.7459999918937683,vizier,COSMOS_Ilbert2013_zspec,J/ApJS/206/8,1,149.75847,2.448575,0.04099249958736475,0.746,8.106231685900411e-09,True,833577,3.5,RAJ2000,DEJ2000,zsp,True
757944,5,085828.69+342343.8_757944_0.003,150.21090975018691,2.449269357281165,0.2653999924659729,vizier,zCOSMOS_Lilly2007,J/ApJS/172/70/zcosmos3,1,150.210907,2.449276,0.025878824444589252,0.26499998569488525,-0.0004000067710876465,True,831178,4.5,RAJ2000,DEJ2000,z,True
758018,2,084952.43+333303.6_758018_0.0001,149.9104936983639,2.4466769512773645,0.3582000136375427,vizier,COSMOS_Ilbert2013_zspec,J/ApJS/206/8,1,149.91051,2.4466777,0.05869431364317407,nan,nan,,,,RAJ2000,DEJ2000,zsp,True
758946,6,081755.69+125654.3_758946_0.003,150.21830120775422,2.4504883321829607,0.7570000290870667,vizier,COSMOS_Ilbert2013_zspec,J/ApJS/206/8,1,150.21829,2.4504919,0.042307802993958886,nan,nan,,,,RAJ2000,DEJ2000,zsp,True
759050,3,104936.69+644212.6_759050_0.01,150.380289115167,2.4485064172690363,0.34850001335144043,vizier,COSMOS_Ilbert2013_zspec,J/ApJS/206/8,1,150.38029,2.4485025,0.014456811680545458,0.3485,-1.3351440453224228e-08,True,830337,4.5,RAJ2000,DEJ2000,zsp,True
759166,4,165658.00+252519.8_759166_0.1,150.74579702550437,2.450309994014588,0.2689000070095062,vizier,zCOSMOS_Lilly2007,J/ApJS/172/70/zcosmos3,1,150.745804,2.450317,0.03557239206580294,0.2685000002384186,-0.0004000067710876465,True,828453,4.5,RAJ2000,DEJ2000,z,True
759489,9,090440.34+213720.6_759489_0.0001,149.82481525574022,2.450337877131989,0.9779999852180481,vizier,COSMOS_Ilbert2013_zspec,J/ApJS/206/8,1,149.8248,2.4503343,0.05636133975561778,nan,nan,,,,RAJ2000,DEJ2000,zsp,True
759655,2,080622.90+251857.6_759655_0.003,150.06978077764643,2.4525231003822134,2.427999973297119,vizier,COSMOS_Ilbert2013_zspec,J/ApJS/206/8,1,150.06979,2.4525061,0.06961222198118472,nan,nan,,,,RAJ2000,DEJ2000,zsp,True
759932,5,172308.14+524455.5_759932_0.3,150.24169235979798,2.452359484005032,1.8250999450683594,vizier,COSMOS_Ilbert2013_zspec,J/ApJS/206/8,1,150.24168,2.4523585,0.04459543933804039,nan,nan,,,,RAJ2000,DEJ2000,zsp,True
760803,18,094110.68+544448.9_760803_0.003,149.6453316739001,2.45335519826516,0.48100000619888306,vizier,zCOSMOS_Lilly2007,J/ApJS/172/70/zcosmos3,1,149.645355,2.453368,0.0957217151167666,0.4805000126361847,-0.0004999935626983643,True,834158,3.5,RAJ2000,DEJ2000,z,True
760898,11,153245.10+041231.3_760898_0.0001,149.6951773175463,2.4525568468206425,0.7447999715805054,vizier,zCOSMOS_Lilly2007,J/ApJS/172/70/zcosmos3,1,149.695175,2.452554,0.013210368302983612,0.7441999912261963,-0.000599980354309082,True,833879,3.5,RAJ2000,DEJ2000,z,True
761026,1,161003.36+234113.9_761026_0.03,150.27033134890817,2.453232385274596,0.6953999996185303,vizier,zCOSMOS_Lilly2007,J/ApJS/172/70/zcosmos3,1,150.270325,2.453238,0.03049604251915048,0.6948000192642212,-0.000599980354309082,True,830880,3.5,RAJ2000,DEJ2000,z,True
761293,14,080600.19+134322.0_761293_0.0001,149.96259630700956,2.45519062543793,0.2619999945163727,vizier,COSMOS_Ilbert2013_zspec,J/ApJS/206/8,1,149.96263,2.4552267,0.17762665459827098,nan,nan,,,,RAJ2000,DEJ2000,zsp,True
761321,4,080424.20+344429.1_761321_0.3,150.1800009259434,2.453852232345225,0.7013999819755554,vizier,zCOSMOS_Lilly2007,J/ApJS/172/70/zcosmos3,1,150.179993,2.453852,0.028519500570132285,0.7008000016212463,-0.000599980354309082,True,831328,4.5,RAJ2000,DEJ2000,z,True
761435,23,155912.34+482819.9_761435_0.3,149.96893934893603,2.4556875326256375,3.4140000343322754,vizier,COSMOS_Ilbert2013_zspec,J/ApJS/206/8,1,149.96896,2.4556916,0.0757051028115933,nan,nan,,,,RAJ2000,DEJ2000,zsp,True
761644,13,171439.14+343022.0_761644_0.3,150.19861091264548,2.455241066275673,1.5089999437332153,vizier,COSMOS_Ilbert2013_zspec,J/ApJS/206/8,1,150.19859,2.4552438,0.07585750968953027,nan,nan,,,,RAJ2000,DEJ2000,zsp,True
761759,24,165430.72+395419.7_761759_0.0003,149.48026105511514,2.454617219824196,0.3361999988555908,vizier,zCOSMOS_Lilly2007,J/ApJS/172/70/zcosmos3,1,149.480255,2.454611,0.03123575866174203,0.3357999920845032,-0.0004000067710876465,True,834906,4.5,RAJ2000,DEJ2000,z,True
761832,31,033344.42-060625.2_761832_0.03,150.36988083736557,2.4559342488486657,4.073999881744385,vizier,COSMOS_Ilbert2013_zspec,J/ApJS/206/8,1,150.36986,2.4559281,0.07814627988503406,nan,nan,,,,RAJ2000,DEJ2000,zsp,True
762255,36,162905.29+155319.3_762255_0.0003,150.28568302435357,2.4547082543742085,1.2389999628067017,vizier,COSMOS_Ilbert2013_zspec,J/ApJS/206/8,1,150.28568,2.4546981,0.03813982984070803,nan,nan,,,,RAJ2000,DEJ2000,zsp,True
762544,4,081923.80+283050.7_762544_0.0001,150.3537014763733,2.4562648197838493,1.482699990272522,vizier,COSMOS_Ilbert2013_zspec,J/ApJS/206/8,1,150.35368,2.4562688,0.07856166576723542,nan,nan,,,,RAJ2000,DEJ2000,zsp,True
763152,2,165129.57+440035.9_763152_0.1,150.6703318824733,2.4565330932300937,0.7276999950408936,vizier,zCOSMOS_Lilly2007,J/ApJS/172/70/zcosmos3,1,150.670349,2.456532,0.0616921300438322,0.7271000146865845,-0.000599980354309082,True,828805,3.5,RAJ2000,DEJ2000,z,True
763605,19,031614.19-065216.9_763605_1,150.14023673230992,2.458564852825882,1.218999981880188,vizier,COSMOS_Ilbert2013_zspec,J/ApJS/206/8,1,150.14023,2.4585826,0.06832443240924153,nan,nan,,,,RAJ2000,DEJ2000,zsp,True
763624,1,074914.60+175631.9_763624_0.1,150.51258357851313,2.4568519530015784,0.4343999922275543,vizier,zCOSMOS_Lilly2007,J/ApJS/172/70/zcosmos3,1,150.512589,2.456836,0.060650841033333014,0.43389999866485596,-0.0004999935626983643,True,829604,3.5,RAJ2000,DEJ2000,z,True
763682,45,151903.00+220821.3_763682_0.0003,149.90821229923998,2.457866638608722,0.9070000052452087,vizier,COSMOS_Ilbert2013_zspec,J/ApJS/206/8,1,149.90822,2.4578733,0.03663639483465493,nan,nan,,,,RAJ2000,DEJ2000,zsp,True
764457,1,135219.41+023756.8_764457_0.3,149.59222346611944,2.458941268534979,0.36039999127388,vizier,zCOSMOS_Lilly2007,J/ApJS/172/70/zcosmos3,1,149.592224,2.458916,0.09098699024969037,0.35989999771118164,-0.0004999935626983643,True,834420,3.5,RAJ2000,DEJ2000,z,True
764825,8,092650.74+573751.9_764825_0.003,149.4657242852597,2.4591430911230305,0.4787999987602234,vizier,zCOSMOS_Lilly2007,J/ApJS/172/70/zcosmos3,1,149.465714,2.459133,0.05184782171090533,0.478300005197525,-0.0004999935626983643,True,834974,3.5,RAJ2000,DEJ2000,z,True
764851,3,155757.23+503546.4_764851_1,150.104410250864,2.459264250216988,0.7317000031471252,vizier,zCOSMOS_Lilly2007,J/ApJS/172/70/zcosmos3,1,150.104416,2.45925,0.05531132520603509,0.7311000227928162,-0.000599980354309082,True,831694,3.5,RAJ2000,DEJ2000,z,True
765039,1,080306.75+302411.9_765039_0.003,150.37923456328215,2.45970472100376,0.3465999960899353,vizier,zCOSMOS_Lilly2007,J/ApJS/172/70/zcosmos3,1,150.379242,2.45969,0.059362991566218465,0.34619998931884766,-0.0004000067710876465,True,837427,3.5,RAJ2000,DEJ2000,z,True
765364,33,090152.04+624342.7_765364_0.1,150.34647749424317,2.460925913978727,2.0933001041412354,vizier,COSMOS_Ilbert2013_zspec,J/ApJS/206/8,1,150.34648,2.4608977,0.10196937798842826,nan,nan,,,,RAJ2000,DEJ2000,zsp,True
765622,24,030313.02-001457.4_765622_0.0001,150.2537449849653,2.459469459675827,0.6952999830245972,vizier,COSMOS_Ilbert2013_zspec,J/ApJS/206/8,1,150.25374,2.4594696,0.017936459075568904,0.6953,1.6975402861163502e-08,True,830974,3.5,RAJ2000,DEJ2000,zsp,True
765815,9,143922.77+281339.5_765815_0.3,150.618480523624,2.4615011101112256,1.8320000171661377,vizier,COSMOS_Ilbert2013_zspec,J/ApJS/206/8,1,150.61847,2.461503,0.03845670655953955,nan,nan,,,,RAJ2000,DEJ2000,zsp,True
765830,66,140358.11+074120.0_765830_0.001,150.01208581839418,2.459077531051034,0.7459999918937683,vizier,zCOSMOS_Lilly2007,J/ApJS/172/70/zcosmos3,1,150.01207,2.459074,0.058296582122178094,0.7454000115394592,-0.000599980354309082,True,832259,3.5,RAJ2000,DEJ2000,z,True
765906,4,142218.93+155100.5_765906_0.003,150.1519207116818,2.4606414879619574,0.9776999950408936,vizier,COSMOS_Ilbert2013_zspec,J/ApJS/206/8,1,150.15192,2.4606445,0.011141363493316223,0.9777,4.959106458812812e-09,True,838675,4.5,RAJ2000,DEJ2000,zsp,True
765962,9,022809.78-001526.0_765962_0.003,149.92566154677561,2.4595362021767335,0.5015000104904175,vizier,zCOSMOS_Lilly2007,J/ApJS/172/70/zcosmos3,1,149.925659,2.45953,0.02413372918227163,0.5009999871253967,-0.000500023365020752,True,832683,3.5,RAJ2000,DEJ2000,z,True
766350,9,085350.54+272653.7_766350_0.0001,150.08377800207015,2.4628553097607027,2.420599937438965,vizier,COSMOS_Ilbert2013_zspec,J/ApJS/206/8,1,150.08379,2.4628606,0.04716839988658062,nan,nan,,,,RAJ2000,DEJ2000,zsp,True
766421,2,085833.90+574506.5_766421_1,150.24036845323664,2.4616007929852097,0.6096000075340271,vizier,zCOSMOS_Lilly2007,J/ApJS/172/70/zcosmos3,1,150.240356,2.461592,0.054846991041548214,0.6090999841690063,-0.000500023365020752,True,838176,3.5,RAJ2000,DEJ2000,z,True
766588,34,161332.84+292824.1_766588_0.01,150.19971649726028,2.4631020538470825,0.3743000030517578,vizier,COSMOS_Ilbert2013_zspec,J/ApJS/206/8,1,150.19974,2.4630771,0.12335204762996989,nan,nan,,,,RAJ2000,DEJ2000,zsp,True
766683,1,093027.87+514141.1_766683_0.3,150.4484651281384,2.460645174146446,0.6216999888420105,vizier,zCOSMOS_Lilly2007,J/ApJS/172/70/zcosmos3,1,150.448471,2.460636,0.03920202787265259,0.6212000250816345,-0.0004999637603759766,True,837021,3.5,RAJ2000,DEJ2000,z,True
766907,12,094732.42+524349.1_766907_0.0001,150.34925140980198,2.4635719683396955,2.0348000526428223,vizier,COSMOS_Ilbert2013_zspec,J/ApJS/206/8,1,150.34927,2.4635513,0.10003448440972319,nan,nan,,,,RAJ2000,DEJ2000,zsp,True
766939,12,145900.98+331919.8_766939_0.0003,149.46366790477984,2.458860847946829,0.484499990940094,vizier,COSMOS_Ilbert2013_zspec,J/ApJS/206/8,1,149.46367,2.4588642,0.014227119804788075,0.4845,9.05990599209261e-09,True,834982,3.5,RAJ2000,DEJ2000,zsp,True
767280,4,162538.69+255650.8_767280_0.3,150.19434753604943,2.463584829567125,1.2410000562667847,vizier,COSMOS_Ilbert2013_zspec,J/ApJS/206/8,1,150.19434,2.4635801,0.03200882135006767,nan,nan,,,,RAJ2000,DEJ2000,zsp,True
767500,4,025732.75-074331.5_767500_0.0003,150.04007226463668,2.462302565357164,0.4796000123023987,vizier,COSMOS_Ilbert2013_zspec,J/ApJS/206/8,1,150.04008,2.4623005,0.028797998452204557,0.4796,-1.2302398655350544e-08,True,839303,4.5,RAJ2000,DEJ2000,zsp,True
767507,6,082930.59+081238.0_767507_0.001,150.28224827855817,2.4602156029855027,0.12319999933242798,vizier,zCOSMOS_Lilly2007,J/ApJS/172/70/zcosmos3,1,150.282242,2.460212,0.02604200313298829,0.12280000001192093,-0.00039999932050704956,True,837954,3.5,RAJ2000,DEJ2000,z,True
767829,4,100400.92+524242.3_767829_0.3,150.53714864698912,2.4633636534516024,0.2150000035762787,vizier,zCOSMOS_Lilly2007,J/ApJS/172/70/zcosmos3,1,150.53714,2.463315,0.17789212134618518,0.21459999680519104,-0.0004000067710876465,True,836540,3.5,RAJ2000,DEJ2000,z,True
767957,11,085303.86+280711.4_767957_0.003,150.25192565127938,2.4653308796846747,2.9748001098632812,vizier,COSMOS_Ilbert2013_zspec,J/ApJS/206/8,1,150.25191,2.4653649,0.13479061260267697,nan,nan,,,,RAJ2000,DEJ2000,zsp,True
768361,1,143229.91+012332.6_768361_1,149.6921501211377,2.46171770980588,0.47609999775886536,vizier,COSMOS_Ilbert2013_zspec,J/ApJS/206/8,1,149.69215,2.4617138,0.014082042877231233,0.4761,2.2411346667361443e-09,True,841111,3.5,RAJ2000,DEJ2000,zsp,True
768578,5,092252.52+413120.8_768578_0.03,149.87664687657016,2.4647218889440943,0.7305999994277954,vizier,zCOSMOS_Lilly2007,J/ApJS/172/70/zcosmos3,1,149.876617,2.464708,0.1185193846165216,0.7300000190734863,-0.000599980354309082,True,840281,3.5,RAJ2000,DEJ2000,z,True
768944,4,091559.74+325720.8_768944_1,150.01368880254714,2.466729473416223,2.414799928665161,vizier,COSMOS_Ilbert2013_zspec,J/ApJS/206/8,1,150.0137,2.4667368,0.04814177626033801,nan,nan,,,,RAJ2000,DEJ2000,zsp,True
768997,3,143904.69+165347.7_768997_0.01,150.24991806087246,2.4664100799331186,2.449700117111206,vizier,COSMOS_Ilbert2013_zspec,J/ApJS/206/8,1,150.24989,2.4663866,0.13164691683630267,nan,nan,,,,RAJ2000,DEJ2000,zsp,True
769017,9,155123.14+351408.5_769017_1,150.15731304551187,2.4668304990455128,1.1291999816894531,vizier,COSMOS_Ilbert2013_zspec,J/ApJS/206/8,1,150.15732,2.4667947,0.1312814408622678,nan,nan,,,,RAJ2000,DEJ2000,zsp,True
769316,1,091447.41+664140.3_769316_0.003,150.2954513398949,2.466944675444065,1.2955000400543213,vizier,COSMOS_Ilbert2013_zspec,J/ApJS/206/8,1,150.29543,2.4669268,0.10016018553163442,nan,nan,,,,RAJ2000,DEJ2000,zsp,True
769557,1,084205.57+075925.5_769557_0.3,149.95689924190876,2.464712727283145,0.13249999284744263,vizier,COSMOS_Ilbert2013_zspec,J/ApJS/206/8,1,149.95691,2.4647183,0.04358493434482957,0.1325,7.152557379708213e-09,True,839745,3.5,RAJ2000,DEJ2000,zsp,True
769692,1,075355.23+161938.5_769692_0.0001,150.0161383871361,2.4678562975956178,0.5690000057220459,vizier,COSMOS_Ilbert2013_zspec,J/ApJS/206/8,1,150.01616,2.4678538,0.07825242469881323,nan,nan,,,,RAJ2000,DEJ2000,zsp,True
770500,1,145100.57+192149.5_770500_1,150.45426434332475,2.467500697003551,0.5115000009536743,vizier,zCOSMOS_Lilly2007,J/ApJS/172/70/zcosmos3,1,150.454254,2.467484,0.07068992090855526,0.5109999775886536,-0.000500023365020752,True,836993,4.5,RAJ2000,DEJ2000,z,True
770524,2,073820.28+412716.0_770524_0.03,150.0802442277534,2.4691959093014026,3.0388998985290527,vizier,COSMOS_Ilbert2013_zspec,J/ApJS/206/8,1,150.08022,2.4692292,0.14817685468782535,nan,nan,,,,RAJ2000,DEJ2000,zsp,True
771319,3,092014.12+453157.3_771319_0.3,150.06792792553804,2.4679154377731916,0.4106999933719635,vizier,zCOSMOS_Lilly2007,J/ApJS/172/70/zcosmos3,1,150.067917,2.467889,0.10296893097288472,0.41019999980926514,-0.0004999935626983643,True,839138,3.5,RAJ2000,DEJ2000,z,True
771760,1,092611.77+460734.2_771760_0.001,150.2983881667595,2.46958933236829,0.8565000295639038,vizier,zCOSMOS_Lilly2007,J/ApJS/172/70/zcosmos3,1,150.298386,2.469588,0.00915089640775131,0.85589998960495,-0.0006000399589538574,True,837863,3.5,RAJ2000,DEJ2000,z,True
772024,2,171123.03+311613.7_772024_0.1,150.3646214216191,2.4708765226488474,2.0190000534057617,vizier,COSMOS_Ilbert2013_zspec,J/ApJS/206/8,1,150.36462,2.4708836,0.02598645079752034,nan,nan,,,,RAJ2000,DEJ2000,zsp,True
772271,8,161109.39+503348.2_772271_0.003,149.9231456663469,2.4712366633879905,0.9010000228881836,vizier,COSMOS_Ilbert2013_zspec,J/ApJS/206/8,1,149.92316,2.471215,0.09348736472512503,nan,nan,,,,RAJ2000,DEJ2000,zsp,True
772339,1,081835.59+390911.1_772339_0.0001,149.5297690872853,2.4707920449789738,0.18780000507831573,vizier,zCOSMOS_Lilly2007,J/ApJS/172/70/zcosmos3,1,149.52977,2.470782,0.03631061840295519,0.1873999983072281,-0.0004000067710876465,True,841834,4.5,RAJ2000,DEJ2000,z,True
772394,7,155647.51+100224.0_772394_0.0001,149.907128380645,2.4705018305695727,0.6682999730110168,vizier,zCOSMOS_Lilly2007,J/ApJS/172/70/zcosmos3,1,149.907135,2.470508,0.032558874612999326,0.6676999926567078,-0.000599980354309082,True,840113,3.5,RAJ2000,DEJ2000,z,True
772717,1,142533.72+235625.5_772717_1,149.58639271114106,2.4705489438743546,0.3465999960899353,vizier,zCOSMOS_Lilly2007,J/ApJS/172/70/zcosmos3,1,149.586395,2.470536,0.047319535014537444,0.34619998931884766,-0.0004000067710876465,True,841575,3.5,RAJ2000,DEJ2000,z,True
772927,8,162230.16-005927.7_772927_0.003,149.47038818269522,2.4714260671578185,0.5169000029563904,vizier,COSMOS_Ilbert2013_zspec,J/ApJS/206/8,1,149.4704,2.4714251,0.04264509909882802,0.5169,-2.9563903547469295e-09,True,842109,3.5,RAJ2000,DEJ2000,zsp,True
773289,12,163637.35+364618.3_773289_0.1,149.91564584902798,2.472991686782151,0.7450000047683716,vizier,COSMOS_Ilbert2013_zspec,J/ApJS/206/8,1,149.91563,2.472997,0.06012693070980496,nan,nan,,,,RAJ2000,DEJ2000,zsp,True
773773,1,162830.17+161314.6_773773_0.03,149.9055297177246,2.4726217620490774,0.7437000274658203,vizier,zCOSMOS_Lilly2007,J/ApJS/172/70/zcosmos3,1,149.905533,2.472619,0.015434806467699144,0.7430999875068665,-0.0006000399589538574,True,840118,3.5,RAJ2000,DEJ2000,z,True
774308,35,082218.82+182330.0_774308_0.0001,150.2534428998919,2.47473380095283,1.343000054359436,vizier,COSMOS_Ilbert2013_zspec,J/ApJS/206/8,1,150.25343,2.4747205,0.06667412916606359,nan,nan,,,,RAJ2000,DEJ2000,zsp,True
774365,1,161009.66+515416.9_774365_0.01,149.98731230984347,2.4746981221076925,0.5899999737739563,vizier,COSMOS_Ilbert2013_zspec,J/ApJS/206/8,1,149.98732,2.4746907,0.03845702172545772,nan,nan,,,,RAJ2000,DEJ2000,zsp,True
774572,1,082414.96+114526.0_774572_0.0001,149.85604298048995,2.473902441393666,0.6959999799728394,vizier,COSMOS_Ilbert2013_zspec,J/ApJS/206/8,1,149.85606,2.473891,0.0737806386651393,nan,nan,,,,RAJ2000,DEJ2000,zsp,True
774732,4,025648.72-084007.8_774732_0.0001,150.31498576348358,2.4746335643098143,0.9390000104904175,vizier,COSMOS_Ilbert2013_zspec,J/ApJS/206/8,1,150.31499,2.4746199,0.05149736447572346,nan,nan,,,,RAJ2000,DEJ2000,zsp,True
774749,1,144016.02+202114.1_774749_0.003,150.01720158229077,2.4752838021223043,0.21199999749660492,vizier,COSMOS_Ilbert2013_zspec,J/ApJS/206/8,1,150.0172,2.4752922,0.030763326841769963,nan,nan,,,,RAJ2000,DEJ2000,zsp,True
774870,1,141050.17+035343.8_774870_1,150.33354529712565,2.473361869630257,0.3580000102519989,vizier,zCOSMOS_Lilly2007,J/ApJS/172/70/zcosmos3,1,150.333542,2.473356,0.024230795158065446,0.35749998688697815,-0.000500023365020752,True,837660,4.5,RAJ2000,DEJ2000,z,True
774878,7,094307.46+523403.0_774878_0.003,149.96688530593946,2.4747994172374583,0.3476000130176544,vizier,COSMOS_Ilbert2013_zspec,J/ApJS/206/8,1,149.9669,2.4748027,0.054154503193530275,0.3474,-0.00020001301765443236,True,839696,3.5,RAJ2000,DEJ2000,zsp,True
775044,2,160955.66+402117.2_775044_0.1,150.33545732869501,2.475736250033258,0.7720000147819519,vizier,COSMOS_Ilbert2013_zspec,J/ApJS/206/8,1,150.33545,2.4757221,0.057355693731839616,nan,nan,,,,RAJ2000,DEJ2000,zsp,True
775794,8,081449.26+040320.0_775794_0.0001,150.0637254338921,2.476438856711075,1.2569999694824219,vizier,COSMOS_Ilbert2013_zspec,J/ApJS/206/8,1,150.06374,2.4764404,0.05268278915256392,nan,nan,,,,RAJ2000,DEJ2000,zsp,True
775936,14,075209.09+414235.5_775936_0.0001,150.07208226514095,2.477493165233398,0.26409998536109924,vizier,COSMOS_Ilbert2013_zspec,J/ApJS/206/8,1,150.07201,2.4775581,0.34957123585405686,nan,nan,,,,RAJ2000,DEJ2000,zsp,True
776243,13,155650.09+283727.8_776243_0.0003,150.3265682942016,2.4778061086633905,0.9007999897003174,vizier,COSMOS_Ilbert2013_zspec,J/ApJS/206/8,1,150.32657,2.477762,0.1589096639862544,nan,nan,,,,RAJ2000,DEJ2000,zsp,True
776338,5,172318.44+275601.7_776338_1,149.60847713264437,2.4770126830311203,0.18790000677108765,vizier,zCOSMOS_Lilly2007,J/ApJS/172/70/zcosmos3,1,149.608475,2.47701,0.01233405011094776,0.1875,-0.0004000067710876465,True,841493,4.5,RAJ2000,DEJ2000,z,True
776552,8,164515.76+264358.8_776552_0.3,149.94933719169575,2.4761502364109793,0.7279999852180481,vizier,COSMOS_Ilbert2013_zspec,J/ApJS/206/8,1,149.94934,2.4761696,0.07043687100101417,nan,nan,,,,RAJ2000,DEJ2000,zsp,True
776625,16,153529.95+011816.2_776625_0.03,150.0379593551885,2.478607238870633,1.9711999893188477,vizier,COSMOS_Ilbert2013_zspec,J/ApJS/206/8,1,150.03796,2.4785893,0.06462156270751204,nan,nan,,,,RAJ2000,DEJ2000,zsp,True
776761,2,145844.76+170514.7_776761_1,150.3953454997092,2.477553012577184,0.847000002861023,vizier,zCOSMOS_Lilly2007,J/ApJS/172/70/zcosmos3,1,150.39534,2.477554,0.020097315315997462,0.8464000225067139,-0.000599980354309082,True,837341,3.5,RAJ2000,DEJ2000,z,True
776772,6,075209.09+414235.5_776772_0.1,149.76504689505106,2.475852773424557,0.2614000141620636,vizier,zCOSMOS_Lilly2007,J/ApJS/172/70/zcosmos3,1,149.765045,2.475854,0.008121175772382569,0.26100000739097595,-0.0004000067710876465,True,840778,3.5,RAJ2000,DEJ2000,z,True
776841,9,145642.18+281457.4_776841_0.0003,150.1566139890104,2.4786362172199676,0.8889999985694885,vizier,COSMOS_Ilbert2013_zspec,J/ApJS/206/8,1,150.15665,2.4786341,0.12974235268942652,nan,nan,,,,RAJ2000,DEJ2000,zsp,True
776844,10,041152.80-055523.4_776844_0.03,150.64820478595522,2.4768460182042196,0.36160001158714294,vizier,zCOSMOS_Lilly2007,J/ApJS/172/70/zcosmos3,1,150.648209,2.476846,0.015156530103222723,0.3610999882221222,-0.000500023365020752,True,835952,4.5,RAJ2000,DEJ2000,z,True
776905,11,154137.68+114421.0_776905_0.0003,150.38931197631487,2.4792280637407345,2.8784000873565674,vizier,COSMOS_Ilbert2013_zspec,J/ApJS/206/8,1,150.38928,2.4792261,0.11522405749664594,nan,nan,,,,RAJ2000,DEJ2000,zsp,True
777000,5,143321.03+171336.3_777000_0.001,150.45124345866572,2.479288785986437,2.706899881362915,vizier,COSMOS_Ilbert2013_zspec,J/ApJS/206/8,1,150.45123,2.4792917,0.0495295376740591,nan,nan,,,,RAJ2000,DEJ2000,zsp,True
777031,9,151507.43+065708.3_777031_0.003,150.21206325874334,2.4790334620582377,0.25850000977516174,vizier,COSMOS_Ilbert2013_zspec,J/ApJS/206/8,1,150.21208,2.4790452,0.07356030684024152,nan,nan,,,,RAJ2000,DEJ2000,zsp,True
777329,7,170606.15+240305.5_777329_0.0001,149.72908184604873,2.4782815329189853,0.7829999923706055,vizier,COSMOS_Ilbert2013_zspec,J/ApJS/206/8,1,149.72908,2.4782703,0.04097995495115173,0.783,7.629394560559888e-09,True,840925,4.5,RAJ2000,DEJ2000,zsp,True
777332,6,161438.43+410039.6_777332_0.001,149.98620349734358,2.4782636820621113,0.6938999891281128,vizier,COSMOS_Ilbert2013_zspec,J/ApJS/206/8,1,149.98622,2.4782696,0.06306173122253031,0.6939,1.0871887168306671e-08,True,839586,4.5,RAJ2000,DEJ2000,zsp,True
777690,6,080025.36+134021.2_777690_0.0003,150.33472567837836,2.478790156422167,0.6809999942779541,vizier,COSMOS_Ilbert2013_zspec,J/ApJS/206/8,1,150.33472,2.4787846,0.028587149840721575,nan,nan,,,,RAJ2000,DEJ2000,zsp,True
777781,23,153834.92+453310.7_777781_0.003,149.90164348714933,2.480218926353095,1.315000057220459,vizier,COSMOS_Ilbert2013_zspec,J/ApJS/206/8,1,149.90166,2.4802034,0.08155658765223152,nan,nan,,,,RAJ2000,DEJ2000,zsp,True
777983,11,084311.38+405027.5_777983_0.01,149.91869550197964,2.477241681568924,0.4099999964237213,vizier,COSMOS_Ilbert2013_zspec,J/ApJS/206/8,1,149.91872,2.4772265,0.10368449017627007,nan,nan,,,,RAJ2000,DEJ2000,zsp,True
778090,25,090021.92+210803.7_778090_0.001,150.16092842615646,2.48095956182891,0.694100022315979,vizier,COSMOS_Ilbert2013_zspec,J/ApJS/206/8,1,150.16095,2.480984,0.11730603178530162,nan,nan,,,,RAJ2000,DEJ2000,zsp,True
778171,15,143848.16+310604.7_778171_0.03,149.86199034988985,2.4800109984987904,0.7269999980926514,vizier,COSMOS_Ilbert2013_zspec,J/ApJS/206/8,1,149.862,2.4800014,0.04897607058351403,nan,nan,,,,RAJ2000,DEJ2000,zsp,True
778198,15,074456.70+260927.0_778198_0.0001,149.95168591610374,2.479694240493436,0.7343000173568726,vizier,zCOSMOS_Lilly2007,J/ApJS/172/70/zcosmos3,1,149.951675,2.479676,0.07650773891516308,0.7336999773979187,-0.0006000399589538574,True,839773,3.5,RAJ2000,DEJ2000,z,True
778362,6,082127.13+280057.5_778362_0.0001,149.5485670472844,2.477354535641424,0.21950000524520874,vizier,zCOSMOS_Lilly2007,J/ApJS/172/70/zcosmos3,1,149.548569,2.477348,0.024554159586793637,0.2190999984741211,-0.0004000067710876465,True,841745,4.5,RAJ2000,DEJ2000,z,True
778372,45,094021.45+483842.5_778372_0.003,149.95105382478957,2.481077005554002,1.25600004196167,vizier,COSMOS_Ilbert2013_zspec,J/ApJS/206/8,1,149.95107,2.4810851,0.06506617179305721,nan,nan,,,,RAJ2000,DEJ2000,zsp,True
778517,3,163135.46+405756.4_778517_0.01,149.94511926710308,2.4803570130933785,0.7549999952316284,vizier,zCOSMOS_Lilly2007,J/ApJS/172/70/zcosmos3,1,149.945129,2.480342,0.06439320705783176,0.7544000148773193,-0.000599980354309082,True,839818,3.5,RAJ2000,DEJ2000,z,True
778552,3,174405.65+540413.4_778552_0.01,150.33631864885496,2.48195275734297,2.922100067138672,vizier,COSMOS_Ilbert2013_zspec,J/ApJS/206/8,1,150.33633,2.4819312,0.08768981525256135,nan,nan,,,,RAJ2000,DEJ2000,zsp,True
778736,9,161631.21+142853.0_778736_0.3,150.20590348004984,2.482045898430767,2.968899965286255,vizier,COSMOS_Ilbert2013_zspec,J/ApJS/206/8,1,150.20593,2.4820573,0.1038389107897516,nan,nan,,,,RAJ2000,DEJ2000,zsp,True
778793,16,152741.85+284148.5_778793_0.001,150.35817682192612,2.477731187269252,0.6804999709129333,vizier,zCOSMOS_Lilly2007,J/ApJS/172/70/zcosmos3,1,150.35817,2.477731,0.02454523412511472,0.6798999905586243,-0.000599980354309082,True,837536,4.5,RAJ2000,DEJ2000,z,True
778996,3,164915.74+380721.4_778996_0.01,149.86379023800507,2.481052092011672,0.7422999739646912,vizier,zCOSMOS_Lilly2007,J/ApJS/172/70/zcosmos3,1,149.863785,2.481044,0.03469211038592751,0.7416999936103821,-0.000599980354309082,True,840331,3.5,RAJ2000,DEJ2000,z,True
779188,10,153008.97-015813.2_779188_0.001,150.1552463690247,2.481576587934484,0.7452999949455261,vizier,zCOSMOS_Lilly2007,J/ApJS/172/70/zcosmos3,1,150.155243,2.481578,0.013140235492919398,0.744700014591217,-0.000599980354309082,True,838657,4.5,RAJ2000,DEJ2000,z,True
779468,5,084718.13+130017.0_779468_0.0001,150.12112533930255,2.4806282753548614,0.6887000203132629,vizier,COSMOS_Ilbert2013_zspec,J/ApJS/206/8,1,150.12112,2.4806285,0.01922049845287866,0.6887,-2.031326296059177e-08,True,838848,4.5,RAJ2000,DEJ2000,zsp,True
779697,5,151027.06+281215.8_779697_0.003,149.5478608589475,2.4820494489866265,0.48179998993873596,vizier,zCOSMOS_Lilly2007,J/ApJS/172/70/zcosmos3,1,149.547852,2.482055,0.03761052741568157,0.4812999963760376,-0.0004999935626983643,True,841748,4.5,RAJ2000,DEJ2000,z,True
779925,20,161148.64+281853.6_779925_0.0001,150.05113325852057,2.4829659290646644,1.2630000114440918,vizier,COSMOS_Ilbert2013_zspec,J/ApJS/206/8,1,150.05116,2.4829817,0.11168630761786251,nan,nan,,,,RAJ2000,DEJ2000,zsp,True
780260,8,085828.69+342343.8_780260_0.3,149.9159345725051,2.479648042311158,0.2655999958515167,vizier,COSMOS_Ilbert2013_zspec,J/ApJS/206/8,1,149.91594,2.4796438,0.024785095530796393,nan,nan,,,,RAJ2000,DEJ2000,zsp,True
780264,10,161035.44+480022.5_780264_0.001,149.49626567089237,2.48197922662968,0.25600001215934753,vizier,zCOSMOS_Lilly2007,J/ApJS/172/70/zcosmos3,1,149.496262,2.481972,0.02917429791312859,0.2556000053882599,-0.0004000067710876465,True,841997,4.5,RAJ2000,DEJ2000,z,True
780273,2,143827.60+164501.5_780273_0.003,149.55389676723294,2.4830573653471006,0.6761999726295471,vizier,zCOSMOS_Lilly2007,J/ApJS/172/70/zcosmos3,1,149.553894,2.483068,0.039557275600603015,0.675599992275238,-0.000599980354309082,True,841722,3.5,RAJ2000,DEJ2000,z,True
780302,3,084837.07+151202.9_780302_0.01,149.7632499380436,2.484035690660996,2.4316999912261963,vizier,COSMOS_Ilbert2013_zspec,J/ApJS/206/8,1,149.76326,2.4840257,0.05102180509293773,nan,nan,,,,RAJ2000,DEJ2000,zsp,True
780462,2,151950.59+133040.2_780462_0.0001,149.5381705302382,2.482685889029742,0.3061000108718872,vizier,COSMOS_Ilbert2013_zspec,J/ApJS/206/8,1,149.53818,2.4826832,0.03540815510940577,0.3061,-1.0871887223817822e-08,True,841787,4.5,RAJ2000,DEJ2000,zsp,True
780907,5,155007.47+044510.8_780907_0.001,149.9818120708743,2.48381719252555,0.3416999876499176,vizier,zCOSMOS_Lilly2007,J/ApJS/172/70/zcosmos3,1,149.981796,2.483812,0.06074836073642302,0.34130001068115234,-0.0003999769687652588,True,839618,3.5,RAJ2000,DEJ2000,z,True
780913,14,081743.79+285141.1_780913_0.3,150.1563319668222,2.485255703423819,2.0580999851226807,vizier,COSMOS_Ilbert2013_zspec,J/ApJS/206/8,1,150.15631,2.4852605,0.08087118574638989,nan,nan,,,,RAJ2000,DEJ2000,zsp,True
781648,4,163606.11+172653.3_781648_0.3,150.36556883927426,2.484764066146475,0.35120001435279846,vizier,zCOSMOS_Lilly2007,J/ApJS/172/70/zcosmos3,1,150.36557,2.484762,0.008529579301776778,0.3506999909877777,-0.000500023365020752,True,837499,3.5,RAJ2000,DEJ2000,z,True
782700,16,154836.99+284025.1_782700_0.3,149.93318222491928,2.4883756310848058,2.9539999961853027,vizier,COSMOS_Ilbert2013_zspec,J/ApJS/206/8,1,149.9332,2.4883871,0.07610351741281098,nan,nan,,,,RAJ2000,DEJ2000,zsp,True
782819,21,035856.73-054023.4_782819_1,150.08537046379024,2.48725397398201,1.503999948501587,vizier,COSMOS_Ilbert2013_zspec,J/ApJS/206/8,1,150.08537,2.487252,0.007299483832421644,nan,nan,,,,RAJ2000,DEJ2000,zsp,True
783118,10,083010.16+345320.3_783118_0.003,150.61235706981026,2.488375502529332,0.7458000183105469,vizier,COSMOS_Ilbert2013_zspec,J/ApJS/206/8,1,150.61234,2.4884064,0.1270490371702964,nan,nan,,,,RAJ2000,DEJ2000,zsp,True
783128,1,110022.09+645812.9_783128_0.01,150.55535326677105,2.4882707091528835,0.8730000257492065,vizier,COSMOS_Ilbert2013_zspec,J/ApJS/206/8,1,150.55534,2.4883151,0.166778437095264,nan,nan,,,,RAJ2000,DEJ2000,zsp,True
783260,26,020507.96+125452.7_783260_0.003,150.20512491385853,2.4881388984682897,0.77920001745224,vizier,zCOSMOS_Lilly2007,J/ApJS/172/70/zcosmos3,1,150.205124,2.488136,0.01093990296933831,0.7785999774932861,-0.0006000399589538574,True,838357,4.5,RAJ2000,DEJ2000,z,True
783278,10,083454.93+075347.8_783278_0.1,150.63414537575085,2.4882228965859885,1.6226999759674072,vizier,COSMOS_Ilbert2013_zspec,J/ApJS/206/8,1,150.63419,2.4882214,0.16058623830230906,nan,nan,,,,RAJ2000,DEJ2000,zsp,True
783499,3,153644.99+381558.7_783499_0.03,150.5062682905376,2.4868936921486395,0.6161999702453613,vizier,zCOSMOS_Lilly2007,J/ApJS/172/70/zcosmos3,1,150.506271,2.486885,0.032774003920262106,0.6157000064849854,-0.0004999637603759766,True,836718,3.5,RAJ2000,DEJ2000,z,True
784157,3,015450.35+132312.5_784157_0.001,150.482644974167,2.4880680155258634,0.560699999332428,vizier,COSMOS_Ilbert2013_zspec,J/ApJS/206/8,1,150.48264,2.4880803,0.047705639271441724,0.5607,6.675719976811934e-10,True,836834,4.5,RAJ2000,DEJ2000,zsp,True
784305,6,143956.72+224522.0_784305_0.0001,149.90837545818897,2.4898786594123212,0.734000027179718,vizier,COSMOS_Ilbert2013_zspec,J/ApJS/206/8,1,149.90839,2.4898734,0.0556228069044055,nan,nan,,,,RAJ2000,DEJ2000,zsp,True
784486,4,080822.16+074422.9_784486_0.001,149.9797025523001,2.4905876705902124,1.4545999765396118,vizier,COSMOS_Ilbert2013_zspec,J/ApJS/206/8,1,149.97971,2.4905984,0.04700498975917704,nan,nan,,,,RAJ2000,DEJ2000,zsp,True
784577,22,085029.20+552727.4_784577_0.0001,149.79220308800782,2.489062398713036,0.7347999811172485,vizier,zCOSMOS_Lilly2007,J/ApJS/172/70/zcosmos3,1,149.792191,2.489039,0.0947931419959408,0.7342000007629395,-0.000599980354309082,True,840656,3.5,RAJ2000,DEJ2000,z,True
784891,1,144514.97+150414.2_784891_0.03,150.12692556581464,2.4904910854055813,0.37529999017715454,vizier,zCOSMOS_Lilly2007,J/ApJS/172/70/zcosmos3,1,150.126923,2.490479,0.044475374154897246,0.3747999966144562,-0.0004999935626983643,True,838813,3.5,RAJ2000,DEJ2000,z,True
785148,1,154553.48+093620.5_785148_1,149.7266941055316,2.490448893387191,0.6729000210762024,vizier,zCOSMOS_Lilly2007,J/ApJS/172/70/zcosmos3,1,149.726685,2.490454,0.0375560675509602,0.6722999811172485,-0.0006000399589538574,True,840942,4.5,RAJ2000,DEJ2000,z,True
785232,11,083027.69+253011.5_785232_0.001,150.16980211058936,2.4921159129651063,0.6729999780654907,vizier,COSMOS_Ilbert2013_zspec,J/ApJS/206/8,1,150.16983,2.4920952,0.12498666812338025,nan,nan,,,,RAJ2000,DEJ2000,zsp,True
785305,11,074814.87+214757.1_785305_0.001,150.11978860450864,2.4911071276819157,0.9330000281333923,vizier,COSMOS_Ilbert2013_zspec,J/ApJS/206/8,1,150.11978,2.4911139,0.03939689620289339,nan,nan,,,,RAJ2000,DEJ2000,zsp,True
785354,3,085825.90+204345.5_785354_0.01,150.06939501510757,2.489667878839543,0.8299999833106995,vizier,COSMOS_Ilbert2013_zspec,J/ApJS/206/8,1,150.0694,2.4896634,0.02411254812065617,nan,nan,,,,RAJ2000,DEJ2000,zsp,True
785758,9,090019.78+353733.6_785758_0.001,150.16751135689614,2.4927314706529424,1.375,vizier,COSMOS_Ilbert2013_zspec,J/ApJS/206/8,1,150.16753,2.4927361,0.06909174887091375,nan,nan,,,,RAJ2000,DEJ2000,zsp,True
786213,17,152005.93+233953.0_786213_0.3,149.92857643991476,2.493936061772811,4.478000164031982,vizier,COSMOS_Ilbert2013_zspec,J/ApJS/206/8,1,149.9286,2.4939404,0.08616318726943457,nan,nan,,,,RAJ2000,DEJ2000,zsp,True
786631,1,170403.54+315628.0_786631_1,150.0196679937891,2.492277417017229,0.5324000120162964,vizier,zCOSMOS_Lilly2007,J/ApJS/172/70/zcosmos3,1,150.019669,2.492268,0.03409387395228484,0.5318999886512756,-0.000500023365020752,True,839421,4.5,RAJ2000,DEJ2000,z,True
786718,6,142240.26+110220.2_786718_0.001,150.0900184034807,2.493892901122601,1.7960000038146973,vizier,COSMOS_Ilbert2013_zspec,J/ApJS/206/8,1,150.09003,2.4939067,0.06486333471092481,nan,nan,,,,RAJ2000,DEJ2000,zsp,True
786856,1,144017.02+285608.7_786856_0.3,150.40171235887786,2.492289371786495,0.3246999979019165,vizier,zCOSMOS_Lilly2007,J/ApJS/172/70/zcosmos3,1,150.401703,2.492294,0.037558082439759215,0.32429999113082886,-0.0004000067710876465,True,837305,4.5,RAJ2000,DEJ2000,z,True
787145,11,165528.50+244951.0_787145_0.0001,150.13729617512314,2.494299915323448,1.2400000095367432,vizier,COSMOS_Ilbert2013_zspec,J/ApJS/206/8,1,150.13728,2.4943011,0.05833139148788184,nan,nan,,,,RAJ2000,DEJ2000,zsp,True
787192,4,075101.86+335647.3_787192_0.01,150.12993455357045,2.4917536123826682,0.47999998927116394,vizier,zCOSMOS_Lilly2007,J/ApJS/172/70/zcosmos3,1,150.129913,2.491742,0.08807323034535755,0.4796000123023987,-0.0003999769687652588,True,838792,3.5,RAJ2000,DEJ2000,z,True
787877,2,155853.64+425817.7_787877_0.0003,150.34174138363858,2.495655083689039,0.8799999952316284,vizier,COSMOS_Ilbert2013_zspec,J/ApJS/206/8,1,150.34171,2.4956331,0.13785451993718545,nan,nan,,,,RAJ2000,DEJ2000,zsp,True
788215,1,144542.42+091815.3_788215_0.3,150.3114815731789,2.4951862392423156,0.656499981880188,vizier,zCOSMOS_Lilly2007,J/ApJS/172/70/zcosmos3,1,150.311478,2.49519,0.01866686157928509,0.6559000015258789,-0.000599980354309082,True,837793,3.5,RAJ2000,DEJ2000,z,True
788472,4,163043.36+154216.1_788472_1,150.36258687840595,2.4951885707338257,0.3490000069141388,vizier,COSMOS_Ilbert2013_zspec,J/ApJS/206/8,1,150.36256,2.4951878,0.09671033005224956,nan,nan,,,,RAJ2000,DEJ2000,zsp,True
788534,1,090952.01+315503.2_788534_0.001,150.0165307234348,2.4960423522773394,0.5336999893188477,vizier,zCOSMOS_Lilly2007,J/ApJS/172/70/zcosmos3,1,150.016525,2.496047,0.0265271154710348,0.5332000255584717,-0.0004999637603759766,True,839436,3.5,RAJ2000,DEJ2000,z,True
788673,2,103214.53+635950.2_788673_0.03,149.5714434353488,2.4959668370239143,0.5494999885559082,vizier,zCOSMOS_Lilly2007,J/ApJS/172/70/zcosmos3,1,149.571442,2.495967,0.005195587275871798,0.5490000247955322,-0.0004999637603759766,True,841648,3.5,RAJ2000,DEJ2000,z,True
788704,6,160211.49+141053.4_788704_0.1,149.9525850130055,2.49415876028229,0.2824000120162964,vizier,zCOSMOS_Lilly2007,J/ApJS/172/70/zcosmos3,1,149.952576,2.494156,0.03390496495072142,0.28200000524520874,-0.0004000067710876465,True,839763,4.5,RAJ2000,DEJ2000,z,True
789051,6,103110.06+633245.9_789051_1,150.4432762822227,2.496550309296195,0.43549999594688416,vizier,COSMOS_Ilbert2013_zspec,J/ApJS/206/8,1,150.44327,2.496547,0.025542977936071725,0.4355,4.053115842950206e-09,True,837050,4.5,RAJ2000,DEJ2000,zsp,True
789138,3,083323.59+220500.8_789138_0.0001,150.1110424001773,2.497056900439986,0.8985000252723694,vizier,zCOSMOS_Lilly2007,J/ApJS/172/70/zcosmos3,1,150.111038,2.497047,0.03899707715598797,0.8978999853134155,-0.0006000399589538574,True,838913,3.5,RAJ2000,DEJ2000,z,True
789490,2,082604.66+425435.8_789490_0.001,150.30369664348174,2.49738237677241,0.7032999992370605,vizier,zCOSMOS_Lilly2007,J/ApJS/172/70/zcosmos3,1,150.303696,2.497387,0.016803755717164522,0.7027000188827515,-0.000599980354309082,True,837834,4.5,RAJ2000,DEJ2000,z,True
789557,1,024308.18-000127.0_789557_1,149.82762926973317,2.496378886481613,0.6690000295639038,vizier,zCOSMOS_Lilly2007,J/ApJS/172/70/zcosmos3,1,149.827606,2.496382,0.08443878154675565,0.6697999835014343,0.0007999539375305176,True,840499,3.5,RAJ2000,DEJ2000,z,True
789792,6,085016.57+593755.8_789792_0.0001,150.09638635033767,2.4981982152697384,0.5015000104904175,vizier,zCOSMOS_Lilly2007,J/ApJS/172/70/zcosmos3,1,150.09639,2.498182,0.059832574137606516,0.5009999871253967,-0.000500023365020752,True,838985,3.5,RAJ2000,DEJ2000,z,True
790030,2,080439.54+315809.4_790030_0.03,149.47950983641257,2.498104373927368,0.374099999666214,vizier,zCOSMOS_Lilly2007,J/ApJS/172/70/zcosmos3,1,149.479507,2.498101,0.01586180509948505,0.3736000061035156,-0.0004999935626983643,True,842067,4.5,RAJ2000,DEJ2000,z,True
790460,5,084419.88+171845.5_790460_0.0001,150.12972864363277,2.4992073570516418,0.8980000019073486,vizier,COSMOS_Ilbert2013_zspec,J/ApJS/206/8,1,150.12973,2.499207,0.005044780286638386,nan,nan,,,,RAJ2000,DEJ2000,zsp,True
790523,19,153841.91+371538.2_790523_0.0001,149.9740255030225,2.500440493562241,0.42800000309944153,vizier,COSMOS_Ilbert2013_zspec,J/ApJS/206/8,1,149.97401,2.5004735,0.1312549920140901,nan,nan,,,,RAJ2000,DEJ2000,zsp,True
790574,6,025825.89-085535.8_790574_0.001,149.84130755073656,2.498629372247277,0.7275999784469604,vizier,zCOSMOS_Lilly2007,J/ApJS/172/70/zcosmos3,1,149.841324,2.49863,0.059204196038707003,0.7269999980926514,-0.000599980354309082,True,840444,4.5,RAJ2000,DEJ2000,z,True
791250,2,161449.04+161246.3_791250_0.03,149.92467101314628,2.5008262652484965,1.4240000247955322,vizier,COSMOS_Ilbert2013_zspec,J/ApJS/206/8,1,149.92468,2.5008328,0.03997665871334746,nan,nan,,,,RAJ2000,DEJ2000,zsp,True
791475,8,151305.11+141230.0_791475_0.0003,149.8553023642327,2.502029955793205,3.182800054550171,vizier,COSMOS_Ilbert2013_zspec,J/ApJS/206/8,1,149.85535,2.5020468,0.18174007890176802,nan,nan,,,,RAJ2000,DEJ2000,zsp,True
791514,13,154615.81+163720.8_791514_0.1,150.0927010471039,2.498614855384666,0.42910000681877136,vizier,COSMOS_Ilbert2013_zspec,J/ApJS/206/8,1,150.0927,2.4986196,0.017490857548274525,0.4291,-6.8187713808676165e-09,True,839012,4.5,RAJ2000,DEJ2000,zsp,True
791793,4,093317.33+424034.9_791793_1,149.8968512582189,2.502617431575636,2.7142999172210693,vizier,COSMOS_Ilbert2013_zspec,J/ApJS/206/8,1,149.89687,2.5026085,0.07468223132435008,nan,nan,,,,RAJ2000,DEJ2000,zsp,True
792152,6,080954.38+074355.1_792152_1,150.13892420456867,2.5007562485246715,0.6477000117301941,vizier,COSMOS_Ilbert2013_zspec,J/ApJS/206/8,1,150.13893,2.5007713,0.058056068372988164,0.6477,-1.1730194038328534e-08,True,838742,4.5,RAJ2000,DEJ2000,zsp,True
792456,3,085734.26+273142.0_792456_1,150.0084880434214,2.503548888142345,2.476900100708008,vizier,COSMOS_Ilbert2013_zspec,J/ApJS/206/8,1,150.00848,2.5035839,0.1293198651512752,nan,nan,,,,RAJ2000,DEJ2000,zsp,True
792533,10,141409.75+121843.8_792533_0.0003,150.72350657450968,2.4981623515163953,0.46540001034736633,vizier,zCOSMOS_Lilly2007,J/ApJS/172/70/zcosmos3,1,150.723511,2.498165,0.018553877974553077,0.4648999869823456,-0.000500023365020752,True,835587,3.5,RAJ2000,DEJ2000,z,True
793005,8,083804.39+524701.3_793005_0.0003,150.14806913234452,2.502692851049885,0.8600000143051147,vizier,COSMOS_Ilbert2013_zspec,J/ApJS/206/8,1,150.14807,2.5026834,0.034166586001598026,nan,nan,,,,RAJ2000,DEJ2000,zsp,True
793039,1,030214.27-072021.0_793039_0.03,149.9130426719872,2.501910468827725,0.7386000156402588,vizier,zCOSMOS_Lilly2007,J/ApJS/172/70/zcosmos3,1,149.91304,2.501916,0.02210991445427628,0.7379999756813049,-0.0006000399589538574,True,840073,3.5,RAJ2000,DEJ2000,z,True
793053,2,161846.35+510035.1_793053_0.01,150.50165623895495,2.502147913100821,0.3255999982357025,vizier,zCOSMOS_Lilly2007,J/ApJS/172/70/zcosmos3,1,150.501663,2.502143,0.030068765310395172,0.32519999146461487,-0.0004000067710876465,True,836738,3.5,RAJ2000,DEJ2000,z,True
793160,4,095256.31+555714.9_793160_0.0001,149.8150314102019,2.5002201298102946,0.4065000116825104,vizier,zCOSMOS_Lilly2007,J/ApJS/172/70/zcosmos3,1,149.815033,2.50023,0.03598979130843121,0.4059999883174896,-0.000500023365020752,True,840568,4.5,RAJ2000,DEJ2000,z,True
793282,7,142712.72+102146.3_793282_0.1,150.43642312937368,2.5043162019150302,1.9744999408721924,vizier,COSMOS_Ilbert2013_zspec,J/ApJS/206/8,1,150.43643,2.5043168,0.02480425755439691,nan,nan,,,,RAJ2000,DEJ2000,zsp,True
793485,13,144946.31+101514.2_793485_0.0003,149.84229730141527,2.5047522087201726,1.5130000114440918,vizier,COSMOS_Ilbert2013_zspec,J/ApJS/206/8,1,149.84232,2.5047503,0.08192550771441616,nan,nan,,,,RAJ2000,DEJ2000,zsp,True
793663,3,094734.26+475533.8_793663_0.1,149.5060789884613,2.5041883753054166,1.5247999429702759,vizier,zCOSMOS_Lilly2007,J/ApJS/172/70/zcosmos3,1,149.506073,2.504198,0.04079738076823524,1.5240000486373901,-0.0007998943328857422,True,841948,4.5,RAJ2000,DEJ2000,z,True
793801,1,082746.63+224758.4_793801_0.0001,149.84609786496196,2.5045230617910637,0.7275000214576721,vizier,zCOSMOS_Lilly2007,J/ApJS/172/70/zcosmos3,1,149.846085,2.504539,0.07370930385601325,0.7268999814987183,-0.0006000399589538574,True,840416,3.5,RAJ2000,DEJ2000,z,True
794217,5,074147.21+303243.0_794217_0.0003,149.9503916636837,2.506212805979208,0.6990000009536743,vizier,COSMOS_Ilbert2013_zspec,J/ApJS/206/8,1,149.95039,2.5061691,0.15745525776478866,nan,nan,,,,RAJ2000,DEJ2000,zsp,True
795149,4,133424.38-030917.3_795149_0.03,149.81272705707852,2.5055355585993775,0.7006999850273132,vizier,zCOSMOS_Lilly2007,J/ApJS/172/70/zcosmos3,1,149.812729,2.505533,0.01156163997282265,0.7001000046730042,-0.000599980354309082,True,840573,4.5,RAJ2000,DEJ2000,z,True
795237,2,134015.10+013932.6_795237_0.1,150.08631818074372,2.506460158829374,0.3774999976158142,vizier,zCOSMOS_Lilly2007,J/ApJS/172/70/zcosmos3,1,150.086319,2.506454,0.022366715256127944,0.37700000405311584,-0.0004999935626983643,True,839056,3.5,RAJ2000,DEJ2000,z,True
795495,8,081010.98+201421.1_795495_0.0001,149.9098253457318,2.504579433913914,0.7304999828338623,vizier,zCOSMOS_Lilly2007,J/ApJS/172/70/zcosmos3,1,149.909821,2.504585,0.025412694318790674,0.7299000024795532,-0.000599980354309082,True,840091,4.5,RAJ2000,DEJ2000,z,True
795694,3,080525.11+274321.8_795694_1,150.1595111256717,2.5079233250950357,0.8930000066757202,vizier,COSMOS_Ilbert2013_zspec,J/ApJS/206/8,1,150.15952,2.5079274,0.03512680718374517,nan,nan,,,,RAJ2000,DEJ2000,zsp,True
795780,3,041920.33+075840.6_795780_0.0003,149.92405104255005,2.5086500249087944,0.7229999899864197,vizier,COSMOS_Ilbert2013_zspec,J/ApJS/206/8,1,149.92406,2.5086637,0.05883443221951713,nan,nan,,,,RAJ2000,DEJ2000,zsp,True
795813,6,174405.66+540713.9_795813_0.003,149.89037589452212,2.5082214008424404,0.43070000410079956,vizier,zCOSMOS_Lilly2007,J/ApJS/172/70/zcosmos3,1,149.890366,2.508229,0.044886278348967176,0.4302000105381012,-0.0004999935626983643,True,840199,3.5,RAJ2000,DEJ2000,z,True
796344,27,080630.29+144242.4_796344_1,150.39730452127608,2.509405236279325,1.2029999494552612,vizier,COSMOS_Ilbert2013_zspec,J/ApJS/206/8,1,150.39729,2.5093913,0.07242025370480987,nan,nan,,,,RAJ2000,DEJ2000,zsp,True
796934,1,080742.12+412817.1_796934_0.001,150.6458420386709,2.508923113301526,0.5188999772071838,vizier,zCOSMOS_Lilly2007,J/ApJS/172/70/zcosmos3,1,150.645844,2.508941,0.06477733830063143,0.5184000134468079,-0.0004999637603759766,True,835962,3.5,RAJ2000,DEJ2000,z,True
796985,2,081501.84+525255.5_796985_0.1,150.35122842661718,2.5065355629542174,0.13109999895095825,vizier,zCOSMOS_Lilly2007,J/ApJS/172/70/zcosmos3,1,150.351227,2.506545,0.034358634068279804,0.1307000070810318,-0.00039999186992645264,True,837572,3.5,RAJ2000,DEJ2000,z,True
797016,3,150836.56+165714.5_797016_0.0003,150.10533024446326,2.509897618452192,0.7279999852180481,vizier,COSMOS_Ilbert2013_zspec,J/ApJS/206/8,1,150.10532,2.5099418,0.16326533545302668,nan,nan,,,,RAJ2000,DEJ2000,zsp,True
797126,11,085557.58+352903.0_797126_0.3,150.73201910976664,2.507029403365944,0.2685999870300293,vizier,zCOSMOS_Lilly2007,J/ApJS/172/70/zcosmos3,1,150.73201,2.507043,0.0589012720750315,0.26820001006126404,-0.0003999769687652588,True,835545,4.5,RAJ2000,DEJ2000,z,True
797964,3,090226.34+243048.7_797964_0.01,150.01179960819982,2.510704028022203,0.9229999780654907,vizier,COSMOS_Ilbert2013_zspec,J/ApJS/206/8,1,150.01181,2.5107293,0.09835679255579757,nan,nan,,,,RAJ2000,DEJ2000,zsp,True
798228,2,144604.33+301823.6_798228_0.0001,150.0792968106279,2.5116383369877635,0.5040000081062317,vizier,COSMOS_Ilbert2013_zspec,J/ApJS/206/8,1,150.07928,2.5116448,0.06478250139732421,nan,nan,,,,RAJ2000,DEJ2000,zsp,True
799898,1,080607.17+500336.8_799898_0.1,149.5857989210653,2.5134292141522545,0.3138999938964844,vizier,zCOSMOS_Lilly2007,J/ApJS/172/70/zcosmos3,1,149.5858,2.513437,0.028296386215624976,0.31349998712539673,-0.0004000067710876465,True,841579,4.5,RAJ2000,DEJ2000,z,True
800583,2,155649.57+185205.0_800583_1,150.56783361332216,2.5128265604994415,0.2948000133037567,vizier,COSMOS_Ilbert2013_zspec,J/ApJS/206/8,1,150.56784,2.5128014,0.09344493171748672,0.2948,-1.3303756707383485e-08,True,836373,3.5,RAJ2000,DEJ2000,zsp,True
800620,1,081136.70+475842.7_800620_0.1,150.54901997860975,2.5132495822905545,0.6129999756813049,vizier,zCOSMOS_Lilly2007,J/ApJS/172/70/zcosmos3,1,150.549026,2.51324,0.04073057813702734,0.612500011920929,-0.0004999637603759766,True,836473,3.5,RAJ2000,DEJ2000,z,True
800686,3,162122.68+151915.0_800686_0.01,149.99016517370117,2.5148704523114525,0.6340000033378601,vizier,COSMOS_Ilbert2013_zspec,J/ApJS/206/8,1,149.99016,2.5149057,0.12824871511758185,nan,nan,,,,RAJ2000,DEJ2000,zsp,True
800786,3,144016.02+202114.1_800786_0.003,150.46818241995916,2.514133893999611,0.19699999690055847,vizier,zCOSMOS_Lilly2007,J/ApJS/172/70/zcosmos3,1,150.46817,2.514135,0.044845915790213756,0.19660000503063202,-0.00039999186992645264,True,836927,4.5,RAJ2000,DEJ2000,z,True
801267,4,151333.07+434422.4_801267_0.003,150.1641897863304,2.5163531082544974,2.284600019454956,vizier,COSMOS_Ilbert2013_zspec,J/ApJS/206/8,1,150.16422,2.5163684,0.12181325764689513,nan,nan,,,,RAJ2000,DEJ2000,zsp,True
801326,2,160630.53+371339.6_801326_0.3,149.83999035882903,2.5136156032063495,0.6783000230789185,vizier,zCOSMOS_Lilly2007,J/ApJS/172/70/zcosmos3,1,149.839981,2.51362,0.037195336443611816,0.6776999831199646,-0.0006000399589538574,True,840447,4.5,RAJ2000,DEJ2000,z,True
801462,1,150348.11+104251.4_801462_0.1,149.87744259621,2.51639728938398,1.312000036239624,vizier,COSMOS_Ilbert2013_zspec,J/ApJS/206/8,1,149.87743,2.5164239,0.10596993253439109,nan,nan,,,,RAJ2000,DEJ2000,zsp,True
801731,3,155609.80+030922.3_801731_0.3,149.99452923325768,2.514972089746367,0.12479999661445618,vizier,zCOSMOS_Lilly2007,J/ApJS/172/70/zcosmos3,1,149.994522,2.514978,0.03360757102946926,0.12439999729394913,-0.00039999932050704956,True,839543,4.5,RAJ2000,DEJ2000,z,True
801756,21,160745.84+113522.0_801756_0.3,150.20207292391206,2.5177113608376294,3.1112000942230225,vizier,COSMOS_Ilbert2013_zspec,J/ApJS/206/8,1,150.20213,2.5177338,0.22059833780016802,nan,nan,,,,RAJ2000,DEJ2000,zsp,True
802000,1,145821.63+045121.6_802000_0.003,150.02587566039068,2.516291704316253,0.7498000264167786,vizier,zCOSMOS_Lilly2007,J/ApJS/172/70/zcosmos3,1,150.025848,2.516296,0.10067619800721513,0.7491999864578247,-0.0006000399589538574,True,839386,3.5,RAJ2000,DEJ2000,z,True
802882,3,082446.96+351842.8_802882_0.0003,150.06364063295314,2.5184098629473257,1.159000039100647,vizier,COSMOS_Ilbert2013_zspec,J/ApJS/206/8,1,150.06366,2.5184281,0.0957186042834907,nan,nan,,,,RAJ2000,DEJ2000,zsp,True
803376,3,080529.75+433644.5_803376_0.0001,149.97285639547363,2.519165875870951,0.925000011920929,vizier,COSMOS_Ilbert2013_zspec,J/ApJS/206/8,1,149.97287,2.5191927,0.10825526641178879,nan,nan,,,,RAJ2000,DEJ2000,zsp,True
804317,7,162050.92+334209.0_804317_0.1,150.0488276347868,2.51629147238176,0.3319999873638153,vizier,COSMOS_Ilbert2013_zspec,J/ApJS/206/8,1,150.04883,2.5163043,0.04695637202658773,nan,nan,,,,RAJ2000,DEJ2000,zsp,True
804328,5,092652.13+384456.1_804328_0.01,150.35417466586324,2.519079526846509,0.9599999785423279,vizier,COSMOS_Ilbert2013_zspec,J/ApJS/206/8,1,150.35419,2.5190823,0.05604587227012273,nan,nan,,,,RAJ2000,DEJ2000,zsp,True
804677,3,141422.55+140126.0_804677_0.003,149.72810005575542,2.521753854082368,2.7748000621795654,vizier,COSMOS_Ilbert2013_zspec,J/ApJS/206/8,1,149.72818,2.5217538,0.28752063826449653,nan,nan,,,,RAJ2000,DEJ2000,zsp,True
809638,18,135457.26-003406.4_809638_0.0001,150.0193000008278,2.529199761146918,0.9290000200271606,vizier,COSMOS_Ilbert2013_zspec,J/ApJS/206/8,1,150.01933,2.5292416,0.185275441261416,nan,nan,,,,RAJ2000,DEJ2000,zsp,True
809984,1,080651.54+245526.3_809984_0.03,150.0068601133645,2.529515512704219,2.164799928665161,vizier,COSMOS_Ilbert2013_zspec,J/ApJS/206/8,1,150.00685,2.5295119,0.038627941485101465,nan,nan,,,,RAJ2000,DEJ2000,zsp,True
810483,36,084102.02+320101.4_810483_1,149.9443843281675,2.530304780582143,0.796999990940094,vizier,COSMOS_Ilbert2013_zspec,J/ApJS/206/8,1,149.94443,2.5303378,0.2027580812490014,nan,nan,,,,RAJ2000,DEJ2000,zsp,True
810790,5,162050.27+094135.2_810790_0.0003,150.19216679130588,2.530402009997416,3.053499937057495,vizier,COSMOS_Ilbert2013_zspec,J/ApJS/206/8,1,150.19217,2.5304086,0.026381831592100696,nan,nan,,,,RAJ2000,DEJ2000,zsp,True
810885,1,151941.04+070225.6_810885_0.1,149.75148513424233,2.528748459781468,0.4544999897480011,vizier,zCOSMOS_Lilly2007,J/ApJS/172/70/zcosmos3,1,149.75148,2.528749,0.018567404891855405,0.45399999618530273,-0.0004999935626983643,True,840826,4.5,RAJ2000,DEJ2000,z,True
810961,1,030911.64+002358.8_810961_0.3,150.15669462257648,2.528422725503953,0.6079999804496765,vizier,zCOSMOS_Lilly2007,J/ApJS/172/70/zcosmos3,1,150.156677,2.528423,0.0633872159356205,0.607699990272522,-0.000299990177154541,True,838650,3.5,RAJ2000,DEJ2000,z,True
812990,2,090211.04+383220.8_812990_0.1,150.17648233335228,2.532998372883238,1.3401999473571777,vizier,COSMOS_Ilbert2013_zspec,J/ApJS/206/8,1,150.1765,2.5329926,0.06685026657322571,nan,nan,,,,RAJ2000,DEJ2000,zsp,True
814082,8,083010.20+453727.5_814082_0.003,149.9215440239019,2.5348655603352652,1.24399995803833,vizier,COSMOS_Ilbert2013_zspec,J/ApJS/206/8,1,149.92155,2.5348821,0.06330315171162985,nan,nan,,,,RAJ2000,DEJ2000,zsp,True
815072,2,074659.86+165515.9_815072_0.0001,150.13383746680915,2.5361720740342397,1.5087000131607056,vizier,COSMOS_Ilbert2013_zspec,J/ApJS/206/8,1,150.13385,2.536191,0.08169426266699871,nan,nan,,,,RAJ2000,DEJ2000,zsp,True
815212,8,035539.75-050800.6_815212_0.001,149.99283225910068,2.5373445760243505,2.4565000534057617,vizier,COSMOS_Ilbert2013_zspec,J/ApJS/206/8,1,149.99284,2.5374141,0.2518299009663634,nan,nan,,,,RAJ2000,DEJ2000,zsp,True
816466,29,080101.56+294638.0_816466_0.001,150.33605537590296,2.5390103757618885,1.4040000438690186,vizier,COSMOS_Ilbert2013_zspec,J/ApJS/206/8,1,150.33606,2.5390205,0.04006211422022823,nan,nan,,,,RAJ2000,DEJ2000,zsp,True
816712,1,075004.39+170245.8_816712_0.1,150.39628399327538,2.5374664922535746,0.37389999628067017,vizier,COSMOS_Ilbert2013_zspec,J/ApJS/206/8,1,150.3963,2.5374544,0.07217399667455056,0.3739,3.719329844109609e-09,True,837331,4.5,RAJ2000,DEJ2000,zsp,True
818048,6,155915.75+383911.2_818048_1,149.9434469313986,2.5402312952897117,1.3250000476837158,vizier,zCOSMOS_Lilly2007,J/ApJS/172/70/zcosmos3,1,149.943436,2.540233,0.03979047001795394,1.3255000114440918,0.0004999637603759766,True,839829,9.3,RAJ2000,DEJ2000,z,True
818676,1,160905.42+071337.2_818676_0.01,150.10688823150247,2.540442781384763,0.7021999955177307,vizier,zCOSMOS_Lilly2007,J/ApJS/172/70/zcosmos3,1,150.106888,2.540432,0.03882191419812433,0.7016000151634216,-0.000599980354309082,True,838935,3.5,RAJ2000,DEJ2000,z,True
818891,1,032541.48-075237.7_818891_0.1,149.79833281255253,2.540556844961955,0.8884000182151794,vizier,zCOSMOS_Lilly2007,J/ApJS/172/70/zcosmos3,1,149.798325,2.540563,0.03578344657286409,0.8877999782562256,-0.0006000399589538574,True,840623,3.5,RAJ2000,DEJ2000,z,True
819051,5,084305.35+132317.3_819051_0.01,150.18929195090928,2.5411369985567775,0.517300009727478,vizier,zCOSMOS_Lilly2007,J/ApJS/172/70/zcosmos3,1,150.189285,2.541135,0.026013430085449003,0.5167999863624573,-0.000500023365020752,True,838453,3.5,RAJ2000,DEJ2000,z,True
819077,2,034024.58-051909.4_819077_0.0003,150.1245851810657,2.543259292417513,2.3475000858306885,vizier,COSMOS_Ilbert2013_zspec,J/ApJS/206/8,1,150.1246,2.5432699,0.06556441318477643,nan,nan,,,,RAJ2000,DEJ2000,zsp,True
819337,1,143515.65+023221.6_819337_0.3,150.09093046925332,2.541480520667153,0.3059000074863434,vizier,zCOSMOS_Lilly2007,J/ApJS/172/70/zcosmos3,1,150.090927,2.541466,0.05374280686156062,0.30550000071525574,-0.0004000067710876465,True,839026,4.5,RAJ2000,DEJ2000,z,True
819899,6,080310.58+293233.7_819899_0.01,150.38780752944896,2.5441512985871753,0.33320000767707825,vizier,COSMOS_Ilbert2013_zspec,J/ApJS/206/8,1,150.38794,2.5441451,0.4769462270378279,nan,nan,,,,RAJ2000,DEJ2000,zsp,True
820034,2,084716.87+334858.8_820034_0.01,149.84782885627794,2.5434236368684404,0.21130000054836273,vizier,COSMOS_Ilbert2013_zspec,J/ApJS/206/8,1,149.84782,2.5434322,0.044326281579612124,0.2113,-5.483627441016381e-10,True,840404,4.5,RAJ2000,DEJ2000,zsp,True
820123,19,143730.21+082700.6_820123_0.0001,149.85298557341082,2.5434227041883477,1.1759999990463257,vizier,COSMOS_Ilbert2013_zspec,J/ApJS/206/8,1,149.853,2.5434296,0.05751768505825012,nan,nan,,,,RAJ2000,DEJ2000,zsp,True
820331,2,171051.85+305452.5_820331_0.003,149.87340723170325,2.5422733497079615,1.0063999891281128,vizier,zCOSMOS_Lilly2007,J/ApJS/172/70/zcosmos3,1,149.873398,2.542282,0.04552031924330973,1.0061999559402466,-0.00020003318786621094,True,840294,9.5,RAJ2000,DEJ2000,z,True
820644,3,143730.46+075127.9_820644_0.003,150.15446473344667,2.5416931466038553,0.25,vizier,COSMOS_Ilbert2013_zspec,J/ApJS/206/8,1,150.15446,2.5417078,0.05543105456764649,0.25,0.0,True,838663,3.5,RAJ2000,DEJ2000,zsp,True
820710,1,150348.11+104251.4_820710_0.01,149.94491005732783,2.545140544366683,1.313099980354309,vizier,COSMOS_Ilbert2013_zspec,J/ApJS/206/8,1,149.94492,2.5451748,0.128399954124044,nan,nan,,,,RAJ2000,DEJ2000,zsp,True
821352,3,160425.18-001154.5_821352_0.003,149.9035611802514,2.544477979836043,0.7279999852180481,vizier,zCOSMOS_Lilly2007,J/ApJS/172/70/zcosmos3,1,149.903549,2.544484,0.048873695477282014,0.8833000063896179,0.15530002117156982,False,840123,1.1,RAJ2000,DEJ2000,z,True
822117,1,141545.66-004349.6_822117_0.3,149.91370555797897,2.5470631692804857,0.6779999732971191,vizier,COSMOS_Ilbert2013_zspec,J/ApJS/206/8,1,149.91371,2.5470748,0.04481475425269093,nan,nan,,,,RAJ2000,DEJ2000,zsp,True
822153,1,084302.97+030218.9_822153_1,150.23071020006995,2.547124406594955,0.5130000114440918,vizier,zCOSMOS_Lilly2007,J/ApJS/172/70/zcosmos3,1,150.230713,2.547134,0.03597434902230652,0.512499988079071,-0.000500023365020752,True,838224,3.5,RAJ2000,DEJ2000,z,True
823297,2,143323.68+252619.2_823297_0.1,150.36892487624522,2.5466267046443907,0.6168000102043152,vizier,zCOSMOS_Lilly2007,J/ApJS/172/70/zcosmos3,1,150.368927,2.546623,0.015369015185122818,0.6162999868392944,-0.000500023365020752,True,837486,3.5,RAJ2000,DEJ2000,z,True
823667,2,134127.40+002050.5_823667_0.003,150.10811372713744,2.547068506645966,0.7258999943733215,vizier,zCOSMOS_Lilly2007,J/ApJS/172/70/zcosmos3,1,150.108109,2.547059,0.03821396432751599,0.7253000140190125,-0.000599980354309082,True,838926,3.5,RAJ2000,DEJ2000,z,True
824168,2,143323.68+252619.2_824168_0.003,150.32490014100298,2.549015371749712,0.6129999756813049,vizier,zCOSMOS_Lilly2007,J/ApJS/172/70/zcosmos3,1,150.32489,2.549028,0.05828323668237908,0.612500011920929,-0.0004999637603759766,True,837711,3.5,RAJ2000,DEJ2000,z,True
824536,44,081418.14+065544.9_824536_0.001,149.92086416138042,2.550922559215648,0.7279999852180481,vizier,COSMOS_Ilbert2013_zspec,J/ApJS/206/8,1,149.92087,2.550952,0.10804689381939764,nan,nan,,,,RAJ2000,DEJ2000,zsp,True
825170,1,144230.18+023650.9_825170_0.0003,150.15560576692152,2.550424246604271,0.6948000192642212,vizier,zCOSMOS_Lilly2007,J/ApJS/172/70/zcosmos3,1,150.155609,2.550438,0.05085922121964135,0.6941999793052673,-0.0006000399589538574,True,838656,3.5,RAJ2000,DEJ2000,z,True
825422,8,153229.44-002143.4_825422_1,149.87372965628333,2.5523368306306353,1.6721999645233154,vizier,COSMOS_Ilbert2013_zspec,J/ApJS/206/8,1,149.87372,2.5523255,0.05357134925770573,nan,nan,,,,RAJ2000,DEJ2000,zsp,True
826213,3,081410.80+094054.8_826213_0.3,150.43474820464917,2.5533617281594854,1.444700002670288,vizier,COSMOS_Ilbert2013_zspec,J/ApJS/206/8,1,150.43477,2.5533466,0.09544792448716244,nan,nan,,,,RAJ2000,DEJ2000,zsp,True
826265,2,101408.51+640929.2_826265_0.1,149.67794920186418,2.5519373894538266,0.5139999985694885,vizier,zCOSMOS_Lilly2007,J/ApJS/172/70/zcosmos3,1,149.677963,2.551934,0.051102188251734036,0.5134999752044678,-0.000500023365020752,True,841184,3.5,RAJ2000,DEJ2000,z,True
826652,2,162723.39+145603.4_826652_0.0003,150.3985994168128,2.5526467927298935,0.8801000118255615,vizier,zCOSMOS_Lilly2007,J/ApJS/172/70/zcosmos3,1,150.39859,2.552664,0.0705995347519945,0.8794999718666077,-0.0006000399589538574,True,837320,3.5,RAJ2000,DEJ2000,z,True
827145,3,165936.94+362205.2_827145_0.01,150.0465148346681,2.5529577184441594,0.4729999899864197,vizier,COSMOS_Ilbert2013_zspec,J/ApJS/206/8,1,150.04652,2.5529804,0.08374010850916398,nan,nan,,,,RAJ2000,DEJ2000,zsp,True
828072,2,142715.08+232911.0_828072_0.0003,150.65292665344333,2.5548775001667914,0.2240000069141388,vizier,zCOSMOS_Lilly2007,J/ApJS/172/70/zcosmos3,1,150.652924,2.554891,0.04952745289132066,0.22360000014305115,-0.0004000067710876465,True,835924,4.5,RAJ2000,DEJ2000,z,True
828713,1,075546.68+165618.3_828713_1,150.38413965708403,2.555023435631223,0.3467999994754791,vizier,zCOSMOS_Lilly2007,J/ApJS/172/70/zcosmos3,1,150.38414,2.555032,0.030856383166248832,0.3463999927043915,-0.0004000067710876465,True,837398,4.5,RAJ2000,DEJ2000,z,True
828853,2,154819.11+083756.9_828853_0.3,149.6070803675542,2.556891027648275,0.5497999787330627,vizier,zCOSMOS_Lilly2007,J/ApJS/172/70/zcosmos3,1,149.607086,2.556904,0.05090446050765502,0.5493000149726868,-0.0004999637603759766,True,841497,3.5,RAJ2000,DEJ2000,z,True
829528,4,163516.70+121340.6_829528_0.03,149.95709455559557,2.5586700443827834,1.7964999675750732,vizier,COSMOS_Ilbert2013_zspec,J/ApJS/206/8,1,149.95708,2.5587027,0.1286884169407218,nan,nan,,,,RAJ2000,DEJ2000,zsp,True
829680,41,154926.36+212359.2_829680_0.003,150.03266919436987,2.5589636774654823,0.8859999775886536,vizier,COSMOS_Ilbert2013_zspec,J/ApJS/206/8,1,150.03271,2.5590141,0.23342362704613556,nan,nan,,,,RAJ2000,DEJ2000,zsp,True
829842,2,142840.40+285541.5_829842_0.0003,149.7323100662615,2.558519334693971,0.6741999983787537,vizier,COSMOS_Ilbert2013_zspec,J/ApJS/206/8,1,149.73232,2.5585399,0.08220419541296074,nan,nan,,,,RAJ2000,DEJ2000,zsp,True
830362,11,085648.66+141321.9_830362_0.0001,150.08176517885772,2.559160472055861,0.34200000762939453,vizier,COSMOS_Ilbert2013_zspec,J/ApJS/206/8,1,150.08179,2.5592432,0.31091108800184425,nan,nan,,,,RAJ2000,DEJ2000,zsp,True
830467,1,135702.92+003824.4_830467_1,149.91923042946166,2.5603878452360984,2.31820011138916,vizier,COSMOS_Ilbert2013_zspec,J/ApJS/206/8,1,149.91927,2.5603943,0.1441963668335962,nan,nan,,,,RAJ2000,DEJ2000,zsp,True
832342,1,082959.15+235932.4_832342_0.3,149.46111464830543,2.559735662919576,0.7052000164985657,vizier,zCOSMOS_Lilly2007,J/ApJS/172/70/zcosmos3,1,149.461105,2.559717,0.07561788551136159,0.7045999765396118,-0.0006000399589538574,True,842141,3.5,RAJ2000,DEJ2000,z,True
832789,8,152324.14+262329.5_832789_0.01,150.06644940100793,2.561540068894935,0.7260000109672546,vizier,COSMOS_Ilbert2013_zspec,J/ApJS/206/8,1,150.06647,2.5615611,0.10592679966257983,nan,nan,,,,RAJ2000,DEJ2000,zsp,True
834119,13,151815.06+330523.1_834119_0.1,150.33140162986976,2.5656242277321653,3.552500009536743,vizier,COSMOS_Ilbert2013_zspec,J/ApJS/206/8,1,150.33142,2.5656149,0.07411035890752711,nan,nan,,,,RAJ2000,DEJ2000,zsp,True
834572,1,093329.89+474802.9_834572_0.3,149.94518686235813,2.5654786872621838,0.753000020980835,vizier,COSMOS_Ilbert2013_zspec,J/ApJS/206/8,1,149.94519,2.565505,0.09539560131672306,nan,nan,,,,RAJ2000,DEJ2000,zsp,True
835486,5,080607.38+400200.9_835486_0.0003,149.58129278145503,2.56472611493131,0.5008999705314636,vizier,zCOSMOS_Lilly2007,J/ApJS/172/70/zcosmos3,1,149.581299,2.564729,0.024658420708196183,0.5004000067710876,-0.0004999637603759766,True,841605,3.5,RAJ2000,DEJ2000,z,True
835742,2,150856.60+272128.4_835742_0.03,149.93104790376674,2.5683151355636715,2.753999948501587,vizier,COSMOS_Ilbert2013_zspec,J/ApJS/206/8,1,149.93106,2.5683019,0.06451991472455229,nan,nan,,,,RAJ2000,DEJ2000,zsp,True
835913,1,163308.28+403321.4_835913_0.001,150.35470513578562,2.567353197187596,0.3955000042915344,vizier,zCOSMOS_Lilly2007,J/ApJS/172/70/zcosmos3,1,150.354691,2.567378,0.10274825067969334,0.39500001072883606,-0.0004999935626983643,True,837551,3.1,RAJ2000,DEJ2000,z,True
837427,1,090000.44+395940.6_837427_0.0001,150.09884365817513,2.5700004470925157,1.4079999923706055,vizier,COSMOS_Ilbert2013_zspec,J/ApJS/206/8,1,150.09882,2.5700095,0.09111194038555394,nan,nan,,,,RAJ2000,DEJ2000,zsp,True
839016,6,145907.47+114300.0_839016_0.0001,150.06263048692136,2.5696175351518127,0.8919000029563904,vizier,COSMOS_Ilbert2013_zspec,J/ApJS/206/8,1,150.06264,2.5696251,0.04372832263023764,0.8919,-2.9563903547469295e-09,True,839165,3.5,RAJ2000,DEJ2000,zsp,True
839470,3,092225.69+611530.6_839470_0.1,150.46152210124032,2.573463852944336,2.2248001098632812,vizier,COSMOS_Ilbert2013_zspec,J/ApJS/206/8,1,150.46156,2.5734856,0.15718256009285075,nan,nan,,,,RAJ2000,DEJ2000,zsp,True
840153,1,082959.15+235932.4_840153_0.1,149.7449566533127,2.572583761595573,0.7089999914169312,vizier,COSMOS_Ilbert2013_zspec,J/ApJS/206/8,1,149.74496,2.5725863,0.015111961299483164,0.709,8.583068811240935e-09,True,840853,3.5,RAJ2000,DEJ2000,zsp,True
840398,7,142903.03-014519.3_840398_0.0003,150.1053868419459,2.5750399972632643,3.393199920654297,vizier,COSMOS_Ilbert2013_zspec,J/ApJS/206/8,1,150.10538,2.5750678,0.10307007483364485,nan,nan,,,,RAJ2000,DEJ2000,zsp,True
841503,7,155611.17+044145.4_841503_0.03,150.05095669303554,2.5726807872064423,0.6298999786376953,vizier,COSMOS_Ilbert2013_zspec,J/ApJS/206/8,1,150.05096,2.5726953,0.0535826056646285,nan,nan,,,,RAJ2000,DEJ2000,zsp,True
842007,1,152939.29+203906.8_842007_0.0001,150.26285475472594,2.575604046100993,0.14350000023841858,vizier,COSMOS_Ilbert2013_zspec,J/ApJS/206/8,1,150.26286,2.5756228,0.07009987334511951,0.1435,-2.3841859042583735e-10,True,838058,4.5,RAJ2000,DEJ2000,zsp,True
842063,1,164826.99+350017.3_842063_1,149.9814495366117,2.5772674702935703,2.9375998973846436,vizier,COSMOS_Ilbert2013_zspec,J/ApJS/206/8,1,149.98146,2.5772924,0.09731668873709083,nan,nan,,,,RAJ2000,DEJ2000,zsp,True
842105,15,082857.22+125140.0_842105_0.0003,150.04503862398803,2.5777158939063467,2.754199981689453,vizier,COSMOS_Ilbert2013_zspec,J/ApJS/206/8,1,150.04509,2.5777166,0.18478397989500583,nan,nan,,,,RAJ2000,DEJ2000,zsp,True
842575,22,034402.85-065300.6_842575_0.1,150.25723278978847,2.5784675439434457,3.9619998931884766,vizier,COSMOS_Ilbert2013_zspec,J/ApJS/206/8,1,150.25729,2.5785003,0.23714529080599314,nan,nan,,,,RAJ2000,DEJ2000,zsp,True
842743,1,084716.87+334858.8_842743_0.0003,149.94916003238643,2.5770872667450746,0.2184000015258789,vizier,zCOSMOS_Lilly2007,J/ApJS/172/70/zcosmos3,1,149.949158,2.577098,0.039324954721674577,0.21799999475479126,-0.0004000067710876465,True,839789,4.5,RAJ2000,DEJ2000,z,True
842833,14,074815.44+220059.4_842833_0.0001,150.2130426080463,2.5785859121638324,1.0625,vizier,COSMOS_Ilbert2013_zspec,J/ApJS/206/8,1,150.21307,2.5785825,0.09927409083384378,nan,nan,,,,RAJ2000,DEJ2000,zsp,True
843083,1,084143.96+130356.8_843083_1,150.15226719098968,2.577001454408973,0.5138999819755554,vizier,COSMOS_Ilbert2013_zspec,J/ApJS/206/8,1,150.15227,2.5770087,0.027972064135061044,0.5139,1.8024444603526035e-08,True,838673,4.5,RAJ2000,DEJ2000,zsp,True
843568,1,161456.18+413055.8_843568_0.1,150.53038871807448,2.5760020804288506,0.18700000643730164,vizier,zCOSMOS_Lilly2007,J/ApJS/172/70/zcosmos3,1,150.530396,2.575996,0.03413189984336984,0.186599999666214,-0.0004000067710876465,True,836566,4.5,RAJ2000,DEJ2000,z,True
843924,4,172258.04+272542.1_843924_0.1,150.39398186513205,2.578888871482707,0.5041000247001648,vizier,zCOSMOS_Lilly2007,J/ApJS/172/70/zcosmos3,1,150.393982,2.578904,0.05446482201131268,0.503600001335144,-0.000500023365020752,True,701741,4.5,RAJ2000,DEJ2000,z,True
844004,4,022923.43-000047.9_844004_0.01,149.79702094643866,2.579734913262689,0.5569999814033508,vizier,COSMOS_Ilbert2013_zspec,J/ApJS/206/8,1,149.79703,2.5797808,0.16837048658959625,nan,nan,,,,RAJ2000,DEJ2000,zsp,True
844095,3,155942.55+173118.6_844095_0.01,149.98990095897474,2.578490699134849,0.7276999950408936,vizier,zCOSMOS_Lilly2007,J/ApJS/172/70/zcosmos3,1,149.989899,2.578483,0.028598254192332025,0.7271000146865845,-0.000599980354309082,True,839567,3.5,RAJ2000,DEJ2000,z,True
844177,4,160530.30+411359.2_844177_0.3,149.6413536653533,2.5794719667303654,0.4034000039100647,vizier,zCOSMOS_Lilly2007,J/ApJS/172/70/zcosmos3,1,149.641357,2.579474,0.014049933935310338,0.40290001034736633,-0.0004999935626983643,True,841343,3.5,RAJ2000,DEJ2000,z,True
844304,19,161602.39+482201.2_844304_0.01,150.05685112980186,2.580272432046022,0.5740000009536743,vizier,COSMOS_Ilbert2013_zspec,J/ApJS/206/8,1,150.05682,2.5802703,0.11221646211731956,nan,nan,,,,RAJ2000,DEJ2000,zsp,True
844675,1,154458.49+230810.1_844675_0.03,150.41004718705327,2.57818230775683,0.37389999628067017,vizier,COSMOS_Ilbert2013_zspec,J/ApJS/206/8,1,150.41006,2.5781798,0.04695596048088596,0.3739,3.719329844109609e-09,True,837252,4.5,RAJ2000,DEJ2000,zsp,True
844697,2,090225.23+433002.6_844697_0.1,150.5972576802667,2.5803439139594473,0.6934999823570251,vizier,zCOSMOS_Lilly2007,J/ApJS/172/70/zcosmos3,1,150.59726,2.580348,0.01691079963047147,0.6929000020027161,-0.000599980354309082,True,836199,3.5,RAJ2000,DEJ2000,z,True
845037,9,162449.81+483045.6_845037_0.01,149.90960410969933,2.581621141170525,1.9807000160217285,vizier,COSMOS_Ilbert2013_zspec,J/ApJS/206/8,1,149.90962,2.5816302,0.06579749865960242,nan,nan,,,,RAJ2000,DEJ2000,zsp,True
845242,3,084403.74+161814.8_845242_0.1,149.98429287234683,2.580708057675439,0.6980000138282776,vizier,COSMOS_Ilbert2013_zspec,J/ApJS/206/8,1,149.98431,2.5807362,0.11856807423650102,nan,nan,,,,RAJ2000,DEJ2000,zsp,True
845523,8,085828.85+401034.7_845523_0.001,149.95439244009512,2.582521065445608,1.5399999618530273,vizier,COSMOS_Ilbert2013_zspec,J/ApJS/206/8,1,149.95438,2.5825429,0.09044454877894721,nan,nan,,,,RAJ2000,DEJ2000,zsp,True
845552,10,074707.09+465109.1_845552_0.1,149.71513003843916,2.579956554829804,0.27000001072883606,vizier,COSMOS_Ilbert2013_zspec,J/ApJS/206/8,1,149.71509,2.5799844,0.175449016473648,nan,nan,,,,RAJ2000,DEJ2000,zsp,True
845788,17,084441.51+083059.9_845788_0.003,149.9031117941802,2.582074329616002,0.6949999928474426,vizier,COSMOS_Ilbert2013_zspec,J/ApJS/206/8,1,149.90311,2.5820787,0.017005115727150452,nan,nan,,,,RAJ2000,DEJ2000,zsp,True
846241,2,075352.98+315341.6_846241_0.03,149.85119082193947,2.581014326877144,0.5016000270843506,vizier,zCOSMOS_Lilly2007,J/ApJS/172/70/zcosmos3,1,149.851181,2.581024,0.04960222211567995,0.5011000037193298,-0.000500023365020752,True,840392,4.5,RAJ2000,DEJ2000,z,True
846832,2,023554.62-073803.9_846832_0.0003,150.366036319861,2.582794934847167,0.5777999758720398,vizier,COSMOS_Ilbert2013_zspec,J/ApJS/206/8,1,150.36603,2.5828047,0.041861939637923264,0.5778,2.4127960185360564e-08,True,837495,3.5,RAJ2000,DEJ2000,zsp,True
846921,5,084454.24+064708.7_846921_0.0003,149.71146533986405,2.5834983219360823,0.9988999962806702,vizier,zCOSMOS_Lilly2007,J/ApJS/172/70/zcosmos3,1,149.711456,2.583486,0.055641366582669584,0.998199999332428,-0.0006999969482421875,True,841010,3.5,RAJ2000,DEJ2000,z,True
846955,7,161515.58+465931.9_846955_1,149.6831934273821,2.5827007451434745,0.9850000143051147,vizier,COSMOS_Ilbert2013_zspec,J/ApJS/206/8,1,149.6832,2.58272,0.07323687390706596,nan,nan,,,,RAJ2000,DEJ2000,zsp,True
847862,1,033901.67-055139.9_847862_1,149.87813859387995,2.5849959904674256,0.22089999914169312,vizier,COSMOS_Ilbert2013_zspec,J/ApJS/206/8,1,149.87814,2.5850139,0.06467232509682337,0.2209,8.583068977774388e-10,True,840270,3.5,RAJ2000,DEJ2000,zsp,True
848312,3,090442.99+623222.9_848312_1,150.19355438765828,2.585477386082035,0.89410001039505,vizier,zCOSMOS_Lilly2007,J/ApJS/172/70/zcosmos3,1,150.193542,2.585478,0.04460496030577723,0.8934999704360962,-0.0006000399589538574,True,838425,3.5,RAJ2000,DEJ2000,z,True
849421,7,075057.26+353037.6_849421_0.3,150.74717638821386,2.5867128490899125,0.17759999632835388,vizier,zCOSMOS_Lilly2007,J/ApJS/172/70/zcosmos3,1,150.747177,2.586736,0.08337231270229872,0.17720000445842743,-0.00039999186992645264,True,835493,4.5,RAJ2000,DEJ2000,z,True
849464,8,145229.08+093204.9_849464_0.0003,150.10111863067715,2.5888223974101394,2.451200008392334,vizier,COSMOS_Ilbert2013_zspec,J/ApJS/206/8,1,150.10109,2.5888369,0.115445462583668,nan,nan,,,,RAJ2000,DEJ2000,zsp,True
850158,17,161129.31+473249.7_850158_0.0003,150.1817101103449,2.587884705310997,0.9419999718666077,vizier,COSMOS_Ilbert2013_zspec,J/ApJS/206/8,1,150.18172,2.587893,0.04643968595616851,nan,nan,,,,RAJ2000,DEJ2000,zsp,True
850396,1,091027.84+432633.4_850396_0.03,149.6514534878389,2.588398331092039,0.4916999936103821,vizier,zCOSMOS_Lilly2007,J/ApJS/172/70/zcosmos3,1,149.651459,2.588399,0.01996925876654273,0.4912000000476837,-0.0004999935626983643,True,841300,4.5,RAJ2000,DEJ2000,z,True
850583,7,151254.37+371831.1_850583_1,149.9553041068896,2.59071839265159,2.751499891281128,vizier,COSMOS_Ilbert2013_zspec,J/ApJS/206/8,1,149.95531,2.5907748,0.20416941457232876,nan,nan,,,,RAJ2000,DEJ2000,zsp,True
850719,11,083141.59+140218.8_850719_0.0003,150.74897796622608,2.5871210929055666,0.7835000157356262,vizier,zCOSMOS_Lilly2007,J/ApJS/172/70/zcosmos3,1,150.748978,2.587141,0.07166564288824154,0.7828999757766724,-0.0006000399589538574,True,835487,4.5,RAJ2000,DEJ2000,z,True
851033,1,165320.20+203834.9_851033_1,149.7885017968085,2.58919782934792,0.47859999537467957,vizier,zCOSMOS_Lilly2007,J/ApJS/172/70/zcosmos3,1,149.788513,2.589211,0.062220815039753526,0.4781000018119812,-0.0004999935626983643,True,840678,3.5,RAJ2000,DEJ2000,z,True
851318,2,164805.75+245455.6_851318_0.3,149.74640885830524,2.5896658041558047,0.24699999392032623,vizier,zCOSMOS_Lilly2007,J/ApJS/172/70/zcosmos3,1,149.746399,2.589665,0.03557165168801486,0.24660000205039978,-0.00039999186992645264,True,840845,4.5,RAJ2000,DEJ2000,z,True
851404,3,145221.62+002359.8_851404_0.1,150.5795854632425,2.5904805460577225,0.4661000072956085,vizier,zCOSMOS_Lilly2007,J/ApJS/172/70/zcosmos3,1,150.579575,2.590474,0.04439935246857387,0.46560001373291016,-0.0004999935626983643,True,836314,3.5,RAJ2000,DEJ2000,z,True
851584,2,100927.57+603209.9_851584_0.1,149.90528475603654,2.591115979215212,0.8657000064849854,vizier,zCOSMOS_Lilly2007,J/ApJS/172/70/zcosmos3,1,149.905289,2.591131,0.056187499872164266,0.8651000261306763,-0.000599980354309082,True,840120,3.5,RAJ2000,DEJ2000,z,True
851764,3,083346.15+165304.8_851764_1,149.96067638139942,2.5908048793182714,0.8899999856948853,vizier,COSMOS_Ilbert2013_zspec,J/ApJS/206/8,1,149.96069,2.5908406,0.13760546966136844,nan,nan,,,,RAJ2000,DEJ2000,zsp,True
851788,12,091307.82+442014.3_851788_0.03,150.29221323472976,2.592015655488224,2.944700002670288,vizier,COSMOS_Ilbert2013_zspec,J/ApJS/206/8,1,150.29224,2.592037,0.12316539841944445,nan,nan,,,,RAJ2000,DEJ2000,zsp,True
852484,19,143524.73+114931.6_852484_0.0003,150.100016371077,2.5930313251819297,0.4090000092983246,vizier,COSMOS_Ilbert2013_zspec,J/ApJS/206/8,1,150.10002,2.5930467,0.0568671431620445,nan,nan,,,,RAJ2000,DEJ2000,zsp,True
852876,3,035138.03+001956.0_852876_1,150.20825553529366,2.5898841085962694,0.3765000104904175,vizier,zCOSMOS_Lilly2007,J/ApJS/172/70/zcosmos3,1,150.208237,2.589886,0.06700576179667131,0.37599998712539673,-0.000500023365020752,True,838349,3.5,RAJ2000,DEJ2000,z,True
852907,7,144233.13-010210.6_852907_0.1,150.76386664958238,2.592666419049152,0.4092999994754791,vizier,zCOSMOS_Lilly2007,J/ApJS/172/70/zcosmos3,1,150.76387,2.592694,0.1000198423788311,0.40880000591278076,-0.0004999935626983643,True,835435,3.5,RAJ2000,DEJ2000,z,True
853420,32,162547.21+152721.1_853420_0.03,150.210878588795,2.5950900298055575,3.060800075531006,vizier,COSMOS_Ilbert2013_zspec,J/ApJS/206/8,1,150.21089,2.595129,0.14617173514271758,nan,nan,,,,RAJ2000,DEJ2000,zsp,True
853526,7,080054.21+213937.5_853526_0.03,150.0662913802342,2.592414363288024,0.8880000114440918,vizier,COSMOS_Ilbert2013_zspec,J/ApJS/206/8,1,150.0663,2.592428,0.058060340898208086,nan,nan,,,,RAJ2000,DEJ2000,zsp,True
854172,18,144819.52+093955.8_854172_0.0003,150.39363527046353,2.595240962900668,0.2842000126838684,vizier,zCOSMOS_Lilly2007,J/ApJS/172/70/zcosmos3,1,150.393631,2.595256,0.05626994901732905,0.28380000591278076,-0.0004000067710876465,True,837352,3.5,RAJ2000,DEJ2000,z,True
854231,1,073350.19+443458.3_854231_1,149.4903166748098,2.593209298391887,0.4878999888896942,vizier,zCOSMOS_Lilly2007,J/ApJS/172/70/zcosmos3,1,149.490295,2.59321,0.07799031924897448,0.48739999532699585,-0.0004999935626983643,True,842030,3.5,RAJ2000,DEJ2000,z,True
854642,34,092433.83+463301.0_854642_1,150.32783761435425,2.5951452214091275,0.8801000118255615,vizier,zCOSMOS_Lilly2007,J/ApJS/172/70/zcosmos3,1,150.327835,2.595155,0.03643685101093155,0.8794999718666077,-0.0006000399589538574,True,837693,3.5,RAJ2000,DEJ2000,z,True
854910,5,151926.68+433915.2_854910_0.001,150.76883666639515,2.595702104312266,0.5508000254631042,vizier,zCOSMOS_Lilly2007,J/ApJS/172/70/zcosmos3,1,150.768951,2.59563,0.4862585266993828,0.5503000020980835,-0.000500023365020752,True,835408,3.5,RAJ2000,DEJ2000,z,True
855991,7,143001.96+101329.2_855991_0.0001,149.93295000536452,2.59911140189402,0.24889999628067017,vizier,COSMOS_Ilbert2013_zspec,J/ApJS/206/8,1,149.93298,2.5991514,0.17991633514909067,nan,nan,,,,RAJ2000,DEJ2000,zsp,True
858826,4,164300.77+262515.9_858826_0.0001,150.20615059714657,2.60261481061659,0.8930000066757202,vizier,COSMOS_Ilbert2013_zspec,J/ApJS/206/8,1,150.20618,2.6026261,0.11328253089620575,nan,nan,,,,RAJ2000,DEJ2000,zsp,True
859258,1,140259.67+145615.5_859258_0.03,149.82064022555159,2.6042635908913394,2.0855000019073486,vizier,COSMOS_Ilbert2013_zspec,J/ApJS/206/8,1,149.8206,2.604239,0.1696003644497874,nan,nan,,,,RAJ2000,DEJ2000,zsp,True
859851,1,075545.89+142940.9_859851_0.003,149.94992762149943,2.603763689228631,0.5475999712944031,vizier,zCOSMOS_Lilly2007,J/ApJS/172/70/zcosmos3,1,149.949921,2.603775,0.04717062284516609,0.5471000075340271,-0.0004999637603759766,True,839785,3.5,RAJ2000,DEJ2000,z,True
861502,3,092708.88+582319.4_861502_0.1,150.40875593000763,2.607350699041744,1.9192999601364136,vizier,COSMOS_Ilbert2013_zspec,J/ApJS/206/8,1,150.40877,2.6073573,0.05590182858317523,nan,nan,,,,RAJ2000,DEJ2000,zsp,True
861838,1,032708.80-065626.9_861838_0.003,149.86740169704757,2.607159552220266,0.5550000071525574,vizier,COSMOS_Ilbert2013_zspec,J/ApJS/206/8,1,149.86742,2.6071718,0.07922560616256698,nan,nan,,,,RAJ2000,DEJ2000,zsp,True
862319,4,145032.97+050822.4_862319_0.03,149.86918689351776,2.6084141064906317,1.6440999507904053,vizier,COSMOS_Ilbert2013_zspec,J/ApJS/206/8,1,149.8692,2.6084378,0.09745343500014741,nan,nan,,,,RAJ2000,DEJ2000,zsp,True
862542,11,160934.39+374132.3_862542_0.0001,150.02006458859765,2.6094325002624035,1.4709999561309814,vizier,COSMOS_Ilbert2013_zspec,J/ApJS/206/8,1,150.02003,2.609453,0.14463447623925602,nan,nan,,,,RAJ2000,DEJ2000,zsp,True
862781,3,023317.99-084312.7_862781_0.003,150.09911681616214,2.609273764870226,1.2699999809265137,vizier,COSMOS_Ilbert2013_zspec,J/ApJS/206/8,1,150.09915,2.6092675,0.12145044512067961,nan,nan,,,,RAJ2000,DEJ2000,zsp,True
863525,2,075916.12+092743.0_863525_1,150.4057303269132,2.6111340877513207,2.617500066757202,vizier,COSMOS_Ilbert2013_zspec,J/ApJS/206/8,1,150.40575,2.6111374,0.07174738342455625,nan,nan,,,,RAJ2000,DEJ2000,zsp,True
864292,5,155912.34+482819.9_864292_0.003,150.1554104717605,2.6122468001547565,3.4240000247955322,vizier,COSMOS_Ilbert2013_zspec,J/ApJS/206/8,1,150.1554,2.612252,0.0420550845912956,nan,nan,,,,RAJ2000,DEJ2000,zsp,True
865069,1,033227.68+002613.3_865069_0.001,149.98083612307627,2.6122479604458415,0.9259999990463257,vizier,COSMOS_Ilbert2013_zspec,J/ApJS/206/8,1,149.98083,2.6122625,0.05678568593877799,nan,nan,,,,RAJ2000,DEJ2000,zsp,True
865484,1,110022.09+645812.9_865484_0.03,149.88913929227562,2.6132025739291285,0.8880000114440918,vizier,COSMOS_Ilbert2013_zspec,J/ApJS/206/8,1,149.88914,2.6132231,0.0739376741422011,nan,nan,,,,RAJ2000,DEJ2000,zsp,True
865674,41,151617.79+265525.1_865674_0.0001,149.88415534407739,2.6146561223020788,3.109999895095825,vizier,COSMOS_Ilbert2013_zspec,J/ApJS/206/8,1,149.88412,2.6146696,0.1360520199555357,nan,nan,,,,RAJ2000,DEJ2000,zsp,True
865765,3,150344.16+114546.2_865765_0.0003,150.34347177613606,2.6144572690164405,2.6670000553131104,vizier,COSMOS_Ilbert2013_zspec,J/ApJS/206/8,1,150.34354,2.6144743,0.25289494418681224,nan,nan,,,,RAJ2000,DEJ2000,zsp,True
865830,9,082853.08+521543.3_865830_0.0001,150.31532408586685,2.614175667986246,0.9850000143051147,vizier,COSMOS_Ilbert2013_zspec,J/ApJS/206/8,1,150.31535,2.6141789,0.093917315021955,nan,nan,,,,RAJ2000,DEJ2000,zsp,True
866925,3,143821.39+094623.1_866925_0.03,149.96598599852925,2.615351319025767,0.8090999722480774,vizier,zCOSMOS_Lilly2007,J/ApJS/172/70/zcosmos3,1,149.965973,2.615356,0.04969062634213476,0.8084999918937683,-0.000599980354309082,True,839701,3.5,RAJ2000,DEJ2000,z,True
867428,6,080849.42+521515.3_867428_0.03,149.86927743275768,2.61729666419007,4.464000225067139,vizier,COSMOS_Ilbert2013_zspec,J/ApJS/206/8,1,149.86926,2.6173136,0.08745029008314771,nan,nan,,,,RAJ2000,DEJ2000,zsp,True
869049,28,084101.17+110916.8_869049_0.0001,150.09183853535393,2.618569713519408,0.9300000071525574,vizier,COSMOS_Ilbert2013_zspec,J/ApJS/206/8,1,150.09183,2.6185706,0.030860642077473084,nan,nan,,,,RAJ2000,DEJ2000,zsp,True
869300,1,030054.53-003403.3_869300_0.01,150.1413119920026,2.6203329025075144,2.4809000492095947,vizier,COSMOS_Ilbert2013_zspec,J/ApJS/206/8,1,150.14131,2.620352,0.06912318742068113,nan,nan,,,,RAJ2000,DEJ2000,zsp,True
869414,9,163816.30+245515.0_869414_0.3,149.98720011684037,2.620198797622914,3.2335000038146973,vizier,COSMOS_Ilbert2013_zspec,J/ApJS/206/8,1,149.98721,2.6201787,0.08061003409765945,nan,nan,,,,RAJ2000,DEJ2000,zsp,True
870174,1,172130.96+584404.7_870174_0.1,149.9779429604786,2.621411772343596,0.9990000128746033,vizier,COSMOS_Ilbert2013_zspec,J/ApJS/206/8,1,149.97797,2.6214559,0.18625804239393648,nan,nan,,,,RAJ2000,DEJ2000,zsp,True
870906,3,161348.24+522541.4_870906_0.003,149.78179227011574,2.6203835010695746,0.6116999983787537,vizier,zCOSMOS_Lilly2007,J/ApJS/172/70/zcosmos3,1,149.781784,2.620396,0.053936977496662895,0.6111999750137329,-0.000500023365020752,True,840709,3.5,RAJ2000,DEJ2000,z,True
871230,1,152653.16+175437.0_871230_0.1,149.85868006187204,2.622206393338246,0.7027000188827515,vizier,zCOSMOS_Lilly2007,J/ApJS/172/70/zcosmos3,1,149.858673,2.622212,0.03244003735869516,0.7020999789237976,-0.0006000399589538574,True,840360,3.5,RAJ2000,DEJ2000,z,True
871340,6,083058.74+562934.2_871340_0.0001,149.68092249965204,2.621993441535544,0.5490999817848206,vizier,zCOSMOS_Lilly2007,J/ApJS/172/70/zcosmos3,1,149.680923,2.622003,0.034457485504940065,0.5486000180244446,-0.0004999637603759766,True,841169,3.5,RAJ2000,DEJ2000,z,True
871642,5,074750.82+275626.5_871642_0.1,150.32710647748684,2.6233332204562845,1.669600009918213,vizier,COSMOS_Ilbert2013_zspec,J/ApJS/206/8,1,150.32712,2.6233101,0.09639875080929572,nan,nan,,,,RAJ2000,DEJ2000,zsp,True
871692,1,101941.31+644116.4_871692_0.0001,149.806128192633,2.622600693002546,0.24009999632835388,vizier,COSMOS_Ilbert2013_zspec,J/ApJS/206/8,1,149.80611,2.6225698,0.12903158108621673,nan,nan,,,,RAJ2000,DEJ2000,zsp,True
872296,15,090154.96+380534.4_872296_0.001,149.9100282000728,2.6222671662368917,1.0260000228881836,vizier,COSMOS_Ilbert2013_zspec,J/ApJS/206/8,1,149.91002,2.6223013,0.12637047280952107,nan,nan,,,,RAJ2000,DEJ2000,zsp,True
875670,7,160855.60+155200.2_875670_0.001,150.37101432114963,2.624850275229785,0.12240000069141388,vizier,zCOSMOS_Lilly2007,J/ApJS/172/70/zcosmos3,1,150.371002,2.624851,0.04438635437527255,0.12200000137090683,-0.00039999932050704956,True,837472,3.5,RAJ2000,DEJ2000,z,True
879164,3,084746.86+230914.8_879164_0.1,150.51820041992252,2.63060072807692,0.3458999991416931,vizier,zCOSMOS_Lilly2007,J/ApJS/172/70/zcosmos3,1,150.518188,2.630582,0.08087353384217184,0.34549999237060547,-0.0004000067710876465,True,843892,3.5,RAJ2000,DEJ2000,z,True
879391,4,140248.08+014634.0_879391_0.1,150.10708996242883,2.634160638745549,4.15500020980835,vizier,COSMOS_Ilbert2013_zspec,J/ApJS/206/8,1,150.10709,2.6341498,0.03901971790364138,nan,nan,,,,RAJ2000,DEJ2000,zsp,True
881136,2,110022.09+645812.9_881136_0.1,149.4584282444874,2.6352181510723884,0.8787000179290771,vizier,COSMOS_Ilbert2013_zspec,J/ApJS/206/8,1,149.45842,2.6352201,0.030467616367345227,0.8787,-1.792907711184455e-08,True,848872,3.5,RAJ2000,DEJ2000,zsp,True
881981,10,162608.69+200149.2_881981_0.0001,150.46448187292245,2.6379409638368307,1.4600000381469727,vizier,COSMOS_Ilbert2013_zspec,J/ApJS/206/8,1,150.46452,2.6379459,0.13825877181826657,nan,nan,,,,RAJ2000,DEJ2000,zsp,True
883164,12,151622.34+451014.4_883164_0.0001,150.19397989106886,2.639750641185786,1.0269999504089355,vizier,COSMOS_Ilbert2013_zspec,J/ApJS/206/8,1,150.19398,2.6397471,0.012754286152313296,nan,nan,,,,RAJ2000,DEJ2000,zsp,True
884170,5,155210.50+474054.4_884170_0.0001,150.15935106833953,2.640515164895345,0.7074999809265137,vizier,zCOSMOS_Lilly2007,J/ApJS/172/70/zcosmos3,1,150.159348,2.640499,0.05923051101384869,0.7069000005722046,-0.000599980354309082,True,845656,3.5,RAJ2000,DEJ2000,z,True
885462,1,174112.44+535632.5_885462_0.1,150.00995709322515,2.6429590476020715,0.859000027179718,vizier,COSMOS_Ilbert2013_zspec,J/ApJS/206/8,1,150.00996,2.6429622,0.015429260141809896,nan,nan,,,,RAJ2000,DEJ2000,zsp,True
885571,1,083104.14+070932.0_885571_0.3,150.59636194728822,2.6421379305114736,0.42890000343322754,vizier,zCOSMOS_Lilly2007,J/ApJS/172/70/zcosmos3,1,150.596344,2.642121,0.08877215364847528,0.4284000098705292,-0.0004999935626983643,True,843501,3.5,RAJ2000,DEJ2000,z,True
885785,1,075418.09+183949.0_885785_0.1,149.87951895411038,2.644136713559978,1.4407999515533447,vizier,COSMOS_Ilbert2013_zspec,J/ApJS/206/8,1,149.87955,2.6441455,0.11604054376480834,nan,nan,,,,RAJ2000,DEJ2000,zsp,True
886081,3,154641.59+160930.3_886081_1,149.97785221607896,2.6411389529244302,0.5041000247001648,vizier,COSMOS_Ilbert2013_zspec,J/ApJS/206/8,1,149.97786,2.6411495,0.04717258105013872,0.5041,-2.4700164802382574e-08,True,846683,3.5,RAJ2000,DEJ2000,zsp,True
886147,2,172506.53+560724.7_886147_0.1,149.98267679947412,2.644090620849408,0.7049999833106995,vizier,zCOSMOS_Lilly2007,J/ApJS/172/70/zcosmos3,1,149.982666,2.644068,0.09022172232617187,0.7044000029563904,-0.000599980354309082,True,846656,3.5,RAJ2000,DEJ2000,z,True
886886,1,151445.81+152420.9_886886_1,150.63146580014896,2.6442597186948253,0.40310001373291016,vizier,COSMOS_Ilbert2013_zspec,J/ApJS/206/8,1,150.63147,2.644243,0.06205338737219469,0.4031,-1.3732910142394417e-08,True,843323,4.5,RAJ2000,DEJ2000,zsp,True
889341,43,083111.23+123107.8_889341_0.001,150.0335845852072,2.6503447420465687,0.6800000071525574,vizier,COSMOS_Ilbert2013_zspec,J/ApJS/206/8,1,150.03358,2.6502521,0.3339187362616903,nan,nan,,,,RAJ2000,DEJ2000,zsp,True
889497,23,090758.18+564122.6_889497_0.0003,150.30707726591248,2.650506325117392,0.8870000243186951,vizier,COSMOS_Ilbert2013_zspec,J/ApJS/206/8,1,150.30708,2.6505132,0.026631061721304132,nan,nan,,,,RAJ2000,DEJ2000,zsp,True
890537,1,133701.39-024630.2_890537_0.001,150.34400280190016,2.6527561675140614,3.0555999279022217,vizier,COSMOS_Ilbert2013_zspec,J/ApJS/206/8,1,150.34401,2.6527753,0.07358048366106394,nan,nan,,,,RAJ2000,DEJ2000,zsp,True
891438,21,085353.71+142920.2_891438_0.0003,149.59590066517845,2.6522657960159712,0.4821000099182129,vizier,COSMOS_Ilbert2013_zspec,J/ApJS/206/8,1,149.5959,2.652266,0.002502257435865768,0.4821,-9.918212917625624e-09,True,848304,4.5,RAJ2000,DEJ2000,zsp,True
892201,14,080614.13+842553.0_892201_0.01,150.22566478726085,2.654646229881497,1.0570000410079956,vizier,COSMOS_Ilbert2013_zspec,J/ApJS/206/8,1,150.22569,2.6545801,0.2547487757836164,nan,nan,,,,RAJ2000,DEJ2000,zsp,True
894178,1,080849.07+452907.3_894178_0.003,149.84063529794494,2.6576348901965625,0.2483000010251999,vizier,COSMOS_Ilbert2013_zspec,J/ApJS/206/8,1,149.84061,2.657655,0.11626463193808023,nan,nan,,,,RAJ2000,DEJ2000,zsp,True
895839,4,155048.06+185641.8_895839_0.001,149.54447508285045,2.65989353073937,0.1688999980688095,vizier,zCOSMOS_Lilly2007,J/ApJS/172/70/zcosmos3,1,149.544479,2.659878,0.0576578949800945,0.16850000619888306,-0.00039999186992645264,True,848520,4.5,RAJ2000,DEJ2000,z,True
897140,2,033355.48-000601.7_897140_1,149.9019320104567,2.6603203595104143,0.7365000247955322,vizier,zCOSMOS_Lilly2007,J/ApJS/172/70/zcosmos3,1,149.901932,2.660303,0.06249424880785452,0.7358999848365784,-0.0006000399589538574,True,847050,4.5,RAJ2000,DEJ2000,z,True
900081,1,110022.09+645812.9_900081_0.3,149.9596202099671,2.666018444731404,0.8838000297546387,vizier,COSMOS_Ilbert2013_zspec,J/ApJS/206/8,1,149.95963,2.6660192,0.03531080868224466,0.8838,-2.975463864185457e-08,True,846782,4.5,RAJ2000,DEJ2000,zsp,True
900394,1,155835.39+273102.2_900394_0.01,150.6091232806927,2.6669081551700375,0.916700005531311,vizier,zCOSMOS_Lilly2007,J/ApJS/172/70/zcosmos3,1,150.609131,2.666894,0.058029000370270575,0.916100025177002,-0.000599980354309082,True,843440,3.5,RAJ2000,DEJ2000,z,True
901482,1,152942.20+350851.3_901482_1,150.47261498546195,2.667198554752866,0.28540000319480896,vizier,zCOSMOS_Lilly2007,J/ApJS/172/70/zcosmos3,1,150.47261,2.667166,0.11856046451175581,0.2849999964237213,-0.0004000067710876465,True,844148,3.5,RAJ2000,DEJ2000,z,True
902320,2,085139.53+155300.3_902320_0.03,150.03728725406782,2.669595860064923,1.5989999771118164,vizier,COSMOS_Ilbert2013_zspec,J/ApJS/206/8,1,150.03726,2.6695645,0.14950304320489397,nan,nan,,,,RAJ2000,DEJ2000,zsp,True
902846,1,144429.44+011057.9_902846_0.3,150.2304652032239,2.6698008600173693,0.3352000117301941,vizier,COSMOS_Ilbert2013_zspec,J/ApJS/206/8,1,150.23048,2.6697886,0.06913289585930366,0.3352,-1.1730194093839685e-08,True,845312,4.5,RAJ2000,DEJ2000,zsp,True
903376,13,034534.10-000359.7_903376_1,150.48537643893988,2.668023461663709,0.7437999844551086,vizier,zCOSMOS_Lilly2007,J/ApJS/172/70/zcosmos3,1,150.485367,2.668021,0.035081132032553274,0.7432000041007996,-0.000599980354309082,True,844078,3.5,RAJ2000,DEJ2000,z,True
909519,4,153420.23+413007.5_909519_0.1,149.93296555536963,2.680005017975046,1.399999976158142,vizier,COSMOS_Ilbert2013_zspec,J/ApJS/206/8,1,149.93295,2.6800084,0.05724776541126142,nan,nan,,,,RAJ2000,DEJ2000,zsp,True
910826,1,154456.37+504411.4_910826_0.1,150.44053026693967,2.6808374372260237,0.6603999733924866,vizier,zCOSMOS_Lilly2007,J/ApJS/172/70/zcosmos3,1,150.440521,2.680836,0.03372374290039958,0.6597999930381775,-0.000599980354309082,True,844302,3.5,RAJ2000,DEJ2000,z,True
914677,2,092250.14+531106.0_914677_0.01,149.98352601667182,2.688950445764034,0.446399986743927,vizier,zCOSMOS_Lilly2007,J/ApJS/172/70/zcosmos3,1,149.983521,2.688926,0.08983475126268857,0.44589999318122864,-0.0004999935626983643,True,846652,3.5,RAJ2000,DEJ2000,z,True
914901,7,093531.73+451927.6_914901_0.0001,149.64312863507365,2.688969490505054,0.6744999885559082,vizier,zCOSMOS_Lilly2007,J/ApJS/172/70/zcosmos3,1,149.643127,2.688954,0.05607493503009868,0.6739000082015991,-0.000599980354309082,True,848155,3.5,RAJ2000,DEJ2000,z,True
915039,20,160724.72+444809.9_915039_0.3,150.64997392782675,2.6872662181821,0.520799994468689,vizier,zCOSMOS_Lilly2007,J/ApJS/172/70/zcosmos3,1,150.649979,2.687244,0.08203877960511484,0.5202999711036682,-0.000500023365020752,True,843226,3.5,RAJ2000,DEJ2000,z,True
915192,3,073931.06+414045.2_915192_0.3,150.06057605458494,2.6890423183515555,1.1749999523162842,vizier,COSMOS_Ilbert2013_zspec,J/ApJS/206/8,1,150.06058,2.6890328,0.03708717379740506,nan,nan,,,,RAJ2000,DEJ2000,zsp,True
915291,1,160407.48+521700.9_915291_0.3,150.65511321375004,2.688290660547607,0.5504000186920166,vizier,zCOSMOS_Lilly2007,J/ApJS/172/70/zcosmos3,1,150.655106,2.688262,0.10638902734473811,0.5498999953269958,-0.000500023365020752,True,843199,3.5,RAJ2000,DEJ2000,z,True
915587,3,080320.08+252602.4_915587_0.003,149.50627951157267,2.68759314853932,0.47099998593330383,vizier,COSMOS_Ilbert2013_zspec,J/ApJS/206/8,1,149.50629,2.6875942,0.0379062745482323,0.471,1.4066696141235013e-08,True,848682,4.5,RAJ2000,DEJ2000,zsp,True
915895,1,034728.90+002444.7_915895_0.003,149.61290269445044,2.6897335233361765,0.7039999961853027,vizier,zCOSMOS_Lilly2007,J/ApJS/172/70/zcosmos3,1,149.6129,2.689709,0.08881412995281844,0.7034000158309937,-0.000599980354309082,True,848255,3.5,RAJ2000,DEJ2000,z,True
916694,2,080643.28+081449.2_916694_0.003,150.49526185284674,2.691067265377478,0.36090001463890076,vizier,zCOSMOS_Lilly2007,J/ApJS/172/70/zcosmos3,1,150.495255,2.691069,0.025421940657443843,0.36039999127388,-0.000500023365020752,True,844022,3.5,RAJ2000,DEJ2000,z,True
916834,59,163844.48+410528.9_916834_0.001,149.96140713423924,2.6926067549057233,1.1770000457763672,vizier,COSMOS_Ilbert2013_zspec,J/ApJS/206/8,1,149.9614,2.6926126,0.03318063022366614,nan,nan,,,,RAJ2000,DEJ2000,zsp,True
918321,2,080002.81+440011.4_918321_0.3,149.73946282978557,2.6924030482461583,0.8371999859809875,vizier,zCOSMOS_Lilly2007,J/ApJS/172/70/zcosmos3,1,149.739456,2.692385,0.06946062016504231,0.8366000056266785,-0.000599980354309082,True,847768,3.5,RAJ2000,DEJ2000,z,True
919354,31,140256.62+050158.4_919354_0.001,150.15764920111943,2.69638875371567,0.42890000343322754,vizier,COSMOS_Ilbert2013_zspec,J/ApJS/206/8,1,150.15762,2.6963854,0.1056994376307802,nan,nan,,,,RAJ2000,DEJ2000,zsp,True
919413,2,150732.11+345623.4_919413_0.1,149.86295604310985,2.694763526663099,0.34869998693466187,vizier,COSMOS_Ilbert2013_zspec,J/ApJS/206/8,1,149.86298,2.6947601,0.0870281643971366,0.3487,1.3065338144713223e-08,True,847227,4.5,RAJ2000,DEJ2000,zsp,True
920249,3,151622.62+393221.8_920249_0.0003,150.57508634421055,2.6952452201040606,0.8812999725341797,vizier,COSMOS_Ilbert2013_zspec,J/ApJS/206/8,1,150.5751,2.6952603,0.0732023946861326,0.8813,2.7465820284788833e-08,True,843598,3.5,RAJ2000,DEJ2000,zsp,True
920979,5,153646.14+480753.7_920979_0.003,150.37827020458397,2.696152946593224,0.795799970626831,vizier,zCOSMOS_Lilly2007,J/ApJS/172/70/zcosmos3,1,150.378265,2.696127,0.09526428928345401,0.795199990272522,-0.000599980354309082,True,844608,3.5,RAJ2000,DEJ2000,z,True
921656,1,022758.52-004546.0_921656_0.003,149.93822564065036,2.699673303288273,1.0920000076293945,vizier,COSMOS_Ilbert2013_zspec,J/ApJS/206/8,1,149.93823,2.6996639,0.0373053810541837,nan,nan,,,,RAJ2000,DEJ2000,zsp,True
922124,99,082053.76+513539.1_922124_0.03,150.09134396026306,2.7010781924609306,0.39800000190734863,vizier,COSMOS_Ilbert2013_zspec,J/ApJS/206/8,1,150.09137,2.7010908,0.10405881353919873,nan,nan,,,,RAJ2000,DEJ2000,zsp,True
922277,87,155100.81+241153.0_922277_0.001,150.1005024507461,2.7003405608947735,0.3959999978542328,vizier,COSMOS_Ilbert2013_zspec,J/ApJS/206/8,1,150.10049,2.7003353,0.04861386619502445,nan,nan,,,,RAJ2000,DEJ2000,zsp,True
922796,4,140313.02+124454.4_922796_0.001,150.11839352944358,2.6992612445389867,0.7020000219345093,vizier,COSMOS_Ilbert2013_zspec,J/ApJS/206/8,1,150.11839,2.6992581,0.017006893159152207,0.702,-2.1934509319976314e-08,True,845885,3.5,RAJ2000,DEJ2000,zsp,True
923067,4,145026.31+062449.3_923067_0.3,150.0550752263832,2.7010112496606498,1.093000054359436,vizier,COSMOS_Ilbert2013_zspec,J/ApJS/206/8,1,150.0551,2.7010529,0.1744095019178678,nan,nan,,,,RAJ2000,DEJ2000,zsp,True
923098,5,135915.86+120109.1_923098_0.003,150.13454302518926,2.6999130231252897,0.35499998927116394,vizier,COSMOS_Ilbert2013_zspec,J/ApJS/206/8,1,150.13455,2.6999087,0.029517684798505008,nan,nan,,,,RAJ2000,DEJ2000,zsp,True
923367,1,151131.02+431730.5_923367_0.001,150.0767035079021,2.7025360422215474,2.8989999294281006,vizier,COSMOS_Ilbert2013_zspec,J/ApJS/206/8,1,150.07671,2.7025721,0.13189060835455227,nan,nan,,,,RAJ2000,DEJ2000,zsp,True
923464,3,164957.16+285854.4_923464_1,150.01501868020165,2.701338277058711,0.6859999895095825,vizier,zCOSMOS_Lilly2007,J/ApJS/172/70/zcosmos3,1,150.014999,2.701336,0.07124317543631765,0.6855000257492065,-0.0004999637603759766,True,846481,3.5,RAJ2000,DEJ2000,z,True
923579,2,084224.92+514501.1_923579_0.003,150.55411140269214,2.7005364034127557,0.7950999736785889,vizier,zCOSMOS_Lilly2007,J/ApJS/172/70/zcosmos3,1,150.554092,2.7005,0.14846834808797238,0.7944999933242798,-0.000599980354309082,True,843690,3.5,RAJ2000,DEJ2000,z,True
924227,1,104936.69+644212.6_924227_1,150.1213994101131,2.702620000470017,0.3495999872684479,vizier,zCOSMOS_Lilly2007,J/ApJS/172/70/zcosmos3,1,150.121399,2.702609,0.03962914263414902,0.3492000102996826,-0.0003999769687652588,True,845866,3.5,RAJ2000,DEJ2000,z,True
924366,1,143848.16+310604.7_924366_0.3,149.8425299584717,2.7016621564954155,0.7348999977111816,vizier,zCOSMOS_Lilly2007,J/ApJS/172/70/zcosmos3,1,149.842529,2.701642,0.07264519329798944,0.7343000173568726,-0.000599980354309082,True,847325,3.5,RAJ2000,DEJ2000,z,True
926103,2,092014.12+453157.3_926103_1,149.92679456637086,2.7052987754154083,0.39899998903274536,vizier,COSMOS_Ilbert2013_zspec,J/ApJS/206/8,1,149.92682,2.7052908,0.09585980710546581,nan,nan,,,,RAJ2000,DEJ2000,zsp,True
926908,1,082231.53+231152.0_926908_0.3,149.9792501162462,2.7060548450666375,0.6470000147819519,vizier,COSMOS_Ilbert2013_zspec,J/ApJS/206/8,1,149.97926,2.7060645,0.04971241312643218,nan,nan,,,,RAJ2000,DEJ2000,zsp,True
927632,1,144240.79+052423.2_927632_0.01,149.69997402337714,2.7061508698624386,0.12399999797344208,vizier,zCOSMOS_Lilly2007,J/ApJS/172/70/zcosmos3,1,149.699966,2.70615,0.029021391043773753,0.12359999865293503,-0.00039999932050704956,True,847915,4.5,RAJ2000,DEJ2000,z,True
927917,5,141240.41+164831.7_927917_0.001,149.990973050978,2.7085261518525603,1.0920000076293945,vizier,COSMOS_Ilbert2013_zspec,J/ApJS/206/8,1,149.99101,2.7085211,0.1341067807239652,nan,nan,,,,RAJ2000,DEJ2000,zsp,True
929226,1,161618.84+460806.8_929226_0.3,149.64715244689793,2.708506240551382,0.39320001006126404,vizier,zCOSMOS_Lilly2007,J/ApJS/172/70/zcosmos3,1,149.647156,2.708505,0.013534904290874184,0.3926999866962433,-0.000500023365020752,True,848144,3.5,RAJ2000,DEJ2000,z,True
929394,3,151338.71+413904.9_929394_0.3,150.1406330654331,2.710893860818697,0.7767999768257141,vizier,zCOSMOS_Lilly2007,J/ApJS/172/70/zcosmos3,1,150.140625,2.710892,0.02976665419507705,0.776199996471405,-0.000599980354309082,True,845769,3.5,RAJ2000,DEJ2000,z,True
929743,8,155956.01+102322.2_929743_0.0003,149.9610873662953,2.711734463075851,0.6790000200271606,vizier,COSMOS_Ilbert2013_zspec,J/ApJS/206/8,1,149.96111,2.7117505,0.09978696443746056,nan,nan,,,,RAJ2000,DEJ2000,zsp,True
932123,4,144430.78+302217.4_932123_0.0003,150.14980054264925,2.7146084131061423,0.7250000238418579,vizier,COSMOS_Ilbert2013_zspec,J/ApJS/206/8,1,150.1498,2.7146215,0.04715321152252606,nan,nan,,,,RAJ2000,DEJ2000,zsp,True
932558,1,084101.69+425806.4_932558_0.01,149.7155908628978,2.715857537575637,0.8827000260353088,vizier,zCOSMOS_Lilly2007,J/ApJS/172/70/zcosmos3,1,149.715576,2.715864,0.05829029183400917,0.882099986076355,-0.0006000399589538574,True,847856,3.5,RAJ2000,DEJ2000,z,True
933686,2,083104.14+070932.0_933686_1,150.2885126148947,2.7170448979962556,0.4163999855518341,vizier,zCOSMOS_Lilly2007,J/ApJS/172/70/zcosmos3,1,150.288513,2.717046,0.004201965092815377,0.41589999198913574,-0.0004999935626983643,True,845031,3.5,RAJ2000,DEJ2000,z,True
934108,4,075057.26+353037.6_934108_0.001,150.0708440220245,2.7208233394524908,0.16599999368190765,vizier,COSMOS_Ilbert2013_zspec,J/ApJS/206/8,1,150.07085,2.7208152,0.036341523421217416,nan,nan,,,,RAJ2000,DEJ2000,zsp,True
934605,1,163726.88+404432.9_934605_0.0001,149.99232506059997,2.7190613387339284,0.8514000177383423,vizier,zCOSMOS_Lilly2007,J/ApJS/172/70/zcosmos3,1,149.992325,2.71906,0.004824366197592895,0.8507999777793884,-0.0006000399589538574,True,846612,3.5,RAJ2000,DEJ2000,z,True
935097,30,150038.61+135746.0_935097_0.03,149.97695538958138,2.720549311238133,1.2519999742507935,vizier,COSMOS_Ilbert2013_zspec,J/ApJS/206/8,1,149.97697,2.7205603,0.06576642382522764,nan,nan,,,,RAJ2000,DEJ2000,zsp,True
935373,8,075700.68+424814.4_935373_1,150.00791686029916,2.720951489702774,1.1749999523162842,vizier,COSMOS_Ilbert2013_zspec,J/ApJS/206/8,1,150.00797,2.720968,0.20011771513555404,nan,nan,,,,RAJ2000,DEJ2000,zsp,True
935936,5,161954.51+010051.5_935936_0.003,149.69961407867447,2.7208475199141815,0.7653999924659729,vizier,zCOSMOS_Lilly2007,J/ApJS/172/70/zcosmos3,1,149.6996,2.720849,0.05090571670622296,0.7648000121116638,-0.000599980354309082,True,847917,3.5,RAJ2000,DEJ2000,z,True
936379,2,084925.42+290033.4_936379_0.001,150.1408725968912,2.7222606969827154,0.47040000557899475,vizier,COSMOS_Ilbert2013_zspec,J/ApJS/206/8,1,150.14085,2.7222879,0.12725232669913206,0.4704,-5.5789947661644135e-09,True,845763,3.5,RAJ2000,DEJ2000,zsp,True
936518,8,032717.23+010140.6_936518_0.0001,150.12461142476988,2.721955440551058,0.5026000142097473,vizier,zCOSMOS_Lilly2007,J/ApJS/172/70/zcosmos3,1,150.124603,2.721964,0.043212124976989605,0.5020999908447266,-0.000500023365020752,True,845851,4.5,RAJ2000,DEJ2000,z,True
938731,11,074513.51+221418.3_938731_0.0001,149.92113141698522,2.726964087028446,0.652999997138977,vizier,COSMOS_Ilbert2013_zspec,J/ApJS/206/8,1,149.92114,2.7269602,0.03388791184782218,nan,nan,,,,RAJ2000,DEJ2000,zsp,True
939005,8,075111.38+495121.1_939005_0.001,150.0437106790761,2.7267016096516206,1.0290000438690186,vizier,COSMOS_Ilbert2013_zspec,J/ApJS/206/8,1,150.04372,2.7266967,0.03789206252692632,nan,nan,,,,RAJ2000,DEJ2000,zsp,True
939589,4,160827.08+075811.5_939589_0.03,150.00235506540142,2.7270998577110235,1.1749999523162842,vizier,COSMOS_Ilbert2013_zspec,J/ApJS/206/8,1,150.00238,2.7270968,0.09033606989453202,nan,nan,,,,RAJ2000,DEJ2000,zsp,True
940657,6,082334.46+064350.7_940657_0.0003,150.07855738775046,2.7287205068886755,0.9419999718666077,vizier,COSMOS_Ilbert2013_zspec,J/ApJS/206/8,1,150.07858,2.7287135,0.08513459279788513,nan,nan,,,,RAJ2000,DEJ2000,zsp,True
940835,9,150732.11+345623.4_940835_1,150.52447084848927,2.7264880673746457,0.3483000099658966,vizier,zCOSMOS_Lilly2007,J/ApJS/172/70/zcosmos3,1,150.524445,2.726491,0.09354687475540567,0.34779998660087585,-0.000500023365020752,True,843861,3.5,RAJ2000,DEJ2000,z,True
940942,6,154510.95+345246.9_940942_1,149.9801596181589,2.727765194359941,0.5157999992370605,vizier,zCOSMOS_Lilly2007,J/ApJS/172/70/zcosmos3,1,149.980148,2.727769,0.043967010564198356,0.5152999758720398,-0.000500023365020752,True,846664,3.5,RAJ2000,DEJ2000,z,True
941379,75,150825.85+201521.2_941379_0.1,149.98071216592825,2.731145792397029,1.0859999656677246,vizier,COSMOS_Ilbert2013_zspec,J/ApJS/206/8,1,149.98071,2.7311625,0.060649539966745755,nan,nan,,,,RAJ2000,DEJ2000,zsp,True
941424,13,152112.19+181139.7_941424_0.001,149.96425407606927,2.7305888687740474,0.9639999866485596,vizier,COSMOS_Ilbert2013_zspec,J/ApJS/206/8,1,149.96426,2.7306211,0.11797157901852073,nan,nan,,,,RAJ2000,DEJ2000,zsp,True
941538,4,095656.43+535023.3_941538_0.003,149.73224462714603,2.7302017028553864,0.6061000227928162,vizier,zCOSMOS_Lilly2007,J/ApJS/172/70/zcosmos3,1,149.732224,2.730207,0.07658559167672196,0.6055999994277954,-0.000500023365020752,True,847802,3.5,RAJ2000,DEJ2000,z,True
941602,13,083104.16+474016.2_941602_0.003,150.13215888101493,2.7308252113000435,1.2970000505447388,vizier,COSMOS_Ilbert2013_zspec,J/ApJS/206/8,1,150.13216,2.7308383,0.047290813488552,nan,nan,,,,RAJ2000,DEJ2000,zsp,True
941632,1,082958.78+513044.5_941632_1,150.35096060938042,2.7308292666481355,0.34439998865127563,vizier,zCOSMOS_Lilly2007,J/ApJS/172/70/zcosmos3,1,150.350952,2.730846,0.06772960086587394,0.3440000116825104,-0.0003999769687652588,True,844758,3.5,RAJ2000,DEJ2000,z,True
942061,4,165431.77+274944.9_942061_0.3,150.52694238245317,2.731191175204729,0.887499988079071,vizier,zCOSMOS_Lilly2007,J/ApJS/172/70/zcosmos3,1,150.526932,2.731221,0.11367503734238339,0.886900007724762,-0.000599980354309082,True,843842,3.5,RAJ2000,DEJ2000,z,True
942141,7,141819.79+212910.3_942141_0.03,149.9795381729642,2.7318772966605867,0.7396000027656555,vizier,zCOSMOS_Lilly2007,J/ApJS/172/70/zcosmos3,1,149.979538,2.731883,0.02054144009884136,0.7390000224113464,-0.000599980354309082,True,846667,4.5,RAJ2000,DEJ2000,z,True
943412,4,144233.13-010210.6_943412_0.3,150.38953286267196,2.7330426178337266,0.4072999954223633,vizier,zCOSMOS_Lilly2007,J/ApJS/172/70/zcosmos3,1,150.389542,2.733064,0.0836950040261881,0.4068000018596649,-0.0004999935626983643,True,844560,3.5,RAJ2000,DEJ2000,z,True
943594,1,155622.35+303215.2_943594_0.3,149.79767702108236,2.733283475855355,0.6664999723434448,vizier,zCOSMOS_Lilly2007,J/ApJS/172/70/zcosmos3,1,149.797668,2.7333,0.06775676501645068,0.6658999919891357,-0.000599980354309082,True,847511,3.5,RAJ2000,DEJ2000,z,True
943655,11,161736.10+131413.7_943655_0.3,150.05035073368282,2.7341503137013357,0.8059999942779541,vizier,COSMOS_Ilbert2013_zspec,J/ApJS/206/8,1,150.05035,2.7341461,0.015397038204165357,nan,nan,,,,RAJ2000,DEJ2000,zsp,True
943710,3,022113.14+010102.9_943710_0.0003,149.61499205635346,2.733844428132192,0.353300005197525,vizier,zCOSMOS_Lilly2007,J/ApJS/172/70/zcosmos3,1,149.61499,2.733865,0.07442696059180551,0.35280001163482666,-0.0004999935626983643,True,848250,3.5,RAJ2000,DEJ2000,z,True
944383,8,153821.99+371757.3_944383_0.0003,150.7464330081813,2.7331794396676368,0.33180001378059387,vizier,zCOSMOS_Lilly2007,J/ApJS/172/70/zcosmos3,1,150.746429,2.733202,0.08248617261244544,0.3314000070095062,-0.0004000067710876465,True,842766,3.5,RAJ2000,DEJ2000,z,True
944801,3,151143.76+342333.1_944801_0.003,149.99982575327346,2.7345461196716734,1.1759999990463257,vizier,COSMOS_Ilbert2013_zspec,J/ApJS/206/8,1,149.99983,2.7345641,0.06650612403697657,nan,nan,,,,RAJ2000,DEJ2000,zsp,True
944963,5,155435.22+324646.8_944963_0.0003,149.64690984123993,2.736501214060156,0.569100022315979,vizier,zCOSMOS_Lilly2007,J/ApJS/172/70/zcosmos3,1,149.646896,2.736523,0.09288909805446309,0.5685999989509583,-0.000500023365020752,True,848145,3.5,RAJ2000,DEJ2000,z,True
946567,3,162845.69+442413.2_946567_0.1,149.99078086619684,2.738943432491929,0.4287000000476837,vizier,zCOSMOS_Lilly2007,J/ApJS/172/70/zcosmos3,1,149.990768,2.738961,0.07835922117090902,0.42820000648498535,-0.0004999935626983643,True,846620,3.5,RAJ2000,DEJ2000,z,True
947032,3,095212.77+571718.6_947032_0.3,150.00508925060805,2.7389482658821285,0.7369999885559082,vizier,zCOSMOS_Lilly2007,J/ApJS/172/70/zcosmos3,1,150.005081,2.738959,0.048718306538718864,0.7372999787330627,0.000299990177154541,True,846529,3.5,RAJ2000,DEJ2000,z,True
947071,13,090911.78+383913.4_947071_0.01,149.94858427093104,2.7396651835590453,1.2890000343322754,vizier,COSMOS_Ilbert2013_zspec,J/ApJS/206/8,1,149.94861,2.7397299,0.25067713512267437,nan,nan,,,,RAJ2000,DEJ2000,zsp,True
947529,4,085539.25+383846.1_947529_0.003,150.3076253691586,2.7398134746551697,0.49399998784065247,vizier,COSMOS_Ilbert2013_zspec,J/ApJS/206/8,1,150.30762,2.7398546,0.14930480744498084,nan,nan,,,,RAJ2000,DEJ2000,zsp,True
947967,11,024131.38+281811.6_947967_0.3,150.39943878143526,2.7405084030342173,0.9376999735832214,vizier,zCOSMOS_Lilly2007,J/ApJS/172/70/zcosmos3,1,150.399445,2.740532,0.0878428724101746,0.9370999932289124,-0.000599980354309082,True,844505,3.5,RAJ2000,DEJ2000,z,True
948001,5,151306.60+142451.3_948001_0.0003,150.52453584331425,2.739490202505474,0.33340001106262207,vizier,zCOSMOS_Lilly2007,J/ApJS/172/70/zcosmos3,1,150.524521,2.739503,0.07050823507609678,0.3330000042915344,-0.0004000067710876465,True,843859,3.5,RAJ2000,DEJ2000,z,True
948678,3,035206.93-064415.6_948678_0.0001,149.53834900492873,2.7401922066680457,0.16680000722408295,vizier,zCOSMOS_Lilly2007,J/ApJS/172/70/zcosmos3,1,149.538345,2.740207,0.05516880673553811,0.1664000004529953,-0.0004000067710876465,True,848545,3.5,RAJ2000,DEJ2000,z,True
948812,1,085627.92+360315.5_948812_0.0001,149.9454183602812,2.740877666846837,0.34779998660087585,vizier,zCOSMOS_Lilly2007,J/ApJS/172/70/zcosmos3,1,149.945419,2.740885,0.026499384479744075,0.3472999930381775,-0.0004999935626983643,True,846839,4.5,RAJ2000,DEJ2000,z,True
950009,3,030339.67-001746.1_950009_0.001,150.01790232001684,2.7456367888325404,1.4290000200271606,vizier,COSMOS_Ilbert2013_zspec,J/ApJS/206/8,1,150.01793,2.7456429,0.10193594020440912,nan,nan,,,,RAJ2000,DEJ2000,zsp,True
950424,1,160952.64-002101.0_950424_0.01,149.9919164449521,2.744539374773185,0.921999990940094,vizier,zCOSMOS_Lilly2007,J/ApJS/172/70/zcosmos3,1,149.991913,2.744551,0.043645658747972625,0.9223999977111816,0.0004000067710876465,True,846617,1.5,RAJ2000,DEJ2000,z,True
952446,6,161144.28+482634.2_952446_0.0001,150.4965027592826,2.7474359900858127,0.6092000007629395,vizier,zCOSMOS_Lilly2007,J/ApJS/172/70/zcosmos3,1,150.496506,2.747446,0.03787304390655459,0.6086999773979187,-0.000500023365020752,True,844019,3.5,RAJ2000,DEJ2000,z,True
953343,1,143101.65-004251.6_953343_0.1,149.74485127324255,2.7501463550740897,0.3431999981403351,vizier,zCOSMOS_Lilly2007,J/ApJS/172/70/zcosmos3,1,149.744858,2.750154,0.03664049992495229,0.34279999136924744,-0.0004000067710876465,True,847749,4.5,RAJ2000,DEJ2000,z,True
953392,2,075057.26+353037.6_953392_0.001,150.75795573255346,2.750283532992012,0.16990000009536743,vizier,zCOSMOS_Lilly2007,J/ApJS/172/70/zcosmos3,1,150.75795,2.750309,0.09396999969805138,0.16949999332427979,-0.0004000067710876465,True,842700,4.5,RAJ2000,DEJ2000,z,True
953809,1,144017.02+285608.7_953809_0.3,149.7685378901764,2.7487174306147204,0.31369999051094055,vizier,zCOSMOS_Lilly2007,J/ApJS/172/70/zcosmos3,1,149.768524,2.748714,0.051451344293101206,0.3133000135421753,-0.0003999769687652588,True,847643,4.5,RAJ2000,DEJ2000,z,True
954450,1,081747.77+090037.9_954450_0.001,149.99735309912774,2.7510000363672487,0.5375000238418579,vizier,zCOSMOS_Lilly2007,J/ApJS/172/70/zcosmos3,1,149.997345,2.751008,0.0408666144841457,0.5370000004768372,-0.000500023365020752,True,846579,4.5,RAJ2000,DEJ2000,z,True
956908,2,160538.06+302143.4_956908_1,149.73133270557966,2.7556203602962257,0.7659000158309937,vizier,zCOSMOS_Lilly2007,J/ApJS/172/70/zcosmos3,1,149.731323,2.755625,0.038690773792211766,0.7652999758720398,-0.0006000399589538574,True,847806,3.5,RAJ2000,DEJ2000,z,True
957176,1,080849.07+452907.3_957176_0.03,150.32044971797393,2.754177542963853,0.2540000081062317,vizier,COSMOS_Ilbert2013_zspec,J/ApJS/206/8,1,150.32043,2.7541995,0.10618549106295853,nan,nan,,,,RAJ2000,DEJ2000,zsp,True
958841,1,024546.10-085842.0_958841_0.0003,150.27483376891158,2.758250325337422,0.13910000026226044,vizier,COSMOS_Ilbert2013_zspec,J/ApJS/206/8,1,150.27483,2.7582719,0.07884229026887017,0.1391,-2.622604355906333e-10,True,845097,3.5,RAJ2000,DEJ2000,zsp,True
960283,1,085845.32+354507.8_960283_0.03,150.75159744068316,2.760583189775729,0.6814000010490417,vizier,zCOSMOS_Lilly2007,J/ApJS/172/70/zcosmos3,1,150.751602,2.760617,0.12281596225415897,0.6808000206947327,-0.000599980354309082,True,842737,3.5,RAJ2000,DEJ2000,z,True
961398,1,173811.90+554846.2_961398_0.03,149.9473270818201,2.763195513780546,1.0369999408721924,vizier,COSMOS_Ilbert2013_zspec,J/ApJS/206/8,1,149.94734,2.7632174,0.09146395942287668,nan,nan,,,,RAJ2000,DEJ2000,zsp,True
962165,1,081822.14+233206.8_962165_1,149.70784333213774,2.7613453137615767,0.25060001015663147,vizier,zCOSMOS_Lilly2007,J/ApJS/172/70/zcosmos3,1,149.70784,2.761356,0.0402931620615938,0.2502000033855438,-0.0004000067710876465,True,847881,3.5,RAJ2000,DEJ2000,z,True
962936,1,074914.60+175631.9_962936_0.1,150.35828684729915,2.764750547250479,0.421099990606308,vizier,COSMOS_Ilbert2013_zspec,J/ApJS/206/8,1,150.35828,2.7647665,0.0624853231467253,0.4211,9.393691990933206e-09,True,844718,3.5,RAJ2000,DEJ2000,zsp,True
963539,1,031935.52+002416.1_963539_0.3,149.9584097988919,2.7670893815383835,0.6990000009536743,vizier,COSMOS_Ilbert2013_zspec,J/ApJS/206/8,1,149.95845,2.7671185,0.1785631698279678,nan,nan,,,,RAJ2000,DEJ2000,zsp,True
965280,1,142003.81+051510.5_965280_0.0001,149.98079332521706,2.768265000341946,0.34940001368522644,vizier,zCOSMOS_Lilly2007,J/ApJS/172/70/zcosmos3,1,149.980789,2.768277,0.045913150070770195,0.3488999903202057,-0.000500023365020752,True,846661,3.5,RAJ2000,DEJ2000,z,True
966394,1,082600.80+491235.0_966394_0.3,149.94591975083253,2.770724778710985,0.8233000040054321,vizier,zCOSMOS_Lilly2007,J/ApJS/172/70/zcosmos3,1,149.945908,2.770736,0.058457253442219255,0.822700023651123,-0.000599980354309082,True,846837,3.5,RAJ2000,DEJ2000,z,True
966468,3,080110.68+173352.2_966468_0.003,149.9508942015929,2.771158068118591,0.7601000070571899,vizier,zCOSMOS_Lilly2007,J/ApJS/172/70/zcosmos3,1,149.950897,2.771165,0.026907142137741095,0.7595000267028809,-0.000599980354309082,True,846810,4.5,RAJ2000,DEJ2000,z,True
966701,2,090212.41+592415.8_966701_0.03,150.0233212270851,2.771000747300303,1.0770000219345093,vizier,COSMOS_Ilbert2013_zspec,J/ApJS/206/8,1,150.02332,2.7710106,0.03574310720833191,nan,nan,,,,RAJ2000,DEJ2000,zsp,True
967049,1,032838.28-000341.6_967049_0.03,150.4696464798455,2.7724865004899923,0.31279999017715454,vizier,zCOSMOS_Lilly2007,J/ApJS/172/70/zcosmos3,1,150.469666,2.772471,0.08966892017687669,0.3124000132083893,-0.0003999769687652588,True,844156,4.5,RAJ2000,DEJ2000,z,True
967206,4,084403.74+161814.8_967206_0.03,149.72580519169384,2.770683773219435,0.7028999924659729,vizier,zCOSMOS_Lilly2007,J/ApJS/172/70/zcosmos3,1,149.7258,2.770682,0.01972951462579104,0.7023000121116638,-0.000599980354309082,True,847820,3.5,RAJ2000,DEJ2000,z,True
969270,5,082059.54+223003.7_969270_0.0003,150.41466397960872,2.774147359689344,0.8151000142097473,vizier,zCOSMOS_Lilly2007,J/ApJS/172/70/zcosmos3,1,150.414673,2.774156,0.04493974251536467,0.8144999742507935,-0.0006000399589538574,True,844423,3.5,RAJ2000,DEJ2000,z,True
972686,2,030313.02-001457.4_972686_0.003,149.65543337778053,2.781337325774585,0.7026000022888184,vizier,zCOSMOS_Lilly2007,J/ApJS/172/70/zcosmos3,1,149.655426,2.781353,0.062352251623336866,0.7020000219345093,-0.000599980354309082,True,848110,3.5,RAJ2000,DEJ2000,z,True
974429,2,153855.38+124748.1_974429_0.003,150.3988190288607,2.78345640352265,0.7365000247955322,vizier,zCOSMOS_Lilly2007,J/ApJS/172/70/zcosmos3,1,150.398819,2.783472,0.056147414364439284,0.7358999848365784,-0.0006000399589538574,True,844509,3.5,RAJ2000,DEJ2000,z,True
976117,3,155722.59+445854.4_976117_0.001,150.3697892159422,2.7853693775789434,0.3490999937057495,vizier,COSMOS_Ilbert2013_zspec,J/ApJS/206/8,1,150.3698,2.7853751,0.043909283980871266,0.3491,6.29425050968635e-09,True,844649,4.5,RAJ2000,DEJ2000,zsp,True
976545,1,085657.01+644055.4_976545_0.01,150.6660606911139,2.787167793254875,0.35920000076293945,vizier,zCOSMOS_Lilly2007,J/ApJS/172/70/zcosmos3,1,150.666046,2.787173,0.05605243877747455,0.3587000072002411,-0.0004999935626983643,True,843143,4.5,RAJ2000,DEJ2000,z,True
978022,2,142951.36+212410.0_978022_0.0001,150.33234680518484,2.7888816103218654,0.7293999791145325,vizier,zCOSMOS_Lilly2007,J/ApJS/172/70/zcosmos3,1,150.332352,2.788897,0.058466971497355504,0.7287999987602234,-0.000599980354309082,True,844857,3.5,RAJ2000,DEJ2000,z,True
980249,8,083141.59+140218.8_980249_0.0003,149.99804951358735,2.792895835542484,0.7885000109672546,vizier,zCOSMOS_Lilly2007,J/ApJS/172/70/zcosmos3,1,149.998047,2.792892,0.016502969700991653,0.7878999710083008,-0.0006000399589538574,True,846575,3.5,RAJ2000,DEJ2000,z,True
980553,3,102603.44+635242.3_980553_0.001,149.74519805958303,2.7939040754204827,0.4884999990463257,vizier,COSMOS_Ilbert2013_zspec,J/ApJS/206/8,1,149.74519,2.7939208,0.06681992814179616,nan,nan,,,,RAJ2000,DEJ2000,zsp,True
980686,3,153506.65+464145.3_980686_0.3,150.32042911946954,2.7936956818030247,0.47130000591278076,vizier,zCOSMOS_Lilly2007,J/ApJS/172/70/zcosmos3,1,150.320435,2.793702,0.03105573390510827,0.4708000123500824,-0.0004999935626983643,True,850480,4.5,RAJ2000,DEJ2000,z,True
980692,2,082339.93+515604.3_980692_0.001,150.50084254895555,2.7938441884770446,0.7263000011444092,vizier,zCOSMOS_Lilly2007,J/ApJS/172/70/zcosmos3,1,150.500839,2.79383,0.052648451379145415,0.7257000207901001,-0.000599980354309082,True,849965,3.5,RAJ2000,DEJ2000,z,True
980974,1,154511.29+223856.0_980974_0.01,150.51794019271753,2.793360805045893,0.2176000028848648,vizier,zCOSMOS_Lilly2007,J/ApJS/172/70/zcosmos3,1,150.517929,2.793355,0.045348277134127694,0.21719999611377716,-0.0004000067710876465,True,849908,4.5,RAJ2000,DEJ2000,z,True
981058,3,094640.99+481947.5_981058_0.3,149.8545226874996,2.793202572198177,0.4383000135421753,vizier,zCOSMOS_Lilly2007,J/ApJS/172/70/zcosmos3,1,149.854507,2.793196,0.06116897037260145,0.43779999017715454,-0.000500023365020752,True,851854,4.5,RAJ2000,DEJ2000,z,True
981172,1,150348.33+193941.3_981172_0.0001,149.6695503561634,2.7944667651758386,0.3449000120162964,vizier,zCOSMOS_Lilly2007,J/ApJS/172/70/zcosmos3,1,149.669556,2.794459,0.03454408451036251,0.34450000524520874,-0.0004000067710876465,True,852411,3.5,RAJ2000,DEJ2000,z,True
981290,3,135921.57+082116.1_981290_0.003,150.75143293025945,2.794969376043258,0.611299991607666,vizier,zCOSMOS_Lilly2007,J/ApJS/172/70/zcosmos3,1,150.751419,2.794954,0.07465235479718282,0.61080002784729,-0.0004999637603759766,True,849272,4.5,RAJ2000,DEJ2000,z,True
981504,5,080310.58+293233.7_981504_0.003,149.85149965631547,2.7936558995569905,0.3294999897480011,vizier,zCOSMOS_Lilly2007,J/ApJS/172/70/zcosmos3,1,149.851486,2.793649,0.05502889628988361,0.32910001277923584,-0.0003999769687652588,True,851861,4.5,RAJ2000,DEJ2000,z,True
982366,4,151310.54+161057.4_982366_0.0001,149.77127764048316,2.7953106697366863,0.4934999942779541,vizier,zCOSMOS_Lilly2007,J/ApJS/172/70/zcosmos3,1,149.771255,2.795291,0.10789620539995248,0.49300000071525574,-0.0004999935626983643,True,852127,3.5,RAJ2000,DEJ2000,z,True
982962,6,140805.07+122421.0_982962_1,149.77968962033566,2.7974474601170756,0.41850000619888306,vizier,zCOSMOS_Lilly2007,J/ApJS/172/70/zcosmos3,1,149.779678,2.797426,0.08783167740037577,0.4180000126361847,-0.0004999935626983643,True,852096,3.5,RAJ2000,DEJ2000,z,True
984310,2,100400.92+524242.3_984310_1,149.69657197249555,2.7962413300899818,0.2215999960899353,vizier,COSMOS_Ilbert2013_zspec,J/ApJS/206/8,1,149.69656,2.7962406,0.04312982462982455,0.2216,3.910064688694703e-09,True,852344,4.5,RAJ2000,DEJ2000,zsp,True
985404,2,031027.82-004950.7_985404_0.0003,149.8525610230275,2.8033530130836555,0.08009999990463257,vizier,zCOSMOS_Lilly2007,J/ApJS/172/70/zcosmos3,1,149.852554,2.803325,0.10396073188955926,0.07970000058412552,-0.00039999932050704956,True,851859,4.5,RAJ2000,DEJ2000,z,True
986119,3,080504.05+120540.3_986119_0.1,149.89839589757918,2.802547016653174,0.33079999685287476,vizier,zCOSMOS_Lilly2007,J/ApJS/172/70/zcosmos3,1,149.898376,2.802535,0.08360740378901553,0.3303999900817871,-0.0004000067710876465,True,851744,4.5,RAJ2000,DEJ2000,z,True
986942,5,151443.84+174045.6_986942_0.1,150.43189178047348,2.802628172187391,0.6248000264167786,vizier,zCOSMOS_Lilly2007,J/ApJS/172/70/zcosmos3,1,150.431885,2.802607,0.08002423673810667,0.6243000030517578,-0.000500023365020752,True,850140,3.5,RAJ2000,DEJ2000,z,True
987307,47,134943.91+014007.3_987307_0.003,149.75174632581727,2.805458600974125,0.7419999837875366,vizier,COSMOS_Ilbert2013_zspec,J/ApJS/206/8,1,149.75174,2.8055379,0.2863812015844691,nan,nan,,,,RAJ2000,DEJ2000,zsp,True
988031,2,075923.46+201042.8_988031_0.1,150.76313797736518,2.8040947839422135,0.6930000185966492,vizier,zCOSMOS_Lilly2007,J/ApJS/172/70/zcosmos3,1,150.763138,2.804072,0.08202223234715766,0.6923999786376953,-0.0006000399589538574,True,849238,4.5,RAJ2000,DEJ2000,z,True
988099,1,081831.72+241840.7_988099_0.01,149.67237171726202,2.806057762979767,1.3209999799728394,vizier,COSMOS_Ilbert2013_zspec,J/ApJS/206/8,1,149.67236,2.8060453,0.06154747791436016,nan,nan,,,,RAJ2000,DEJ2000,zsp,True
988150,3,174233.83+544131.9_988150_0.001,150.0421357797251,2.80549107671105,0.6977999806404114,vizier,zCOSMOS_Lilly2007,J/ApJS/172/70/zcosmos3,1,150.04213,2.805473,0.06831398907168652,0.6972000002861023,-0.000599980354309082,True,851350,3.5,RAJ2000,DEJ2000,z,True
988721,44,035952.25-045550.7_988721_0.001,149.89493205223434,2.806496201556472,1.2799999713897705,vizier,COSMOS_Ilbert2013_zspec,J/ApJS/206/8,1,149.89491,2.8064983,0.07965187372159463,nan,nan,,,,RAJ2000,DEJ2000,zsp,True
989515,4,164701.09+452052.0_989515_0.0001,149.6685064637913,2.807247003204398,0.7419999837875366,vizier,COSMOS_Ilbert2013_zspec,J/ApJS/206/8,1,149.66853,2.8072398,0.08851246528671936,nan,nan,,,,RAJ2000,DEJ2000,zsp,True
989931,1,165158.61+432508.7_989931_0.0001,150.7675248069484,2.808394187767041,0.848800003528595,vizier,zCOSMOS_Lilly2007,J/ApJS/172/70/zcosmos3,1,150.767517,2.808385,0.04338219473622983,0.8482000231742859,-0.000599980354309082,True,849222,4.5,RAJ2000,DEJ2000,z,True
990296,5,144303.36+260329.8_990296_0.1,150.13631342552,2.808894942383781,0.26010000705718994,vizier,zCOSMOS_Lilly2007,J/ApJS/172/70/zcosmos3,1,150.136322,2.808871,0.09154077915704158,0.2597000002861023,-0.0004000067710876465,True,851085,4.5,RAJ2000,DEJ2000,z,True
992012,2,153725.39+291843.9_992012_0.01,150.40870159170709,2.810865173946814,0.7702000141143799,vizier,zCOSMOS_Lilly2007,J/ApJS/172/70/zcosmos3,1,150.408707,2.810851,0.054606204581946274,0.769599974155426,-0.0006000399589538574,True,850199,3.5,RAJ2000,DEJ2000,z,True
992443,4,165638.97+265120.1_992443_0.3,150.1218465803809,2.8113704467685956,0.6977999806404114,vizier,zCOSMOS_Lilly2007,J/ApJS/172/70/zcosmos3,1,150.121841,2.811356,0.055744795028613625,0.6972000002861023,-0.000599980354309082,True,851131,3.5,RAJ2000,DEJ2000,z,True
992890,2,164957.16+285854.4_992890_0.0003,150.01822932462588,2.8125511874092215,0.6779999732971191,vizier,zCOSMOS_Lilly2007,J/ApJS/172/70/zcosmos3,1,150.018234,2.812536,0.0572008045018101,0.6773999929428101,-0.000599980354309082,True,851412,3.5,RAJ2000,DEJ2000,z,True
